ACL	class	drb/acl	Object			-
ARGF	object	_builtin	ARGF.class			-
ARGF.class	class	_builtin	Object	Enumerable		-
Abbrev	module	abbrev	-			-
Addrinfo	class	socket	Object			-
ArgumentError	class	_builtin	StandardError			-
Array	class	_builtin	Object	Enumerable		-
Base64	module	base64	-			-
BasicObject	class	_builtin	-			-
BasicSocket	class	socket	IO			-
Benchmark	module	benchmark	-			-
Benchmark::Job	class	benchmark	Object			-
Benchmark::Report	class	benchmark	Object			-
Benchmark::Tms	class	benchmark	Object			-
BigDecimal	class	bigdecimal	Numeric			-
BigMath	module	bigdecimal	-			-
Binding	class	_builtin	Object			-
CGI	class	cgi/core	Object	CGI::QueryExtension		-
CGI::Cookie	class	cgi/cookie	Array			-
CGI::Html3	module	cgi/html	-			-
CGI::Html4	module	cgi/html	-			-
CGI::Html4Fr	module	cgi/html	-			-
CGI::Html4Tr	module	cgi/html	-			-
CGI::HtmlExtension	module	cgi/html	-			-
CGI::InvalidEncoding	class	cgi/core	Exception			-
CGI::QueryExtension	module	cgi/core	-			-
CGI::QueryExtension::Value	module	cgi/core	-			-
CGI::Session	class	cgi/session	Object			-
CGI::Session::FileStore	class	cgi/session	Object			-
CGI::Session::MemoryStore	class	cgi/session	Object			-
CGI::Session::NoSession	class	cgi/session	RuntimeError			-
CGI::Session::NullStore	class	cgi/session	Object			-
CGI::Session::PStore	class	cgi/session/pstore	Object			-
CGI::TagMaker	module	cgi/html	-			-
CSV	class	csv	Object	Enumerable	Forwardable	-
CSV::FieldInfo	class	csv	Struct			-
CSV::MalformedCSVError	class	csv	RuntimeError			-
CSV::Row	class	csv	Object	Enumerable	Forwardable	-
CSV::Table	class	csv	Object	Enumerable	Forwardable	-
Class	class	_builtin	Module			-
ClosedQueueError	class	_builtin	StopIteration			-
Comparable	module	_builtin	-			-
Complex	class	_builtin	Numeric			-
ConditionVariable	class	_builtin	Object			Thread::ConditionVariable
Continuation	class	continuation	Object			-
Coverage	class	coverage	Object			-
DRb	module	drb	-			-
DRb::DRbBadScheme	class	drb	DRb::DRbError			-
DRb::DRbBadURI	class	drb	DRb::DRbError			-
DRb::DRbConnError	class	drb	DRb::DRbError			-
DRb::DRbError	class	drb	RuntimeError			-
DRb::DRbIdConv	class	drb	Object			-
DRb::DRbObject	class	drb	Object			-
DRb::DRbObservable	module	drb/observer	-	Observable		-
DRb::DRbProtocol	module	drb	-			-
DRb::DRbRemoteError	class	drb	DRb::DRbError			-
DRb::DRbServer	class	drb	Object			-
DRb::DRbServerNotFound	class	drb	DRb::DRbError			-
DRb::DRbUNIXSocket	class	drb/unix	Object			-
DRb::DRbUndumped	module	drb	-			-
DRb::DRbUnknown	class	drb	Object			-
DRb::DRbUnknownError	class	drb	DRb::DRbError			-
DRb::ExtServ	class	drb/extserv	Object	DRb::DRbUndumped		-
DRb::ExtServManager	class	drb/extservm	Object			-
DRb::GW	class	drb/gw	Object			-
DRb::GWIdConv	class	drb/gw	DRb::DRbIdConv			-
DRb::TimerIdConv	class	drb/timeridconv	DRb::DRbIdConv			-
DRbIdConv	class	drb	Object			DRb::DRbIdConv
DRbObject	class	drb	Object			DRb::DRbObject
DRbUndumped	module	drb	-			DRb::DRbUndumped
Data	class	_builtin	Object			-
Date	class	date	Object	Comparable		-
Date::Error	class	date	ArgumentError			-
DateTime	class	date	Date			-
Delegator	class	delegate	Object			-
Digest	module	digest	-			-
Digest::Base	class	digest	Digest::Class	Digest::Instance		-
Digest::Class	class	digest	Object			-
Digest::Instance	module	digest	-			-
Digest::MD5	class	digest/md5	Digest::Base			-
Digest::RMD160	class	digest/rmd160	Digest::Base			-
Digest::SHA1	class	digest/sha1	Digest::Base			-
Digest::SHA2	class	digest/sha2	Digest::Class			-
Digest::SHA256	class	digest/sha2	Digest::Base			-
Digest::SHA384	class	digest/sha2	Digest::Base			-
Digest::SHA512	class	digest/sha2	Digest::Base			-
Dir	class	_builtin	Object	Enumerable		-
ENV	object	_builtin	-		Enumerable	-
EOFError	class	_builtin	IOError			-
ERB	class	erb	Object			-
ERB::DefMethod	module	erb	-			-
ERB::Util	module	erb	-			-
Encoding	class	_builtin	Object			-
Encoding::CompatibilityError	class	_builtin	EncodingError			-
Encoding::Converter	class	_builtin	Object			-
Encoding::ConverterNotFoundError	class	_builtin	EncodingError			-
Encoding::InvalidByteSequenceError	class	_builtin	EncodingError			-
Encoding::UndefinedConversionError	class	_builtin	EncodingError			-
EncodingError	class	_builtin	StandardError			-
Enumerable	module	_builtin	-			-
Enumerator	class	_builtin	Object	Enumerable		-
Enumerator::ArithmeticSequence	class	_builtin	Enumerator			-
Enumerator::Chain	class	_builtin	Enumerator			-
Enumerator::Generator	class	_builtin	Object			-
Enumerator::Lazy	class	_builtin	Enumerator			-
Enumerator::Product	class	_builtin	Enumerator			-
Enumerator::Yielder	class	_builtin	Object			-
Errno	module	_builtin	-			-
Errno::E2BIG	class	_builtin	SystemCallError			-
Errno::EACCES	class	_builtin	SystemCallError			-
Errno::EADDRINUSE	class	_builtin	SystemCallError			-
Errno::EADDRNOTAVAIL	class	_builtin	SystemCallError			-
Errno::EADV	class	_builtin	SystemCallError			-
Errno::EAFNOSUPPORT	class	_builtin	SystemCallError			-
Errno::EAGAIN	class	_builtin	SystemCallError			-
Errno::EALREADY	class	_builtin	SystemCallError			-
Errno::EAUTH	class	_builtin	SystemCallError			-
Errno::EBADE	class	_builtin	SystemCallError			-
Errno::EBADF	class	_builtin	SystemCallError			-
Errno::EBADFD	class	_builtin	SystemCallError			-
Errno::EBADMSG	class	_builtin	SystemCallError			-
Errno::EBADR	class	_builtin	SystemCallError			-
Errno::EBADRPC	class	_builtin	SystemCallError			-
Errno::EBADRQC	class	_builtin	SystemCallError			-
Errno::EBADSLT	class	_builtin	SystemCallError			-
Errno::EBFONT	class	_builtin	SystemCallError			-
Errno::EBUSY	class	_builtin	SystemCallError			-
Errno::ECANCELED	class	_builtin	SystemCallError			-
Errno::ECAPMODE	class	_builtin	SystemCallError			-
Errno::ECHILD	class	_builtin	SystemCallError			-
Errno::ECHRNG	class	_builtin	SystemCallError			-
Errno::ECOMM	class	_builtin	SystemCallError			-
Errno::ECONNABORTED	class	_builtin	SystemCallError			-
Errno::ECONNREFUSED	class	_builtin	SystemCallError			-
Errno::ECONNRESET	class	_builtin	SystemCallError			-
Errno::EDEADLK	class	_builtin	SystemCallError			-
Errno::EDEADLOCK	class	_builtin	SystemCallError			-
Errno::EDESTADDRREQ	class	_builtin	SystemCallError			-
Errno::EDOM	class	_builtin	SystemCallError			-
Errno::EDOOFUS	class	_builtin	SystemCallError			-
Errno::EDOTDOT	class	_builtin	SystemCallError			-
Errno::EDQUOT	class	_builtin	SystemCallError			-
Errno::EEXIST	class	_builtin	SystemCallError			-
Errno::EFAULT	class	_builtin	SystemCallError			-
Errno::EFBIG	class	_builtin	SystemCallError			-
Errno::EFTYPE	class	_builtin	SystemCallError			-
Errno::EHOSTDOWN	class	_builtin	SystemCallError			-
Errno::EHOSTUNREACH	class	_builtin	SystemCallError			-
Errno::EHWPOISON	class	_builtin	SystemCallError			-
Errno::EIDRM	class	_builtin	SystemCallError			-
Errno::EILSEQ	class	_builtin	SystemCallError			-
Errno::EINPROGRESS	class	_builtin	SystemCallError			-
Errno::EINTR	class	_builtin	SystemCallError			-
Errno::EINVAL	class	_builtin	SystemCallError			-
Errno::EIO	class	_builtin	SystemCallError			-
Errno::EIPSEC	class	_builtin	SystemCallError			-
Errno::EISCONN	class	_builtin	SystemCallError			-
Errno::EISDIR	class	_builtin	SystemCallError			-
Errno::EISNAM	class	_builtin	SystemCallError			-
Errno::EKEYEXPIRED	class	_builtin	SystemCallError			-
Errno::EKEYREJECTED	class	_builtin	SystemCallError			-
Errno::EKEYREVOKED	class	_builtin	SystemCallError			-
Errno::EL2HLT	class	_builtin	SystemCallError			-
Errno::EL2NSYNC	class	_builtin	SystemCallError			-
Errno::EL3HLT	class	_builtin	SystemCallError			-
Errno::EL3RST	class	_builtin	SystemCallError			-
Errno::ELIBACC	class	_builtin	SystemCallError			-
Errno::ELIBBAD	class	_builtin	SystemCallError			-
Errno::ELIBEXEC	class	_builtin	SystemCallError			-
Errno::ELIBMAX	class	_builtin	SystemCallError			-
Errno::ELIBSCN	class	_builtin	SystemCallError			-
Errno::ELNRNG	class	_builtin	SystemCallError			-
Errno::ELOOP	class	_builtin	SystemCallError			-
Errno::EMEDIUMTYPE	class	_builtin	SystemCallError			-
Errno::EMFILE	class	_builtin	SystemCallError			-
Errno::EMLINK	class	_builtin	SystemCallError			-
Errno::EMSGSIZE	class	_builtin	SystemCallError			-
Errno::EMULTIHOP	class	_builtin	SystemCallError			-
Errno::ENAMETOOLONG	class	_builtin	SystemCallError			-
Errno::ENAVAIL	class	_builtin	SystemCallError			-
Errno::ENEEDAUTH	class	_builtin	SystemCallError			-
Errno::ENETDOWN	class	_builtin	SystemCallError			-
Errno::ENETRESET	class	_builtin	SystemCallError			-
Errno::ENETUNREACH	class	_builtin	SystemCallError			-
Errno::ENFILE	class	_builtin	SystemCallError			-
Errno::ENOANO	class	_builtin	SystemCallError			-
Errno::ENOATTR	class	_builtin	SystemCallError			-
Errno::ENOBUFS	class	_builtin	SystemCallError			-
Errno::ENOCSI	class	_builtin	SystemCallError			-
Errno::ENODATA	class	_builtin	SystemCallError			-
Errno::ENODEV	class	_builtin	SystemCallError			-
Errno::ENOENT	class	_builtin	SystemCallError			-
Errno::ENOEXEC	class	_builtin	SystemCallError			-
Errno::ENOKEY	class	_builtin	SystemCallError			-
Errno::ENOLCK	class	_builtin	SystemCallError			-
Errno::ENOLINK	class	_builtin	SystemCallError			-
Errno::ENOMEDIUM	class	_builtin	SystemCallError			-
Errno::ENOMEM	class	_builtin	SystemCallError			-
Errno::ENOMSG	class	_builtin	SystemCallError			-
Errno::ENONET	class	_builtin	SystemCallError			-
Errno::ENOPKG	class	_builtin	SystemCallError			-
Errno::ENOPROTOOPT	class	_builtin	SystemCallError			-
Errno::ENOSPC	class	_builtin	SystemCallError			-
Errno::ENOSR	class	_builtin	SystemCallError			-
Errno::ENOSTR	class	_builtin	SystemCallError			-
Errno::ENOSYS	class	_builtin	SystemCallError			-
Errno::ENOTBLK	class	_builtin	SystemCallError			-
Errno::ENOTCAPABLE	class	_builtin	SystemCallError			-
Errno::ENOTCONN	class	_builtin	SystemCallError			-
Errno::ENOTDIR	class	_builtin	SystemCallError			-
Errno::ENOTEMPTY	class	_builtin	SystemCallError			-
Errno::ENOTNAM	class	_builtin	SystemCallError			-
Errno::ENOTRECOVERABLE	class	_builtin	SystemCallError			-
Errno::ENOTSOCK	class	_builtin	SystemCallError			-
Errno::ENOTSUP	class	_builtin	SystemCallError			-
Errno::ENOTTY	class	_builtin	SystemCallError			-
Errno::ENOTUNIQ	class	_builtin	SystemCallError			-
Errno::ENXIO	class	_builtin	SystemCallError			-
Errno::EOPNOTSUPP	class	_builtin	SystemCallError			-
Errno::EOVERFLOW	class	_builtin	SystemCallError			-
Errno::EOWNERDEAD	class	_builtin	SystemCallError			-
Errno::EPERM	class	_builtin	SystemCallError			-
Errno::EPFNOSUPPORT	class	_builtin	SystemCallError			-
Errno::EPIPE	class	_builtin	SystemCallError			-
Errno::EPROCLIM	class	_builtin	SystemCallError			-
Errno::EPROCUNAVAIL	class	_builtin	SystemCallError			-
Errno::EPROGMISMATCH	class	_builtin	SystemCallError			-
Errno::EPROGUNAVAIL	class	_builtin	SystemCallError			-
Errno::EPROTO	class	_builtin	SystemCallError			-
Errno::EPROTONOSUPPORT	class	_builtin	SystemCallError			-
Errno::EPROTOTYPE	class	_builtin	SystemCallError			-
Errno::ERANGE	class	_builtin	SystemCallError			-
Errno::EREMCHG	class	_builtin	SystemCallError			-
Errno::EREMOTE	class	_builtin	SystemCallError			-
Errno::EREMOTEIO	class	_builtin	SystemCallError			-
Errno::ERESTART	class	_builtin	SystemCallError			-
Errno::ERFKILL	class	_builtin	SystemCallError			-
Errno::EROFS	class	_builtin	SystemCallError			-
Errno::ERPCMISMATCH	class	_builtin	SystemCallError			-
Errno::ESHUTDOWN	class	_builtin	SystemCallError			-
Errno::ESOCKTNOSUPPORT	class	_builtin	SystemCallError			-
Errno::ESPIPE	class	_builtin	SystemCallError			-
Errno::ESRCH	class	_builtin	SystemCallError			-
Errno::ESRMNT	class	_builtin	SystemCallError			-
Errno::ESTALE	class	_builtin	SystemCallError			-
Errno::ESTRPIPE	class	_builtin	SystemCallError			-
Errno::ETIME	class	_builtin	SystemCallError			-
Errno::ETIMEDOUT	class	_builtin	SystemCallError			-
Errno::ETOOMANYREFS	class	_builtin	SystemCallError			-
Errno::ETXTBSY	class	_builtin	SystemCallError			-
Errno::EUCLEAN	class	_builtin	SystemCallError			-
Errno::EUNATCH	class	_builtin	SystemCallError			-
Errno::EUSERS	class	_builtin	SystemCallError			-
Errno::EWOULDBLOCK	class	_builtin	SystemCallError			-
Errno::EXDEV	class	_builtin	SystemCallError			-
Errno::EXFULL	class	_builtin	SystemCallError			-
Errno::EXXX	class	_builtin	SystemCallError			-
Errno::NOERROR	class	_builtin	SystemCallError			-
Etc	module	etc	-			-
Etc::Group	class	etc	Struct			-
Etc::Passwd	class	etc	Struct			-
Exception	class	_builtin	Object			-
ExceptionForMatrix::ErrDimensionMismatch	class	matrix	StandardError			-
ExceptionForMatrix::ErrNotRegular	class	matrix	StandardError			-
ExceptionForMatrix::ErrOperationNotDefined	class	matrix	StandardError			-
FalseClass	class	_builtin	Object			-
Fcntl	module	fcntl	-			-
Fiber	class	_builtin	Object			-
FiberError	class	_builtin	StandardError			-
Fiddle	module	fiddle	-			-
Fiddle::BasicTypes	module	fiddle/types	-			-
Fiddle::CStruct	class	fiddle/import	Object			-
Fiddle::CUnion	class	fiddle/import	Object			-
Fiddle::Closure	class	fiddle	Object			-
Fiddle::Closure::BlockCaller	class	fiddle	Fiddle::Closure			-
Fiddle::DLError	class	fiddle	StandardError			-
Fiddle::Function	class	fiddle	Object			-
Fiddle::Handle	class	fiddle	Object			-
Fiddle::Importer	module	fiddle/import	-			-
Fiddle::MemoryView	class	fiddle	Object			-
Fiddle::Pointer	class	fiddle	Object			-
Fiddle::Win32Types	module	fiddle/types	-			-
File	class	_builtin	IO			-
File::Constants	module	_builtin	-			-
File::Stat	class	_builtin	Object	Comparable		-
FileList	class	rake	Object			Rake::FileList
FileTest	module	_builtin	-			-
FileUtils	module	fileutils	-			-
FileUtils::DryRun	module	fileutils	-	FileUtils		-
FileUtils::NoWrite	module	fileutils	-	FileUtils		-
FileUtils::Verbose	module	fileutils	-	FileUtils		-
Find	module	find	-			-
Float	class	_builtin	Numeric			-
FloatDomainError	class	_builtin	RangeError			-
Forwardable	module	forwardable	-			-
FrozenError	class	_builtin	RuntimeError			-
GC	module	_builtin	-			-
GC::Profiler	module	_builtin	-			-
Gem	module	rubygems	-			-
Gem::Command	class	rubygems/command	Object	Gem::UserInteraction		-
Gem::CommandLineError	class	rubygems/exceptions	Gem::Exception			-
Gem::CommandManager	class	rubygems/command_manager	Object	Gem::UserInteraction		-
Gem::Commands::BuildCommand	class	rubygems/commands/build_command	Gem::Command			-
Gem::Commands::CertCommand	class	rubygems/commands/cert_command	Gem::Command			-
Gem::Commands::CheckCommand	class	rubygems/commands/check_command	Gem::Command			-
Gem::Commands::CleanupCommand	class	rubygems/commands/cleanup_command	Gem::Command			-
Gem::Commands::ContentsCommand	class	rubygems/commands/contents_command	Gem::Command	Gem::VersionOption		-
Gem::Commands::DependencyCommand	class	rubygems/commands/dependency_command	Gem::Command	Gem::LocalRemoteOptions,Gem::VersionOption		-
Gem::Commands::EnvironmentCommand	class	rubygems/commands/environment_command	Gem::Command			-
Gem::Commands::FetchCommand	class	rubygems/commands/fetch_command	Gem::Command	Gem::LocalRemoteOptions,Gem::VersionOption		-
Gem::Commands::GenerateIndexCommand	class	rubygems/commands/generate_index_command	Gem::Command			-
Gem::Commands::HelpCommand	class	rubygems/commands/help_command	Gem::Command			-
Gem::Commands::InstallCommand	class	rubygems/commands/install_command	Gem::Command	Gem::VersionOption,Gem::LocalRemoteOptions,Gem::InstallUpdateOptions		-
Gem::Commands::ListCommand	class	rubygems/commands/list_command	Gem::Commands::QueryCommand			-
Gem::Commands::LockCommand	class	rubygems/commands/lock_command	Gem::Command			-
Gem::Commands::MirrorCommand	class	rubygems/commands/mirror_command	Gem::Command			-
Gem::Commands::OutdatedCommand	class	rubygems/commands/outdated_command	Gem::Command			-
Gem::Commands::PristineCommand	class	rubygems/commands/pristine_command	Gem::Command	Gem::VersionOption		-
Gem::Commands::QueryCommand	class	rubygems/commands/query_command	Gem::Command			-
Gem::Commands::RdocCommand	class	rubygems/commands/rdoc_command	Gem::Command			-
Gem::Commands::SearchCommand	class	rubygems/commands/search_command	Gem::Commands::QueryCommand			-
Gem::Commands::ServerCommand	class	rubygems/commands/server_command	Gem::Command			-
Gem::Commands::SourcesCommand	class	rubygems/commands/sources_command	Gem::Command			-
Gem::Commands::SpecificationCommand	class	rubygems/commands/specification_command	Gem::Command	Gem::LocalRemoteOptions,Gem::VersionOption		-
Gem::Commands::StaleCommand	class	rubygems/commands/stale_command	Gem::Command			-
Gem::Commands::UninstallCommand	class	rubygems/commands/uninstall_command	Gem::Command	Gem::VersionOption		-
Gem::Commands::UnpackCommand	class	rubygems/commands/unpack_command	Gem::Command	Gem::VersionOption		-
Gem::Commands::UpdateCommand	class	rubygems/commands/update_command	Gem::Command	Gem::InstallUpdateOptions,Gem::LocalRemoteOptions,Gem::VersionOption		-
Gem::Commands::WhichCommand	class	rubygems/commands/which_command	Gem::Command			-
Gem::ConfigFile	class	rubygems/config_file	Object			-
Gem::ConsoleUI	class	rubygems/user_interaction	Gem::StreamUI			-
Gem::DefaultUserInteraction	module	rubygems/user_interaction	-			-
Gem::Dependency	class	rubygems/dependency	Object			-
Gem::DependencyError	class	rubygems/exceptions	Gem::Exception			-
Gem::DependencyInstaller	class	rubygems/dependency_installer	Object	Gem::UserInteraction		-
Gem::DependencyList	class	rubygems/dependency_list	Object	TSort		-
Gem::DependencyRemovalException	class	rubygems/exceptions	Gem::Exception			-
Gem::DocumentError	class	rubygems/exceptions	Gem::Exception			-
Gem::EndOfYAMLException	class	rubygems/exceptions	Gem::Exception			-
Gem::Exception	class	rubygems/exceptions	RuntimeError			-
Gem::Ext	module	rubygems/ext	-			-
Gem::Ext::Builder	class	rubygems/ext/builder	Object			-
Gem::Ext::ConfigureBuilder	class	rubygems/ext/configure_builder	Gem::Ext::Builder			-
Gem::Ext::ExtConfBuilder	class	rubygems/ext/ext_conf_builder	Gem::Ext::Builder			-
Gem::Ext::RakeBuilder	class	rubygems/ext/rake_builder	Gem::Ext::Builder			-
Gem::FileOperations	class	rubygems/package	Object			-
Gem::FilePermissionError	class	rubygems/exceptions	Gem::Exception			-
Gem::FormatException	class	rubygems/exceptions	Gem::Exception			-
Gem::GemNotFoundException	class	rubygems/exceptions	Gem::Exception			-
Gem::GemNotInHomeException	class	rubygems/exceptions	Gem::Exception			-
Gem::GemRunner	class	rubygems/gem_runner	Object			-
Gem::InstallError	class	rubygems/exceptions	Gem::Exception			-
Gem::InstallUpdateOptions	module	rubygems/install_update_options	-			-
Gem::Installer	class	rubygems/installer	Object	Gem::UserInteraction,Gem::RequirePathsBuilder		-
Gem::Installer::ExtensionBuildError	class	rubygems/installer	Gem::InstallError			-
Gem::InvalidSpecificationException	class	rubygems/exceptions	Gem::Exception			-
Gem::LoadError	class	rubygems	LoadError			-
Gem::LocalRemoteOptions	module	rubygems/local_remote_options	-			-
Gem::OperationNotSupportedError	class	rubygems/exceptions	Gem::Exception			-
Gem::Package	module	rubygems/package	-			-
Gem::Package::BadCheckSum	class	rubygems/package	Gem::Package::Error			-
Gem::Package::ClosedIO	class	rubygems/package	Gem::Package::Error			-
Gem::Package::Error	class	rubygems/package	StandardError			-
Gem::Package::FormatError	class	rubygems/package	Gem::Package::Error			-
Gem::Package::NonSeekableIO	class	rubygems/package	Gem::Package::Error			-
Gem::Package::TarHeader	class	rubygems/package/tar_header	Object			-
Gem::Package::TarReader	class	rubygems/package/tar_reader	Object	Gem::Package		-
Gem::Package::TarReader::Entry	class	rubygems/package/tar_reader/entry	Object			-
Gem::Package::TarReader::UnexpectedEOF	class	rubygems/package/tar_reader	StandardError			-
Gem::Package::TarWriter	class	rubygems/package/tar_writer	Object			-
Gem::Package::TarWriter::BoundedStream	class	rubygems/package/tar_writer	Object			-
Gem::Package::TarWriter::FileOverflow	class	rubygems/package/tar_writer	StandardError			-
Gem::Package::TarWriter::RestrictedStream	class	rubygems/package/tar_writer	Object			-
Gem::Package::TooLongFileName	class	rubygems/package	Gem::Package::Error			-
Gem::Platform	class	rubygems/platform	Object			-
Gem::RemoteError	class	rubygems/exceptions	Gem::Exception			-
Gem::RemoteFetcher	class	rubygems/remote_fetcher	Object	Gem::UserInteraction		-
Gem::RemoteFetcher::FetchError	class	rubygems/remote_fetcher	Gem::Exception			-
Gem::RemoteInstallationCancelled	class	rubygems/exceptions	Gem::Exception			-
Gem::RemoteInstallationSkipped	class	rubygems/exceptions	Gem::Exception			-
Gem::RemoteSourceException	class	rubygems/exceptions	Gem::Exception			-
Gem::Requirement	class	rubygems/requirement	Object	Comparable		-
Gem::Security	module	rubygems/security	-			-
Gem::Security::Exception	class	rubygems/security	Gem::Exception			-
Gem::Security::Policy	class	rubygems/security	Object			-
Gem::Security::Signer	class	rubygems/security	Object			-
Gem::SilentUI	class	rubygems/user_interaction	Object			-
Gem::SpecFetcher	class	rubygems/spec_fetcher	Object	Gem::UserInteraction		-
Gem::Specification	class	rubygems/specification	Object			-
Gem::StreamUI	class	rubygems/user_interaction	Object			-
Gem::StreamUI::SilentProgressReporter	class	rubygems/user_interaction	Object			-
Gem::StreamUI::SimpleProgressReporter	class	rubygems/user_interaction	Object			-
Gem::StreamUI::VerboseProgressReporter	class	rubygems/user_interaction	Object			-
Gem::SystemExitException	class	rubygems/exceptions	SystemExit			-
Gem::Uninstaller	class	rubygems/uninstaller	Object	Gem::UserInteraction		-
Gem::UserInteraction	module	rubygems/user_interaction	-	Gem::DefaultUserInteraction		-
Gem::Validator	class	rubygems/validator	Object			-
Gem::VerificationError	class	rubygems/exceptions	Gem::Exception			-
Gem::Version	class	rubygems/version	Object	Comparable		-
Gem::Version::Requirement	class	rubygems/requirement	Object			Gem::Requirement
Gem::VersionOption	module	rubygems/version_option	-			-
GetoptLong	class	getoptlong	Object			-
GetoptLong::AmbiguousOption	class	getoptlong	GetoptLong::Error			-
GetoptLong::Error	class	getoptlong	StandardError			-
GetoptLong::InvalidOption	class	getoptlong	GetoptLong::Error			-
GetoptLong::MissingArgument	class	getoptlong	GetoptLong::Error			-
GetoptLong::NeedlessArgument	class	getoptlong	GetoptLong::Error			-
HTTPSession	class	net/http	Object			Net::HTTP
Hash	class	_builtin	Object	Enumerable		-
IO	class	_builtin	Object	Enumerable,File::Constants		-
IO::Buffer	class	_builtin	Object	Comparable		-
IO::Buffer::AccessError	class	_builtin	RuntimeError			-
IO::Buffer::AllocationError	class	_builtin	RuntimeError			-
IO::Buffer::InvalidatedError	class	_builtin	RuntimeError			-
IO::Buffer::LockedError	class	_builtin	RuntimeError			-
IO::Buffer::MaskError	class	_builtin	ArgumentError			-
IO::EAGAINWaitReadable	class	_builtin	Errno::EAGAIN	IO::WaitReadable		-
IO::EAGAINWaitWritable	class	_builtin	Errno::EAGAIN	IO::WaitWritable		-
IO::EINPROGRESSWaitReadable	class	_builtin	Errno::EINPROGRESS	IO::WaitReadable		-
IO::EINPROGRESSWaitWritable	class	_builtin	Errno::EINPROGRESS	IO::WaitWritable		-
IO::TimeoutError	class	_builtin	IOError			-
IO::WaitReadable	module	_builtin	-			-
IO::WaitWritable	module	_builtin	-			-
IOError	class	_builtin	StandardError			-
IPAddr	class	ipaddr	Object			-
IPSocket	class	socket	BasicSocket			-
IRB	module	irb	-			-
IRB::Abort	class	irb	Exception			-
IRB::Completor	module	irb/completion	-			-
IRB::Context	class	irb/context	Object			-
IRB::FileInputMethod	class	irb/input-method	IRB::InputMethod			-
IRB::Frame	class	irb/frame	Object			-
IRB::InputMethod	class	irb/input-method	Object			-
IRB::Inspector	class	irb/inspector	Object			-
IRB::Inspector::INSPECTORS	object	irb/inspector	-			-
IRB::Irb	class	irb	Object			-
IRB::IrbLoader	module	irb/ext/loader	-			-
IRB::LoadAbort	class	irb/ext/loader	Exception			-
IRB::OutputMethod	class	irb/output-method	Object			-
IRB::ReadlineInputMethod	class	irb/input-method	IRB::InputMethod	Readline		-
IRB::RelineInputMethod	class	irb/input-method	IRB::StdioInputMethod			-
IRB::StdioInputMethod	class	irb/input-method	IRB::InputMethod			-
IRB::StdioOutputMethod	class	irb/output-method	IRB::OutputMethod			-
IRB::WorkSpace	class	irb/workspace	Object			-
IndexError	class	_builtin	StandardError			-
Integer	class	_builtin	Numeric			-
Interrupt	class	_builtin	SignalException			-
JSON	module	json	-			-
JSON::CircularDatastructure	class	json	JSON::GeneratorError			-
JSON::Ext::Generator::GeneratorMethods::Array	module	json	-			-
JSON::Ext::Generator::GeneratorMethods::FalseClass	module	json	-			-
JSON::Ext::Generator::GeneratorMethods::Float	module	json	-			-
JSON::Ext::Generator::GeneratorMethods::Hash	module	json	-			-
JSON::Ext::Generator::GeneratorMethods::Integer	module	json	-			-
JSON::Ext::Generator::GeneratorMethods::NilClass	module	json	-			-
JSON::Ext::Generator::GeneratorMethods::Object	module	json	-			-
JSON::Ext::Generator::GeneratorMethods::String	module	json	-			-
JSON::Ext::Generator::GeneratorMethods::String::Extend	module	json	-			-
JSON::Ext::Generator::GeneratorMethods::TrueClass	module	json	-			-
JSON::Ext::Generator::State	class	json	Object			JSON::State
JSON::Ext::Parser	class	json	Object			JSON::Parser
JSON::GeneratorError	class	json	JSON::JSONError			-
JSON::JSONError	class	json	StandardError			-
JSON::MissingUnicodeSupport	class	json	JSON::JSONError			-
JSON::NestingError	class	json	JSON::ParserError			-
JSON::Parser	class	json	Object			-
JSON::ParserError	class	json	JSON::JSONError			-
JSON::State	class	json	Object			-
JSON::UnparserError	class	json	JSON::JSONError			JSON::GeneratorError
Jacobian	module	bigdecimal/jacobian	-			-
Kconv	module	kconv	-			-
Kernel	module	_builtin	-			-
KeyError	class	_builtin	IndexError			-
LUSolve	module	bigdecimal/ludcmp	-			-
LoadError	class	_builtin	ScriptError			-
LocalJumpError	class	_builtin	StandardError			-
Logger	class	logger	Object	Logger::Severity		-
Logger::Error	class	logger	RuntimeError			-
Logger::Formatter	class	logger	Object			-
Logger::LogDevice	class	logger	Object			-
Logger::Severity	module	logger	-			-
Logger::ShiftingError	class	logger	Logger::Error			-
Marshal	module	_builtin	-			-
MatchData	class	_builtin	Object			-
Math	module	_builtin	-			-
Math::DomainError	class	_builtin	StandardError			-
Matrix	class	matrix	Object	Enumerable		-
Matrix::EigenvalueDecomposition	class	matrix	Object			-
Matrix::LUPDecomposition	class	matrix	Object			-
Method	class	_builtin	Object			-
Module	class	_builtin	Object			-
Monitor	class	monitor	Object			-
MonitorMixin	module	monitor	-			-
MonitorMixin::ConditionVariable	class	monitor	Object			-
Mutex	class	_builtin	Object			Thread::Mutex
Mutex_m	module	mutex_m	-			-
NKF	module	nkf	-			-
NameError	class	_builtin	StandardError			-
Net::APOP	class	net/pop	Net::POP3			-
Net::APOPSession	class	net/pop	Net::POP3			Net::APOP
Net::FTP	class	net/ftp	Object			-
Net::FTP::MLSxEntry	class	net/ftp	Object			-
Net::FTPConnectionError	class	net/ftp	Net::FTPError			-
Net::FTPError	class	net/ftp	StandardError			-
Net::FTPPermError	class	net/ftp	Net::FTPError			-
Net::FTPProtoError	class	net/ftp	Net::FTPError			-
Net::FTPReplyError	class	net/ftp	Net::FTPError			-
Net::FTPTempError	class	net/ftp	Net::FTPError			-
Net::HTTP	class	net/http	Object			-
Net::HTTP::Copy	class	net/http	Net::HTTPRequest			-
Net::HTTP::Delete	class	net/http	Net::HTTPRequest			-
Net::HTTP::Get	class	net/http	Net::HTTPRequest			-
Net::HTTP::Head	class	net/http	Net::HTTPRequest			-
Net::HTTP::Lock	class	net/http	Net::HTTPRequest			-
Net::HTTP::Mkcol	class	net/http	Net::HTTPRequest			-
Net::HTTP::Move	class	net/http	Net::HTTPRequest			-
Net::HTTP::Options	class	net/http	Net::HTTPRequest			-
Net::HTTP::Patch	class	net/http	Net::HTTPRequest			-
Net::HTTP::Post	class	net/http	Net::HTTPRequest			-
Net::HTTP::Propfind	class	net/http	Net::HTTPRequest			-
Net::HTTP::Proppatch	class	net/http	Net::HTTPRequest			-
Net::HTTP::Put	class	net/http	Net::HTTPRequest			-
Net::HTTP::Trace	class	net/http	Net::HTTPRequest			-
Net::HTTP::Unlock	class	net/http	Net::HTTPRequest			-
Net::HTTPAccepted	class	net/http	Net::HTTPSuccess			-
Net::HTTPAlreadyReported	class	net/http	Net::HTTPSuccess			-
Net::HTTPBadGateway	class	net/http	Net::HTTPServerError			-
Net::HTTPBadRequest	class	net/http	Net::HTTPClientError			-
Net::HTTPBadResponse	class	net/http	StandardError			-
Net::HTTPClientError	class	net/http	Net::HTTPResponse			-
Net::HTTPClientException	class	net/http	Net::ProtoServerError			Net::HTTPServerException
Net::HTTPConflict	class	net/http	Net::HTTPClientError			-
Net::HTTPContinue	class	net/http	Net::HTTPInformation			-
Net::HTTPCreated	class	net/http	Net::HTTPSuccess			-
Net::HTTPEarlyHints	class	net/http	Net::HTTPInformation			-
Net::HTTPError	class	net/http	Net::ProtocolError	Net::HTTPExceptions		-
Net::HTTPExceptions	module	net/http	-			-
Net::HTTPExpectationFailed	class	net/http	Net::HTTPClientError			-
Net::HTTPFailedDependency	class	net/http	Net::HTTPClientError			-
Net::HTTPFatalError	class	net/http	Net::ProtoFatalError	Net::HTTPExceptions		-
Net::HTTPForbidden	class	net/http	Net::HTTPClientError			-
Net::HTTPFound	class	net/http	Net::HTTPRedirection			-
Net::HTTPGatewayTimeOut	class	net/http	Net::HTTPServerError			Net::HTTPGatewayTimeout
Net::HTTPGatewayTimeout	class	net/http	Net::HTTPServerError			-
Net::HTTPGenericRequest	class	net/http	Object	Net::HTTPHeader		-
Net::HTTPGone	class	net/http	Net::HTTPClientError			-
Net::HTTPHeader	module	net/http	-			-
Net::HTTPHeaderSyntaxError	class	net/http	StandardError			-
Net::HTTPIMUsed	class	net/http	Net::HTTPSuccess			-
Net::HTTPInformation	class	net/http	Net::HTTPResponse			-
Net::HTTPInsufficientStorage	class	net/http	Net::HTTPServerError			-
Net::HTTPInternalServerError	class	net/http	Net::HTTPServerError			-
Net::HTTPLengthRequired	class	net/http	Net::HTTPClientError			-
Net::HTTPLocked	class	net/http	Net::HTTPClientError			-
Net::HTTPLoopDetected	class	net/http	Net::HTTPServerError			-
Net::HTTPMethodNotAllowed	class	net/http	Net::HTTPClientError			-
Net::HTTPMisdirectedRequest	class	net/http	Net::HTTPClientError			-
Net::HTTPMovedPermanently	class	net/http	Net::HTTPRedirection			-
Net::HTTPMovedTemporarily	class	net/http	Net::HTTPRedirection			Net::HTTPFound
Net::HTTPMultiStatus	class	net/http	Net::HTTPSuccess			-
Net::HTTPMultipleChoice	class	net/http	Net::HTTPRedirection			Net::HTTPMultipleChoices
Net::HTTPMultipleChoices	class	net/http	Net::HTTPRedirection			-
Net::HTTPNetworkAuthenticationRequired	class	net/http	Net::HTTPServerError			-
Net::HTTPNoContent	class	net/http	Net::HTTPSuccess			-
Net::HTTPNonAuthoritativeInformation	class	net/http	Net::HTTPSuccess			-
Net::HTTPNotAcceptable	class	net/http	Net::HTTPClientError			-
Net::HTTPNotExtended	class	net/http	Net::HTTPServerError			-
Net::HTTPNotFound	class	net/http	Net::HTTPClientError			-
Net::HTTPNotImplemented	class	net/http	Net::HTTPServerError			-
Net::HTTPNotModified	class	net/http	Net::HTTPRedirection			-
Net::HTTPOK	class	net/http	Net::HTTPSuccess			-
Net::HTTPPartialContent	class	net/http	Net::HTTPSuccess			-
Net::HTTPPayloadTooLarge	class	net/http	Net::HTTPClientError			-
Net::HTTPPaymentRequired	class	net/http	Net::HTTPClientError			-
Net::HTTPPermanentRedirect	class	net/http	Net::HTTPRedirection			-
Net::HTTPPreconditionFailed	class	net/http	Net::HTTPClientError			-
Net::HTTPPreconditionRequired	class	net/http	Net::HTTPClientError			-
Net::HTTPProcessing	class	net/http	Net::HTTPInformation			-
Net::HTTPProxyAuthenticationRequired	class	net/http	Net::HTTPClientError			-
Net::HTTPRangeNotSatisfiable	class	net/http	Net::HTTPClientError			-
Net::HTTPRedirection	class	net/http	Net::HTTPResponse			-
Net::HTTPRequest	class	net/http	Net::HTTPGenericRequest			-
Net::HTTPRequestEntityTooLarge	class	net/http	Net::HTTPClientError			Net::HTTPPayloadTooLarge
Net::HTTPRequestHeaderFieldsTooLarge	class	net/http	Net::HTTPClientError			-
Net::HTTPRequestTimeOut	class	net/http	Net::HTTPClientError			Net::HTTPRequestTimeout
Net::HTTPRequestTimeout	class	net/http	Net::HTTPClientError			-
Net::HTTPRequestURITooLarge	class	net/http	Net::HTTPClientError			Net::HTTPURITooLong
Net::HTTPRequestURITooLong	class	net/http	Net::HTTPClientError			Net::HTTPURITooLong
Net::HTTPRequestedRangeNotSatisfiable	class	net/http	Net::HTTPClientError			Net::HTTPRangeNotSatisfiable
Net::HTTPResetContent	class	net/http	Net::HTTPSuccess			-
Net::HTTPResponse	class	net/http	Object	Net::HTTPHeader		-
Net::HTTPRetriableError	class	net/http	Net::ProtoRetriableError	Net::HTTPExceptions		-
Net::HTTPSeeOther	class	net/http	Net::HTTPRedirection			-
Net::HTTPServerError	class	net/http	Net::HTTPResponse			-
Net::HTTPServerException	class	net/http	Net::ProtoServerError	Net::HTTPExceptions		-
Net::HTTPServiceUnavailable	class	net/http	Net::HTTPServerError			-
Net::HTTPSuccess	class	net/http	Net::HTTPResponse			-
Net::HTTPSwitchProtocol	class	net/http	Net::HTTPInformation			-
Net::HTTPTemporaryRedirect	class	net/http	Net::HTTPRedirection			-
Net::HTTPTooManyRequests	class	net/http	Net::HTTPClientError			-
Net::HTTPURITooLong	class	net/http	Net::HTTPClientError			-
Net::HTTPUnauthorized	class	net/http	Net::HTTPClientError			-
Net::HTTPUnavailableForLegalReasons	class	net/http	Net::HTTPClientError			-
Net::HTTPUnknownResponse	class	net/http	Net::HTTPResponse			-
Net::HTTPUnprocessableEntity	class	net/http	Net::HTTPClientError			-
Net::HTTPUnsupportedMediaType	class	net/http	Net::HTTPClientError			-
Net::HTTPUpgradeRequired	class	net/http	Net::HTTPClientError			-
Net::HTTPUseProxy	class	net/http	Net::HTTPRedirection			-
Net::HTTPVariantAlsoNegotiates	class	net/http	Net::HTTPServerError			-
Net::HTTPVersionNotSupported	class	net/http	Net::HTTPServerError			-
Net::IMAP	class	net/imap	Object			-
Net::IMAP::Address	class	net/imap	Struct			-
Net::IMAP::BadResponseError	class	net/imap	Net::IMAP::ResponseError			-
Net::IMAP::BodyTypeBasic	class	net/imap	Struct			-
Net::IMAP::BodyTypeMessage	class	net/imap	Struct			-
Net::IMAP::BodyTypeMultipart	class	net/imap	Struct			-
Net::IMAP::BodyTypeText	class	net/imap	Struct			-
Net::IMAP::ByeResponseError	class	net/imap	Net::IMAP::ResponseError			-
Net::IMAP::ContentDisposition	class	net/imap	Struct			-
Net::IMAP::ContinuationRequest	class	net/imap	Struct			-
Net::IMAP::DataFormatError	class	net/imap	Net::IMAP::Error			-
Net::IMAP::Envelope	class	net/imap	Struct			-
Net::IMAP::Error	class	net/imap	StandardError			-
Net::IMAP::FetchData	class	net/imap	Object			-
Net::IMAP::FlagCountError	class	net/imap	Net::IMAP::Error			-
Net::IMAP::MailboxACLItem	class	net/imap	Struct			-
Net::IMAP::MailboxList	class	net/imap	Struct			-
Net::IMAP::MailboxQuota	class	net/imap	Struct			-
Net::IMAP::MailboxQuotaRoot	class	net/imap	Struct			-
Net::IMAP::NoResponseError	class	net/imap	Net::IMAP::ResponseError			-
Net::IMAP::ResponseCode	class	net/imap	Struct			-
Net::IMAP::ResponseError	class	net/imap	Net::IMAP::Error			-
Net::IMAP::ResponseParseError	class	net/imap	Net::IMAP::Error			-
Net::IMAP::ResponseText	class	net/imap	Struct			-
Net::IMAP::StatusData	class	net/imap	Struct			-
Net::IMAP::TaggedResponse	class	net/imap	Struct			-
Net::IMAP::ThreadMember	class	net/imap	Struct			-
Net::IMAP::UntaggedResponse	class	net/imap	Struct			-
Net::OpenTimeout	class	net/protocol	Timeout::Error			-
Net::POP	class	net/pop	Object			Net::POP3
Net::POP3	class	net/pop	Object			-
Net::POPAuthenticationError	class	net/pop	Net::ProtoAuthError			-
Net::POPBadResponse	class	net/pop	Net::POPError			-
Net::POPError	class	net/pop	Net::ProtocolError			-
Net::POPMail	class	net/pop	Object			-
Net::POPSession	class	net/pop	Object			Net::POP3
Net::ProtoAuthError	class	net/protocol	Net::ProtocolError			-
Net::ProtoCommandError	class	net/protocol	Net::ProtocolError			-
Net::ProtoFatalError	class	net/protocol	Net::ProtocolError			-
Net::ProtoRetriableError	class	net/protocol	Net::ProtocolError			-
Net::ProtoServerError	class	net/protocol	Net::ProtocolError			-
Net::ProtoSyntaxError	class	net/protocol	Net::ProtocolError			-
Net::ProtoUnknownError	class	net/protocol	Net::ProtocolError			-
Net::ProtocRetryError	class	net/protocol	Net::ProtocolError			Net::ProtoRetriableError
Net::ProtocolError	class	net/protocol	StandardError			-
Net::ReadTimeout	class	net/protocol	Timeout::Error			-
Net::SMTP	class	net/smtp	Object			-
Net::SMTP::Response	class	net/smtp	Object			-
Net::SMTPAuthenticationError	class	net/smtp	Net::ProtoAuthError	Net::SMTPError		-
Net::SMTPError	module	net/smtp	-			-
Net::SMTPFatalError	class	net/smtp	Net::ProtoFatalError	Net::SMTPError		-
Net::SMTPServerBusy	class	net/smtp	Net::ProtoServerError	Net::SMTPError		-
Net::SMTPSession	class	net/smtp	Object			Net::SMTP
Net::SMTPSyntaxError	class	net/smtp	Net::ProtoSyntaxError	Net::SMTPError		-
Net::SMTPUnknownError	class	net/smtp	Net::ProtoUnknownError	Net::SMTPError		-
Net::SMTPUnsupportedCommand	class	net/smtp	Net::ProtocolError	Net::SMTPError		-
Net::WriteTimeout	class	net/protocol	Timeout::Error			-
Newton	module	bigdecimal/newton	-	LUSolve,Jacobian		-
NilClass	class	_builtin	Object			-
NoMatchingPatternError	class	_builtin	StandardError			-
NoMatchingPatternKeyError	class	_builtin	NoMatchingPatternError			-
NoMemoryError	class	_builtin	Exception			-
NoMethodError	class	_builtin	NameError			-
NotImplementedError	class	_builtin	ScriptError			-
Numeric	class	_builtin	Object	Comparable		-
Object	class	_builtin	BasicObject	Kernel		-
ObjectSpace	module	_builtin	-			-
ObjectSpace::WeakKeyMap	class	_builtin	Object			-
ObjectSpace::WeakMap	class	_builtin	Object			-
Observable	module	observer	-			-
Open3	module	open3	-			-
OpenSSL	module	openssl	-			-
OpenSSL::ASN1	module	openssl	-			-
OpenSSL::ASN1::ASN1Data	class	openssl	Object			-
OpenSSL::ASN1::ASN1Error	class	openssl	OpenSSL::OpenSSLError			-
OpenSSL::ASN1::BMPString	class	openssl	OpenSSL::ASN1::Primitive			-
OpenSSL::ASN1::BitString	class	openssl	OpenSSL::ASN1::Primitive			-
OpenSSL::ASN1::Boolean	class	openssl	OpenSSL::ASN1::Primitive			-
OpenSSL::ASN1::Constructive	class	openssl	OpenSSL::ASN1::ASN1Data	Enumerable		-
OpenSSL::ASN1::Enumerated	class	openssl	OpenSSL::ASN1::Primitive			-
OpenSSL::ASN1::GeneralString	class	openssl	OpenSSL::ASN1::Primitive			-
OpenSSL::ASN1::GeneralizedTime	class	openssl	OpenSSL::ASN1::Primitive			-
OpenSSL::ASN1::GraphicString	class	openssl	OpenSSL::ASN1::Primitive			-
OpenSSL::ASN1::IA5String	class	openssl	OpenSSL::ASN1::Primitive			-
OpenSSL::ASN1::ISO64String	class	openssl	OpenSSL::ASN1::Primitive			-
OpenSSL::ASN1::Integer	class	openssl	OpenSSL::ASN1::Primitive			-
OpenSSL::ASN1::Null	class	openssl	OpenSSL::ASN1::Primitive			-
OpenSSL::ASN1::NumericString	class	openssl	OpenSSL::ASN1::Primitive			-
OpenSSL::ASN1::ObjectId	class	openssl	OpenSSL::ASN1::Primitive			-
OpenSSL::ASN1::OctetString	class	openssl	OpenSSL::ASN1::Primitive			-
OpenSSL::ASN1::Primitive	class	openssl	OpenSSL::ASN1::ASN1Data			-
OpenSSL::ASN1::PrintableString	class	openssl	OpenSSL::ASN1::Primitive			-
OpenSSL::ASN1::Sequence	class	openssl	OpenSSL::ASN1::Constructive			-
OpenSSL::ASN1::Set	class	openssl	OpenSSL::ASN1::Constructive			-
OpenSSL::ASN1::T61String	class	openssl	OpenSSL::ASN1::Primitive			-
OpenSSL::ASN1::UTCTime	class	openssl	OpenSSL::ASN1::Primitive			-
OpenSSL::ASN1::UTF8String	class	openssl	OpenSSL::ASN1::Primitive			-
OpenSSL::ASN1::UniversalString	class	openssl	OpenSSL::ASN1::Primitive			-
OpenSSL::ASN1::VideotexString	class	openssl	OpenSSL::ASN1::Primitive			-
OpenSSL::BN	class	openssl	Object	Comparable		-
OpenSSL::BNError	class	openssl	OpenSSL::OpenSSLError			-
OpenSSL::Buffering	module	openssl	-			-
OpenSSL::Cipher	class	openssl	Object			-
OpenSSL::Cipher::AES	class	openssl	OpenSSL::Cipher			-
OpenSSL::Cipher::AES128	class	openssl	OpenSSL::Cipher			-
OpenSSL::Cipher::AES192	class	openssl	OpenSSL::Cipher			-
OpenSSL::Cipher::AES256	class	openssl	OpenSSL::Cipher			-
OpenSSL::Cipher::BF	class	openssl	OpenSSL::Cipher			-
OpenSSL::Cipher::CAST5	class	openssl	OpenSSL::Cipher			-
OpenSSL::Cipher::Cipher	class	openssl	OpenSSL::Cipher			-
OpenSSL::Cipher::CipherError	class	openssl	OpenSSL::OpenSSLError			-
OpenSSL::Cipher::DES	class	openssl	OpenSSL::Cipher			-
OpenSSL::Cipher::IDEA	class	openssl	OpenSSL::Cipher			-
OpenSSL::Cipher::RC2	class	openssl	OpenSSL::Cipher			-
OpenSSL::Cipher::RC4	class	openssl	OpenSSL::Cipher			-
OpenSSL::Cipher::RC5	class	openssl	OpenSSL::Cipher			-
OpenSSL::Config	class	openssl	Object	Enumerable		-
OpenSSL::ConfigError	class	openssl	OpenSSL::OpenSSLError			-
OpenSSL::Digest	class	openssl	Digest::Class			-
OpenSSL::Digest::DSS	class	openssl	OpenSSL::Digest			-
OpenSSL::Digest::DSS1	class	openssl	OpenSSL::Digest			-
OpenSSL::Digest::Digest	class	openssl	OpenSSL::Digest			-
OpenSSL::Digest::DigestError	class	openssl	OpenSSL::OpenSSLError			-
OpenSSL::Digest::MD2	class	openssl	OpenSSL::Digest			-
OpenSSL::Digest::MD4	class	openssl	OpenSSL::Digest			-
OpenSSL::Digest::MD5	class	openssl	OpenSSL::Digest			-
OpenSSL::Digest::MDC2	class	openssl	OpenSSL::Digest			-
OpenSSL::Digest::RIPEMD160	class	openssl	OpenSSL::Digest			-
OpenSSL::Digest::SHA	class	openssl	OpenSSL::Digest			-
OpenSSL::Digest::SHA1	class	openssl	OpenSSL::Digest			-
OpenSSL::Digest::SHA224	class	openssl	OpenSSL::Digest			-
OpenSSL::Digest::SHA256	class	openssl	OpenSSL::Digest			-
OpenSSL::Digest::SHA384	class	openssl	OpenSSL::Digest			-
OpenSSL::Digest::SHA512	class	openssl	OpenSSL::Digest			-
OpenSSL::Engine	class	openssl	Object			-
OpenSSL::Engine::EngineError	class	openssl	OpenSSL::OpenSSLError			-
OpenSSL::HMAC	class	openssl	Object			-
OpenSSL::HMACError	class	openssl	OpenSSL::OpenSSLError			-
OpenSSL::Netscape::SPKI	class	openssl	Object			-
OpenSSL::Netscape::SPKIError	class	openssl	OpenSSL::OpenSSLError			-
OpenSSL::OCSP	module	openssl	-			-
OpenSSL::OCSP::BasicResponse	class	openssl	Object			-
OpenSSL::OCSP::CertificateId	class	openssl	Object			-
OpenSSL::OCSP::OCSPError	class	openssl	OpenSSL::OpenSSLError			-
OpenSSL::OCSP::Request	class	openssl	Object			-
OpenSSL::OCSP::Response	class	openssl	Object			-
OpenSSL::OpenSSLError	class	openssl	StandardError			-
OpenSSL::PKCS12	class	openssl	Object			-
OpenSSL::PKCS12::PKCS12Error	class	openssl	OpenSSL::OpenSSLError			-
OpenSSL::PKCS5	module	openssl	-			-
OpenSSL::PKCS5::PKCS5Error	class	openssl	OpenSSL::OpenSSLError			-
OpenSSL::PKCS7	class	openssl	Object			-
OpenSSL::PKCS7::PKCS7	class	openssl	OpenSSL::PKCS7			-
OpenSSL::PKCS7::PKCS7Error	class	openssl	OpenSSL::OpenSSLError			-
OpenSSL::PKCS7::RecipientInfo	class	openssl	Object			-
OpenSSL::PKCS7::Signer	class	openssl	Object			OpenSSL::PKCS7::SignerInfo
OpenSSL::PKCS7::SignerInfo	class	openssl	Object			-
OpenSSL::PKey	module	openssl	-			-
OpenSSL::PKey::DH	class	openssl	OpenSSL::PKey::PKey			-
OpenSSL::PKey::DHError	class	openssl	OpenSSL::PKey::PKeyError			-
OpenSSL::PKey::DSA	class	openssl	OpenSSL::PKey::PKey			-
OpenSSL::PKey::DSAError	class	openssl	OpenSSL::PKey::PKeyError			-
OpenSSL::PKey::EC	class	openssl	OpenSSL::PKey::PKey			-
OpenSSL::PKey::EC::Group	class	openssl	Object			-
OpenSSL::PKey::EC::Group::Error	class	openssl	OpenSSL::OpenSSLError			-
OpenSSL::PKey::EC::Point	class	openssl	Object			-
OpenSSL::PKey::EC::Point::Error	class	openssl	OpenSSL::OpenSSLError			-
OpenSSL::PKey::ECError	class	openssl	OpenSSL::PKey::PKeyError			-
OpenSSL::PKey::PKey	class	openssl	Object			-
OpenSSL::PKey::PKeyError	class	openssl	OpenSSL::OpenSSLError			-
OpenSSL::PKey::RSA	class	openssl	OpenSSL::PKey::PKey			-
OpenSSL::PKey::RSAError	class	openssl	OpenSSL::PKey::PKeyError			-
OpenSSL::Random	module	openssl	-			-
OpenSSL::Random::RandomError	class	openssl	OpenSSL::OpenSSLError			-
OpenSSL::SSL	module	openssl	-			-
OpenSSL::SSL::SSLContext	class	openssl	Object			-
OpenSSL::SSL::SSLError	class	openssl	OpenSSL::OpenSSLError			-
OpenSSL::SSL::SSLServer	class	openssl	Object	OpenSSL::SSL::SocketForwarder		-
OpenSSL::SSL::SSLSocket	class	openssl	Object	Enumerable,OpenSSL::SSL::SocketForwarder,OpenSSL::Buffering		-
OpenSSL::SSL::Session	class	openssl	Object			-
OpenSSL::SSL::Session::SessionError	class	openssl	OpenSSL::OpenSSLError			-
OpenSSL::SSL::SocketForwarder	module	openssl	-			-
OpenSSL::X509	module	openssl	-			-
OpenSSL::X509::Attribute	class	openssl	Object			-
OpenSSL::X509::AttributeError	class	openssl	OpenSSL::OpenSSLError			-
OpenSSL::X509::CRL	class	openssl	Object			-
OpenSSL::X509::CRLError	class	openssl	OpenSSL::OpenSSLError			-
OpenSSL::X509::Certificate	class	openssl	Object			-
OpenSSL::X509::CertificateError	class	openssl	OpenSSL::OpenSSLError			-
OpenSSL::X509::Extension	class	openssl	Object			-
OpenSSL::X509::ExtensionError	class	openssl	OpenSSL::OpenSSLError			-
OpenSSL::X509::ExtensionFactory	class	openssl	Object			-
OpenSSL::X509::Name	class	openssl	Object			-
OpenSSL::X509::NameError	class	openssl	OpenSSL::OpenSSLError			-
OpenSSL::X509::Request	class	openssl	Object			-
OpenSSL::X509::RequestError	class	openssl	OpenSSL::OpenSSLError			-
OpenSSL::X509::Revoked	class	openssl	Object			-
OpenSSL::X509::RevokedError	class	openssl	OpenSSL::OpenSSLError			-
OpenSSL::X509::Store	class	openssl	Object			-
OpenSSL::X509::StoreContext	class	openssl	Object			-
OpenSSL::X509::StoreError	class	openssl	OpenSSL::OpenSSLError			-
OpenStruct	class	ostruct	Object			-
OpenURI	module	open-uri	-			-
OpenURI::HTTPError	class	open-uri	StandardError			-
OpenURI::Meta	module	open-uri	-			-
OpenURI::OpenRead	module	open-uri	-			-
OptionParser	class	optparse	Object			-
OptionParser::AmbiguousArgument	class	optparse	OptionParser::ParseError			-
OptionParser::AmbiguousOption	class	optparse	OptionParser::ParseError			-
OptionParser::Arguable	module	optparse	-			-
OptionParser::InvalidArgument	class	optparse	OptionParser::ParseError			-
OptionParser::InvalidOption	class	optparse	OptionParser::ParseError			-
OptionParser::MissingArgument	class	optparse	OptionParser::ParseError			-
OptionParser::NeedlessArgument	class	optparse	OptionParser::ParseError			-
OptionParser::ParseError	class	optparse	StandardError			-
OptionParser::Switch	class	optparse	Object			-
PP	class	pp	PrettyPrint			-
PStore	class	pstore	Object			-
PStore::DummyMutex	class	pstore	Object			-
PStore::Error	class	pstore	StandardError			-
PTY	module	pty	-			-
PTY::ChildExited	class	pty	RuntimeError			-
Pathname	class	pathname	Object			-
PrettyPrint	class	prettyprint	Object			-
Prime	class	prime	Object	Enumerable,Singleton		-
Prime::EratosthenesGenerator	class	prime	Prime::PseudoPrimeGenerator			-
Prime::Generator23	class	prime	Prime::PseudoPrimeGenerator			-
Prime::PseudoPrimeGenerator	class	prime	Object	Enumerable		-
Prime::TrialDivisionGenerator	class	prime	Prime::PseudoPrimeGenerator			-
Prism	module	prism	-			-
Prism::Comment	class	prism	Object			-
Prism::EmbDocComment	class	prism	Prism::Comment			-
Prism::InlineComment	class	prism	Prism::Comment			-
Prism::LexResult	class	prism	Prism::Result			-
Prism::Location	class	prism	Object			-
Prism::MagicComment	class	prism	Object			-
Prism::Node	class	prism	Object			-
Prism::ParseError	class	prism	Object			-
Prism::ParseLexResult	class	prism	Prism::Result			-
Prism::ParseResult	class	prism	Prism::Result			-
Prism::ParseWarning	class	prism	Object			-
Prism::Result	class	prism	Object			-
Prism::Source	class	prism	Object			-
Prism::Token	class	prism	Object			-
Proc	class	_builtin	Object			-
Process	module	_builtin	-			-
Process::GID	module	_builtin	-			-
Process::Status	class	_builtin	Object			-
Process::Sys	module	_builtin	-			-
Process::Tms	class	_builtin	Struct			-
Process::UID	module	_builtin	-			-
Process::Waiter	class	_builtin	Thread			-
Psych	module	psych	-			-
Psych::BadAlias	class	psych	Psych::Exception			-
Psych::Emitter	class	psych	Psych::Handler			-
Psych::Exception	class	psych	RuntimeError			-
Psych::Handler	class	psych	Object			-
Psych::Nodes	module	psych	-			-
Psych::Nodes::Alias	class	psych	Psych::Nodes::Node			-
Psych::Nodes::Document	class	psych	Psych::Nodes::Node			-
Psych::Nodes::Mapping	class	psych	Psych::Nodes::Node			-
Psych::Nodes::Node	class	psych	Object	Enumerable		-
Psych::Nodes::Scalar	class	psych	Psych::Nodes::Node			-
Psych::Nodes::Sequence	class	psych	Psych::Nodes::Node			-
Psych::Nodes::Stream	class	psych	Psych::Nodes::Node			-
Psych::Omap	class	psych	Hash			-
Psych::Parser	class	psych	Object			-
Psych::Parser::Mark	class	psych	Struct			-
Psych::ScalarScanner	class	psych	Object			-
Psych::Set	class	psych	Hash			-
Psych::Stream	class	psych	Psych::Visitors::YAMLTree			-
Psych::SyntaxError	class	psych	SyntaxError			-
Psych::TreeBuilder	class	psych	Psych::Handler			-
Psych::Visitors	class	psych	Object			-
Psych::Visitors::Visitor	class	psych	Object			-
Psych::Visitors::YAMLTree	class	psych	Psych::Visitors::Visitor			-
Queue	class	_builtin	Object			Thread::Queue
RDoc	module	rdoc	-			-
RDoc::Alias	class	rdoc/code_object/alias	RDoc::CodeObject			-
RDoc::AnonClass	class	rdoc/code_object/anon_class	RDoc::ClassModule			-
RDoc::AnyMethod	class	rdoc/code_object/any_method	RDoc::CodeObject			-
RDoc::Attr	class	rdoc/code_object/attr	RDoc::CodeObject			-
RDoc::ClassModule	class	rdoc/code_object/class_module	RDoc::Context			-
RDoc::CodeObject	class	rdoc/code_object	Object	RDoc::Text		-
RDoc::Constant	class	rdoc/code_object/constant	RDoc::CodeObject			-
RDoc::Context	class	rdoc/code_object/context	RDoc::CodeObject	Comparable		-
RDoc::Context::Section	class	rdoc/code_object/context	Object	RDoc::Text		-
RDoc::Error	class	rdoc	Exception			-
RDoc::Generator	module	rdoc/generator	-			-
RDoc::Generator::Darkfish	class	rdoc/generator/darkfish	Object	ERB::Util		-
RDoc::Generator::JsonIndex	class	rdoc/generator/json_index	Object	RDoc::Text		-
RDoc::Generator::Markup	module	rdoc/generator/markup	-			-
RDoc::Generator::RI	class	rdoc/generator/ri	Object			-
RDoc::GhostMethod	class	rdoc/code_object/ghost_method	RDoc::AnyMethod			-
RDoc::Include	class	rdoc/code_object/include	RDoc::CodeObject			-
RDoc::Markdown	class	rdoc/markdown	Object			-
RDoc::Markup	class	rdoc/markup	Object			-
RDoc::Markup::Formatter	class	rdoc/markup/formatter	Object			-
RDoc::Markup::ToAnsi	class	rdoc/markup/to_ansi	RDoc::Markup::ToRdoc			-
RDoc::Markup::ToBs	class	rdoc/markup/to_bs	RDoc::Markup::ToRdoc			-
RDoc::Markup::ToHtml	class	rdoc/markup/to_html	RDoc::Markup::Formatter			-
RDoc::Markup::ToHtmlCrossref	class	rdoc/markup/to_html_crossref	RDoc::Markup::ToHtml			-
RDoc::Markup::ToRdoc	class	rdoc/markup/to_rdoc	RDoc::Markup::Formatter			-
RDoc::MetaMethod	class	rdoc/code_object/meta_method	RDoc::AnyMethod			-
RDoc::NormalClass	class	rdoc/code_object/normal_class	RDoc::ClassModule			-
RDoc::NormalModule	class	rdoc/code_object/normal_module	RDoc::ClassModule			-
RDoc::Options	class	rdoc/options	Object			-
RDoc::Parser	class	rdoc/parser	Object			-
RDoc::Parser::C	class	rdoc/parser/c	RDoc::Parser			-
RDoc::Parser::ChangeLog	class	rdoc/parser/changelog	RDoc::Parser	RDoc::Parser::Text		-
RDoc::Parser::Markdown	class	rdoc/parser/markdown	RDoc::Parser	RDoc::Parser::Text		-
RDoc::Parser::RD	class	rdoc/parser/rd	RDoc::Parser	RDoc::Parser::Text		-
RDoc::Parser::Ruby	class	rdoc/parser/ruby	RDoc::Parser	RDoc::RubyToken,RDoc::TokenStream,RDoc::Parser::RubyTools		-
RDoc::Parser::RubyTools	module	rdoc/parser/ruby_tools	-	RDoc::RubyToken		-
RDoc::Parser::Simple	class	rdoc/parser/simple	RDoc::Parser			-
RDoc::Parser::Text	module	rdoc/parser/text	-			-
RDoc::RDoc	class	rdoc/rdoc	Object			-
RDoc::Require	class	rdoc/code_object/require	RDoc::CodeObject			-
RDoc::RubyLex	class	rdoc/parser/ruby	Object			-
RDoc::RubyToken	module	rdoc/parser/ruby	-			-
RDoc::SingleClass	class	rdoc/code_object/single_class	RDoc::ClassModule			-
RDoc::Stats	class	rdoc/stats	Object			-
RDoc::Text	module	rdoc/text	-			-
RDoc::TokenStream	module	rdoc/token_stream	-			-
RDoc::TopLevel	class	rdoc/code_object/top_level	RDoc::Context			-
REXML	module	rexml	-			-
REXML::AttlistDecl	class	rexml/document	REXML::Child	Enumerable		-
REXML::Attribute	class	rexml/document	Object	REXML::Node,REXML::Namespace		-
REXML::Attributes	class	rexml/document	Hash			-
REXML::CData	class	rexml/document	REXML::Text			-
REXML::Child	class	rexml/document	Object	REXML::Node		-
REXML::Comment	class	rexml/document	REXML::Child	Comparable		-
REXML::Declaration	class	rexml/document	REXML::Child			-
REXML::DocType	class	rexml/document	REXML::Parent	REXML::XMLTokens		-
REXML::Document	class	rexml/document	REXML::Element			-
REXML::Element	class	rexml/document	REXML::Parent	REXML::Namespace		-
REXML::ElementDecl	class	rexml/document	REXML::Declaration			-
REXML::Elements	class	rexml/document	Object	Enumerable		-
REXML::Encoding	module	rexml/document	-			-
REXML::Entity	class	rexml/document	REXML::Child	REXML::XMLTokens		-
REXML::EntityConst	module	rexml/document	-			-
REXML::ExternalEntity	class	rexml/document	REXML::Child			-
REXML::Formatters::Default	class	rexml/document	Object			-
REXML::Formatters::Pretty	class	rexml/document	REXML::Formatters::Default			-
REXML::Formatters::Transitive	class	rexml/document	REXML::Formatters::Default			-
REXML::Functions	module	rexml/document	-			-
REXML::IOSource	class	rexml/document	REXML::Source			-
REXML::Instruction	class	rexml/document	REXML::Child			-
REXML::Namespace	module	rexml/document	-	REXML::XMLTokens		-
REXML::Node	module	rexml/document	-			-
REXML::NotationDecl	class	rexml/document	REXML::Child			-
REXML::Output	class	rexml/document	Object	REXML::Encoding		-
REXML::Parent	class	rexml/document	REXML::Child	Enumerable		-
REXML::ParseException	class	rexml	RuntimeError			-
REXML::Parsers::BaseParser	class	rexml/document	Object			-
REXML::Parsers::PullEvent	class	rexml/parsers/pullparser	Object			-
REXML::Parsers::PullParser	class	rexml/parsers/pullparser	Object	REXML::XMLTokens	Forwardable	-
REXML::Parsers::SAX2Parser	class	rexml/parsers/sax2parser	Object			-
REXML::Parsers::StreamParser	class	rexml/parsers/streamparser	Object			-
REXML::Parsers::TreeParser	class	rexml/document	Object			-
REXML::Parsers::UltraLightParser	class	rexml/parsers/ultralightparser	Object			-
REXML::Parsers::XPathParser	class	rexml/document	Object	REXML::XMLTokens		-
REXML::SAX2Listener	module	rexml/sax2listener	-			-
REXML::Security	module	rexml/document	-			-
REXML::Source	class	rexml/document	Object	REXML::Encoding		-
REXML::SourceFactory	class	rexml/document	Object			-
REXML::StreamListener	module	rexml/streamlistener	-			-
REXML::Text	class	rexml/document	REXML::Child	Comparable		-
REXML::UndefinedNamespaceException	class	rexml	REXML::ParseException			-
REXML::XMLDecl	class	rexml/document	REXML::Child	REXML::Encoding		-
REXML::XMLTokens	module	rexml/document	-			-
REXML::XPath	class	rexml/document	Object	REXML::Functions		-
RSS::BaseTrackBackModel	module	rss	-			-
RSS::ContentModel	module	rss	-			-
RSS::ConversionError	class	rss	RSS::Error			-
RSS::DublinCoreModel	module	rss	-			-
RSS::Element	class	rss	Object			-
RSS::Error	class	rss	StandardError			-
RSS::ImageFaviconModel	module	rss	-			-
RSS::ImageFaviconModel::ImageFavicon	class	rss	RSS::Element	DublinCoreModel		-
RSS::ImageItemModel	module	rss	-			-
RSS::ImageItemModel::ImageItem	class	rss	RSS::Element	DublinCoreModel		-
RSS::ImageModelUtils	module	rss	-			-
RSS::InvalidRSSError	class	rss	RSS::Error			-
RSS::Maker	module	rss	-			-
RSS::Maker::Base	class	rss	Object			-
RSS::Maker::ChannelBase	class	rss	Object			-
RSS::Maker::ChannelBase::CategoriesBase	class	rss	Object	Enumerable		-
RSS::Maker::ChannelBase::CategoriesBase::CategoryBase	class	rss	Object			-
RSS::Maker::ChannelBase::SkipDaysBase	class	rss	Object			-
RSS::Maker::ChannelBase::SkipDaysBase::DayBase	class	rss	Object			-
RSS::Maker::ChannelBase::SkipHoursBase	class	rss	Object	Enumerable		-
RSS::Maker::ChannelBase::SkipHoursBase::HourBase	class	rss	Object			-
RSS::Maker::ImageBase	class	rss	Object			-
RSS::Maker::ItemsBase	class	rss	RSS::Maker::Base	Enumerable		-
RSS::Maker::ItemsBase::ItemBase	class	rss	Object			-
RSS::Maker::ItemsBase::ItemBase::CategoriesBase	class	rss	Object			RSS::Maker::ChannelBase::CategoriesBase
RSS::Maker::ItemsBase::ItemBase::EnclosureBase	class	rss	RSS::Maker::Base			-
RSS::Maker::ItemsBase::ItemBase::GuidBase	class	rss	RSS::Maker::Base			-
RSS::Maker::ItemsBase::ItemBase::SourceBase	class	rss	RSS::Maker::Base			-
RSS::Maker::RSS09::Channel	class	rss	RSS::Maker::ChannelBase			-
RSS::Maker::RSS09::Channel::Categories	class	rss	RSS::Maker::ChannelBase::CategoriesBase			-
RSS::Maker::RSS09::Channel::Categories::Category	class	rss	RSS::Maker::ChannelBase::CategoriesBase::CategoryBase			-
RSS::Maker::RSS09::Channel::SkipDays	class	rss	RSS::Maker::ChannelBase::SkipDaysBase			-
RSS::Maker::RSS09::Channel::SkipDays::Day	class	rss	RSS::Maker::ChannelBase::SkipDaysBase::DayBase			-
RSS::Maker::RSS09::Channel::SkipHours	class	rss	RSS::Maker::ChannelBase::SkipHoursBase			-
RSS::Maker::RSS09::Channel::SkipHours::Hour	class	rss	RSS::Maker::ChannelBase::SkipHoursBase::HourBase			-
RSS::Maker::RSS09::Image	class	rss	RSS::Maker::ImageBase			-
RSS::Maker::RSS09::Items	class	rss	RSS::Maker::ItemsBase			-
RSS::Maker::RSS09::Items::Item	class	rss	RSS::Maker::ItemsBase::ItemBase			-
RSS::Maker::RSS09::Items::Item::Categories	class	rss	RSS::Maker::ItemsBase::ItemBase::CategoriesBase			-
RSS::Maker::RSS09::Items::Item::Enclosure	class	rss	RSS::Maker::ItemsBase::ItemBase::EnclosureBase			-
RSS::Maker::RSS09::Items::Item::Guid	class	rss	RSS::Maker::ItemsBase::ItemBase::GuidBase			-
RSS::Maker::RSS09::Items::Item::Source	class	rss	RSS::Maker::ItemsBase::ItemBase::SourceBase			-
RSS::Maker::RSS09::Textinput	class	rss	RSS::Maker::TextinputBase			-
RSS::Maker::RSS10	class	rss	RSS::Maker::RSSBase			-
RSS::Maker::RSS10::Channel	class	rss	RSS::Maker::ChannelBase			-
RSS::Maker::RSS10::Channel::Categories	class	rss	RSS::Maker::ChannelBase::CategoriesBase			-
RSS::Maker::RSS10::Channel::Categories::Category	class	rss	RSS::Maker::ChannelBase::CategoriesBase::CategoryBase			-
RSS::Maker::RSS10::Image	class	rss	RSS::Maker::ImageBase			-
RSS::Maker::RSS10::Items	class	rss	RSS::Maker::ItemsBase			-
RSS::Maker::RSS10::Items::Item	class	rss	RSS::Maker::ItemsBase::ItemBase			-
RSS::Maker::RSS10::Textinput	class	rss	RSS::Maker::TextinputBase			-
RSS::Maker::RSS20	class	rss	RSS::Maker::RSSBase			-
RSS::Maker::RSS20::Channel	class	rss	RSS::Maker::RSS09::Channel			-
RSS::Maker::RSS20::Channel::Categories	class	rss	RSS::Maker::RSS09::Channel::Categories			-
RSS::Maker::RSS20::Channel::Categories::Category	class	rss	RSS::Maker::RSS09::Channel::Categories::Category			-
RSS::Maker::RSS20::Channel::SkipDays	class	rss	RSS::Maker::RSS09::Channel::SkipDays			-
RSS::Maker::RSS20::Channel::SkipDays::Day	class	rss	RSS::Maker::RSS09::Channel::SkipDays::Day			-
RSS::Maker::RSS20::Channel::SkipHours	class	rss	RSS::Maker::RSS09::Channel::SkipHours			-
RSS::Maker::RSS20::Channel::SkipHours::Hour	class	rss	RSS::Maker::RSS09::Channel::SkipHours::Hour			-
RSS::Maker::RSS20::Image	class	rss	RSS::Maker::RSS09::Image			-
RSS::Maker::RSS20::Items	class	rss	RSS::Maker::RSS09::Items			-
RSS::Maker::RSS20::Items::Item	class	rss	RSS::Maker::RSS09::Items::Item			-
RSS::Maker::RSS20::Items::Item::Categories	class	rss	RSS::Maker::RSS09::Items::Item::Categories	Enumerable		-
RSS::Maker::RSS20::Items::Item::Enclosure	class	rss	RSS::Maker::RSS09::Items::Item::Enclosure			-
RSS::Maker::RSS20::Items::Item::Guid	class	rss	RSS::Maker::RSS09::Items::Item::Guid			-
RSS::Maker::RSS20::Items::Item::Source	class	rss	RSS::Maker::RSS09::Items::Item::Source			-
RSS::Maker::RSS20::Textinput	class	rss	RSS::Maker::RSS09::Textinput			-
RSS::Maker::RSSBase	class	rss	Object			-
RSS::Maker::TextinputBase	class	rss	Object			-
RSS::Maker::XMLStyleSheets::XMLStyleSheet	class	rss	Object			-
RSS::MissingAttributeError	class	rss	RSS::InvalidRSSError			-
RSS::MissingTagError	class	rss	RSS::InvalidRSSError			-
RSS::NSError	class	rss	RSS::Error			-
RSS::NotAvailableValueError	class	rss	RSS::InvalidRSSError			-
RSS::NotExpectedTagError	class	rss	RSS::InvalidRSSError			-
RSS::NotSetError	class	rss	RSS::Error			-
RSS::NotValidXMLParser	class	rss	RSS::Error			-
RSS::NotWellFormedError	class	rss	RSS::Error			-
RSS::OverlappedPrefixError	class	rss	RSS::Error			-
RSS::Parser	class	rss	Object			-
RSS::RDF	class	rss	RSS::Element	RSS::TaxonomyTopicModel,RSS::RootElementMixin,RSS::XMLStyleSheetMixin		-
RSS::RDF::Channel	class	rss	RSS::Element	RSS::TaxonomyTopicsModel,RSS::SyndicationModel,RSS::ImageFaviconModel,RSS::ImageModelUtils,RSS::DublinCoreModel		-
RSS::RDF::Channel::Image	class	rss	RSS::Element			-
RSS::RDF::Channel::ImageFavicon	class	rss	RSS::Element	RSS::DublinCoreModel		-
RSS::RDF::Channel::Items	class	rss	RSS::Element			-
RSS::RDF::Channel::Textinput	class	rss	RSS::Element			-
RSS::RDF::Image	class	rss	RSS::Element	RSS::DublinCoreModel		-
RSS::RDF::Item	class	rss	RSS::Element	RSS::TaxonomyTopicsModel,RSS::TrackBackModel10,RSS::ImageItemModel,RSS::ImageModelUtils,RSS::DublinCoreModel,RSS::ContentModel		-
RSS::RDF::Textinput	class	rss	RSS::Element	RSS::DublinCoreModel		-
RSS::RootElementMixin	module	rss	-			-
RSS::Rss	class	rss	RSS::Element	RSS::RootElementMixin,RSS::XMLStyleSheetMixin		-
RSS::Rss::Channel	class	rss	RSS::Element			-
RSS::Rss::Channel::Cloud	class	rss	RSS::Element			-
RSS::Rss::Channel::Image	class	rss	RSS::Element			-
RSS::Rss::Channel::Item	class	rss	RSS::Element	RSS::TrackBackModel20		-
RSS::Rss::Channel::Item::Category	class	rss	RSS::Element			-
RSS::Rss::Channel::Item::Enclosure	class	rss	RSS::Element			-
RSS::Rss::Channel::Item::Guid	class	rss	RSS::Element			-
RSS::Rss::Channel::Item::Source	class	rss	RSS::Element			-
RSS::Rss::Channel::SkipDays	class	rss	RSS::Element			-
RSS::Rss::Channel::SkipHours	class	rss	RSS::Element			-
RSS::Rss::Channel::TextInput	class	rss	RSS::Element			-
RSS::SyndicationModel	module	rss	-			-
RSS::TaxonomyTopicModel	module	rss	-			-
RSS::TaxonomyTopicModel::TaxonomyTopic	class	rss	RSS::Element	RSS::TaxonomyTopicsModel,RSS::DublinCoreModel		-
RSS::TaxonomyTopicsModel	module	rss	-			-
RSS::TaxonomyTopicsModel::TaxonomyTopics	class	rss	RSS::Element			-
RSS::TooMuchTagError	class	rss	RSS::InvalidRSSError			-
RSS::TrackBackModel10	module	rss	-		RSS::BaseTrackBackModel	-
RSS::TrackBackModel10::TrackBackAbout	class	rss	RSS::Element			-
RSS::TrackBackModel10::TrackBackPing	class	rss	RSS::Element			-
RSS::TrackBackModel20	module	rss	-		RSS::BaseTrackBackModel	-
RSS::TrackBackModel20::TrackBackAbout	class	rss	RSS::Element			-
RSS::TrackBackModel20::TrackBackPing	class	rss	RSS::Element			-
RSS::UnknownConversionMethodError	class	rss	RSS::Error			-
RSS::UnknownTagError	class	rss	RSS::InvalidRSSError			-
RSS::XMLParserNotFound	class	rss	RSS::Error			-
RSS::XMLStyleSheet	class	rss	Object			-
RSS::XMLStyleSheetMixin	module	rss	-			-
Racc::ParseError	class	racc/parser	StandardError			-
Racc::Parser	class	racc/parser	Object			-
Ractor	class	_builtin	Object			-
Ractor::ClosedError	class	_builtin	StopIteration			-
Ractor::Error	class	_builtin	RuntimeError			-
Ractor::IsolationError	class	_builtin	Ractor::Error			-
Ractor::MovedError	class	_builtin	Ractor::Error			-
Ractor::MovedObject	class	_builtin	BasicObject			-
Ractor::RemoteError	class	_builtin	Ractor::Error			-
Ractor::UnsafeError	class	_builtin	Ractor::Error			-
Rake	module	rake	-			-
Rake::Application	class	rake	Object	Rake::TaskManager		-
Rake::Cloneable	module	rake	-			-
Rake::DSL	module	rake	-	RakeFileUtils		-
Rake::DefaultLoader	class	rake	Object			-
Rake::EarlyTime	class	rake	Object	Comparable,Singleton		-
Rake::FileCreationTask	class	rake	Rake::FileTask			-
Rake::FileList	class	rake	Object	Rake::Cloneable		-
Rake::FileTask	class	rake	Rake::Task			-
Rake::InvocationChain	class	rake	Object			-
Rake::InvocationChain::EmptyInvocationChain	class	rake	Object			-
Rake::MakefileLoader	class	rake/loaders/makefile	Object			-
Rake::MultiTask	class	rake	Rake::Task			-
Rake::NameSpace	class	rake	Object			-
Rake::PackageTask	class	rake/packagetask	Rake::TaskLib			-
Rake::RuleRecursionOverflowError	class	rake	StandardError			-
Rake::Task	class	rake	Object			-
Rake::TaskArgumentError	class	rake	ArgumentError			-
Rake::TaskArguments	class	rake	Object	Enumerable		-
Rake::TaskLib	class	rake/tasklib	Object	Rake::Cloneable		-
Rake::TaskManager	module	rake	-			-
Rake::TestTask	class	rake/testtask	Rake::TaskLib			-
RakeFileUtils	module	rake	-	FileUtils	RakeFileUtils	-
Random	class	_builtin	Object	Random::Formatter		-
Random::Formatter	module	_builtin	-			-
Range	class	_builtin	Object	Enumerable		-
RangeError	class	_builtin	StandardError			-
Rational	class	_builtin	Numeric			-
RbConfig	module	rbconfig	-			-
Readline	module	readline	-			-
Readline::HISTORY	object	readline	-		Enumerable	-
Refinement	class	_builtin	Module			-
Regexp	class	_builtin	Object			-
Regexp::TimeoutError	class	_builtin	RegexpError			-
RegexpError	class	_builtin	StandardError			-
Reline	module	reline	-			-
Reline::Face	class	reline	Object			-
Reline::HISTORY	object	reline	-			-
Resolv	class	resolv	Object			-
Resolv::DNS	class	resolv	Object			-
Resolv::DNS::Config::OtherResolvError	class	resolv	Resolv::ResolvError			-
Resolv::DNS::DecodeError	class	resolv	StandardError			-
Resolv::DNS::EncodeError	class	resolv	StandardError			-
Resolv::DNS::Name	class	resolv	Object			-
Resolv::DNS::Query	class	resolv	Object			-
Resolv::DNS::Requester::RequestError	class	resolv	StandardError			-
Resolv::DNS::Resource	class	resolv	Resolv::DNS::Query			-
Resolv::DNS::Resource::ANY	class	resolv	Resolv::DNS::Query			-
Resolv::DNS::Resource::CNAME	class	resolv	Resolv::DNS::Resource::DomainName			-
Resolv::DNS::Resource::DomainName	class	resolv	Resolv::DNS::Resource			-
Resolv::DNS::Resource::Generic	class	resolv	Resolv::DNS::Resource			-
Resolv::DNS::Resource::HINFO	class	resolv	Resolv::DNS::Resource			-
Resolv::DNS::Resource::IN	module	resolv	-			-
Resolv::DNS::Resource::IN::A	class	resolv	Resolv::DNS::Resource			-
Resolv::DNS::Resource::IN::AAAA	class	resolv	Resolv::DNS::Resource			-
Resolv::DNS::Resource::IN::ANY	class	resolv	Resolv::DNS::Resource::ANY			-
Resolv::DNS::Resource::IN::CNAME	class	resolv	Resolv::DNS::Resource::CNAME			-
Resolv::DNS::Resource::IN::HINFO	class	resolv	Resolv::DNS::Resource::HINFO			-
Resolv::DNS::Resource::IN::MINFO	class	resolv	Resolv::DNS::Resource::MINFO			-
Resolv::DNS::Resource::IN::MX	class	resolv	Resolv::DNS::Resource::MX			-
Resolv::DNS::Resource::IN::NS	class	resolv	Resolv::DNS::Resource::NS			-
Resolv::DNS::Resource::IN::PTR	class	resolv	Resolv::DNS::Resource::PTR			-
Resolv::DNS::Resource::IN::SOA	class	resolv	Resolv::DNS::Resource::SOA			-
Resolv::DNS::Resource::IN::SRV	class	resolv	Resolv::DNS::Resource			-
Resolv::DNS::Resource::IN::TXT	class	resolv	Resolv::DNS::Resource::TXT			-
Resolv::DNS::Resource::IN::WKS	class	resolv	Resolv::DNS::Resource			-
Resolv::DNS::Resource::MINFO	class	resolv	Resolv::DNS::Resource			-
Resolv::DNS::Resource::MX	class	resolv	Resolv::DNS::Resource			-
Resolv::DNS::Resource::NS	class	resolv	Resolv::DNS::Resource::DomainName			-
Resolv::DNS::Resource::PTR	class	resolv	Resolv::DNS::Resource::DomainName			-
Resolv::DNS::Resource::SOA	class	resolv	Resolv::DNS::Resource			-
Resolv::DNS::Resource::TXT	class	resolv	Resolv::DNS::Resource			-
Resolv::Hosts	class	resolv	Object			-
Resolv::IPv4	class	resolv	Object			-
Resolv::IPv6	class	resolv	Object			-
Resolv::ResolvError	class	resolv	StandardError			-
Rinda	module	rinda/rinda	-			-
Rinda::DRbObjectTemplate	class	rinda/rinda	Object			-
Rinda::InvalidHashTupleKey	class	rinda/rinda	Rinda::RindaError			-
Rinda::RequestCanceledError	class	rinda/rinda	ThreadError			-
Rinda::RequestExpiredError	class	rinda/rinda	ThreadError			-
Rinda::RindaError	class	rinda/rinda	RuntimeError			-
Rinda::SimpleRenewer	class	rinda/rinda	Object	DRb::DRbUndumped		-
Rinda::Template	class	rinda/rinda	Rinda::Tuple			-
Rinda::Tuple	class	rinda/rinda	Object			-
Rinda::TupleEntry	class	rinda/tuplespace	Object	DRb::DRbUndumped		-
Rinda::TupleSpace	class	rinda/tuplespace	Object	MonitorMixin,DRb::DRbUndumped		-
Rinda::TupleSpaceProxy	class	rinda/rinda	Object			-
Ripper	class	ripper	Object			-
Ripper::Filter	class	ripper/filter	Object			-
Ripper::Lexer	class	ripper/lexer	Ripper			-
RubyVM	class	_builtin	Object			-
RubyVM::AbstractSyntaxTree	module	_builtin	-			-
RubyVM::AbstractSyntaxTree::Location	class	_builtin	Object			-
RubyVM::AbstractSyntaxTree::Node	class	_builtin	Object			-
RubyVM::InstructionSequence	class	_builtin	Object			-
RubyVM::YJIT	module	_builtin	-			-
RuntimeError	class	_builtin	StandardError			-
SOCKSSocket	class	socket	TCPSocket			-
ScriptError	class	_builtin	Exception			-
SecureRandom	module	securerandom	-		Random::Formatter	-
SecurityError	class	_builtin	Exception			-
Set	class	_builtin	Object	Enumerable		-
Shellwords	module	shellwords	-			-
Signal	module	_builtin	-			-
SignalException	class	_builtin	Exception			-
SimpleDelegator	class	delegate	Delegator			-
SingleForwardable	module	forwardable	-			-
Singleton	module	singleton	-			-
SizedQueue	class	_builtin	Thread::Queue			Thread::SizedQueue
Socket	class	socket	BasicSocket			-
Socket::AncillaryData	class	socket	Object			-
Socket::Constants	module	socket	-			-
Socket::Ifaddr	class	socket	Object			-
Socket::Option	class	socket	Object			-
Socket::UDPSource	class	socket	Object			-
SocketError	class	socket	StandardError			-
StandardError	class	_builtin	Exception			-
StopIteration	class	_builtin	IndexError			-
String	class	_builtin	Object	Comparable		-
StringIO	class	stringio	Object	Enumerable		-
StringScanner	class	strscan	Object			-
StringScanner::Error	class	strscan	StandardError			-
Struct	class	_builtin	Object	Enumerable		-
Symbol	class	_builtin	Object	Comparable		-
SyntaxError	class	_builtin	ScriptError			-
Syslog	module	syslog	-	Syslog::Constants		-
Syslog::Constants	module	syslog	-	Syslog::Option,Syslog::Facility,Syslog::Level,Syslog::Macros		-
Syslog::Facility	module	syslog	-			-
Syslog::Level	module	syslog	-			-
Syslog::Logger	class	syslog/logger	Object			-
Syslog::Logger::Formatter	class	syslog/logger	Object			-
Syslog::Macros	module	syslog	-			-
Syslog::Option	module	syslog	-			-
SystemCallError	class	_builtin	StandardError			-
SystemExit	class	_builtin	Exception			-
SystemStackError	class	_builtin	Exception			-
TCPServer	class	socket	TCPSocket			-
TCPSocket	class	socket	IPSocket			-
TSort	module	tsort	-			-
TSort::Cyclic	class	tsort	StandardError			-
Tempfile	class	tempfile	Delegator			-
Thread	class	_builtin	Object			-
Thread::Backtrace	class	_builtin	Object			-
Thread::Backtrace::Location	class	_builtin	Object			-
Thread::ConditionVariable	class	_builtin	Object			-
Thread::Mutex	class	_builtin	Object			-
Thread::Queue	class	_builtin	Object			-
Thread::SizedQueue	class	_builtin	Thread::Queue			-
ThreadError	class	_builtin	StandardError			-
ThreadGroup	class	_builtin	Object			-
Time	class	_builtin	Object	Comparable		-
Timeout	module	timeout	-			-
Timeout::Error	class	timeout	RuntimeError			-
TracePoint	class	_builtin	Object			-
TrueClass	class	_builtin	Object			-
TypeError	class	_builtin	StandardError			-
UDPSocket	class	socket	IPSocket			-
UNIXServer	class	socket	UNIXSocket			-
UNIXSocket	class	socket	BasicSocket			-
URI	module	uri	-			-
URI::BadURIError	class	uri	URI::Error			-
URI::Error	class	uri	StandardError			-
URI::FTP	class	uri	URI::Generic			-
URI::Generic	class	uri	Object	URI		-
URI::HTTP	class	uri	URI::Generic			-
URI::HTTPS	class	uri	URI::HTTP			-
URI::InvalidComponentError	class	uri	URI::Error			-
URI::InvalidURIError	class	uri	URI::Error			-
URI::LDAP	class	uri	URI::Generic			-
URI::LDAPS	class	uri	URI::LDAP			-
URI::MailTo	class	uri	URI::Generic			-
UnboundMethod	class	_builtin	Object			-
UncaughtThrowError	class	_builtin	ArgumentError			-
Vector	class	matrix	Object	Enumerable		-
Vector::ZeroVectorError	class	matrix	StandardError			-
WIN32OLE	class	win32ole	Object			-
WIN32OLE::VARIANT	module	win32ole	-			-
WIN32OLERuntimeError	class	win32ole	RuntimeError			-
WIN32OLE_EVENT	class	win32ole	Object			-
WIN32OLE_METHOD	class	win32ole	Object			-
WIN32OLE_PARAM	class	win32ole	Object			-
WIN32OLE_RECORD	class	win32ole	Object			-
WIN32OLE_TYPE	class	win32ole	Object			-
WIN32OLE_TYPELIB	class	win32ole	Object			-
WIN32OLE_VARIABLE	class	win32ole	Object			-
WIN32OLE_VARIANT	class	win32ole	Object			-
Warning	module	_builtin	-			-
WeakRef	class	weakref	Delegator			-
WeakRef::RefError	class	weakref	StandardError			-
Win32::Registry	class	win32/registry	Object	Enumerable,Win32::Registry::Constants		-
Win32::Registry::API	module	win32/registry	-			-
Win32::Registry::Constants	module	win32/registry	-			-
Win32::Registry::Error	class	win32/registry	StandardError			-
Win32::Registry::PredefinedKey	class	win32/registry	Win32::Registry			-
Win32::Resolv	class	win32/resolv	Object			-
XMP	class	irb/xmp	Object			-
YAML	module	yaml	-			-
YAML::DBM	class	yaml/dbm	Object			-
YAML::Store	class	yaml/store	PStore			-
ZeroDivisionError	class	_builtin	StandardError			-
Zlib	module	zlib	-			-
Zlib::BufError	class	zlib	Zlib::Error			-
Zlib::DataError	class	zlib	Zlib::Error			-
Zlib::Deflate	class	zlib	Zlib::ZStream			-
Zlib::Error	class	zlib	StandardError			-
Zlib::GzipFile	class	zlib	Object			-
Zlib::GzipFile::CRCError	class	zlib	Zlib::GzipFile::Error			-
Zlib::GzipFile::Error	class	zlib	Zlib::Error			-
Zlib::GzipFile::LengthError	class	zlib	Zlib::GzipFile::Error			-
Zlib::GzipFile::NoFooter	class	zlib	Zlib::GzipFile::Error			-
Zlib::GzipReader	class	zlib	Zlib::GzipFile	Enumerable		-
Zlib::GzipWriter	class	zlib	Zlib::GzipFile			-
Zlib::Inflate	class	zlib	Zlib::ZStream			-
Zlib::MemError	class	zlib	Zlib::Error			-
Zlib::NeedDict	class	zlib	Zlib::Error			-
Zlib::StreamEnd	class	zlib	Zlib::Error			-
Zlib::StreamError	class	zlib	Zlib::Error			-
Zlib::VersionError	class	zlib	Zlib::Error			-
Zlib::ZStream	class	zlib	Object			-
fatal	class	_builtin	Exception			-
main	object	_builtin	-			-
