abbrev	unresolved	none
base64	unresolved	none
benchmark	unresolved	none
bigdecimal	unresolved	none
bigdecimal/jacobian	unresolved	none
bigdecimal/ludcmp	unresolved	none
bigdecimal/math	unresolved	none
bigdecimal/newton	unresolved	none
bigdecimal/util	unresolved	none
cgi/cookie	unresolved	none
cgi/core	unresolved	none
cgi/html	unresolved	none
cgi/session	unresolved	none
cgi/session/pstore	unresolved	none
csv	unresolved	none
drb	unresolved	none
drb/acl	unresolved	none
drb/extserv	unresolved	none
drb/extservm	unresolved	none
drb/gw	unresolved	none
drb/observer	unresolved	none
drb/ssl	unresolved	none
drb/timeridconv	unresolved	none
drb/unix	unresolved	none
fiddle	unresolved	none
fiddle/import	unresolved	none
fiddle/types	unresolved	none
getoptlong	unresolved	none
io/console/size	unresolved	none
irb	unresolved	none
irb/cmd/nop	unresolved	none
irb/color	unresolved	none
irb/completion	unresolved	none
irb/context	unresolved	none
irb/debug	unresolved	none
irb/default_commands	unresolved	none
irb/easter-egg	unresolved	none
irb/ext/change-ws	unresolved	none
irb/ext/eval_history	unresolved	none
irb/ext/loader	unresolved	none
irb/ext/multi-irb	unresolved	none
irb/ext/tracer	unresolved	none
irb/ext/use-loader	unresolved	none
irb/ext/workspaces	unresolved	none
irb/frame	unresolved	none
irb/help	unresolved	none
irb/history	unresolved	none
irb/init	unresolved	none
irb/input-method	unresolved	none
irb/inspector	unresolved	none
irb/locale	unresolved	none
irb/notifier	unresolved	none
irb/output-method	unresolved	none
irb/pager	unresolved	none
irb/ruby-lex	unresolved	none
irb/startup_message	unresolved	none
irb/statement	unresolved	none
irb/version	unresolved	none
irb/workspace	unresolved	none
irb/ws-for-case-2	unresolved	none
irb/xmp	unresolved	none
json/add/bigdecimal	unresolved	none
json/add/complex	unresolved	none
json/add/core	unresolved	none
json/add/date	unresolved	none
json/add/date_time	unresolved	none
json/add/exception	unresolved	none
json/add/ostruct	unresolved	none
json/add/range	unresolved	none
json/add/rational	unresolved	none
json/add/regexp	unresolved	none
json/add/struct	unresolved	none
json/add/symbol	unresolved	none
json/add/time	unresolved	none
json/editor	unresolved	none
kconv	unresolved	none
logger	unresolved	none
matrix	unresolved	none
minitest/autorun	unresolved	none
minitest/mock	unresolved	none
minitest/spec	unresolved	none
minitest/unit	unresolved	none
mutex_m	unresolved	none
net/ftp	unresolved	none
net/imap	unresolved	none
net/pop	unresolved	none
net/smtp	unresolved	none
net/telnet	unresolved	none
nkf	unresolved	none
observer	unresolved	none
ostruct	unresolved	none
power_assert	unresolved	none
prime	unresolved	none
pstore	unresolved	none
racc/parser	unresolved	none
rake	unresolved	none
rake/classic_namespace	unresolved	none
rake/clean	unresolved	none
rake/gempackagetask	unresolved	none
rake/loaders/makefile	unresolved	none
rake/packagetask	unresolved	none
rake/rake_test_loader	unresolved	none
rake/rdoctask	unresolved	none
rake/runtest	unresolved	none
rake/tasklib	unresolved	none
rake/testtask	unresolved	none
rdoc	unresolved	none
rdoc/alias	unresolved	none
rdoc/anon_class	unresolved	none
rdoc/any_method	unresolved	none
rdoc/attr	unresolved	none
rdoc/class_module	unresolved	none
rdoc/code_object	unresolved	none
rdoc/code_objects	unresolved	none
rdoc/constant	unresolved	none
rdoc/context	unresolved	none
rdoc/generator	unresolved	none
rdoc/generator/darkfish	unresolved	none
rdoc/generator/json_index	unresolved	none
rdoc/generator/markup	unresolved	none
rdoc/generator/ri	unresolved	none
rdoc/ghost_method	unresolved	none
rdoc/include	unresolved	none
rdoc/known_classes	unresolved	none
rdoc/markdown	unresolved	none
rdoc/markdown/entities	unresolved	none
rdoc/markup	unresolved	none
rdoc/markup/formatter	unresolved	none
rdoc/markup/to_ansi	unresolved	none
rdoc/markup/to_bs	unresolved	none
rdoc/markup/to_html	unresolved	none
rdoc/markup/to_html_crossref	unresolved	none
rdoc/markup/to_rdoc	unresolved	none
rdoc/meta_method	unresolved	none
rdoc/normal_class	unresolved	none
rdoc/normal_module	unresolved	none
rdoc/options	unresolved	none
rdoc/parser	unresolved	none
rdoc/parser/c	unresolved	none
rdoc/parser/changelog	unresolved	none
rdoc/parser/markdown	unresolved	none
rdoc/parser/rd	unresolved	none
rdoc/parser/ruby	unresolved	none
rdoc/parser/ruby_tools	unresolved	none
rdoc/parser/simple	unresolved	none
rdoc/parser/text	unresolved	none
rdoc/rdoc.lib	unresolved	none
rdoc/require	unresolved	none
rdoc/single_class	unresolved	none
rdoc/stats	unresolved	none
rdoc/text	unresolved	none
rdoc/token_stream	unresolved	none
rdoc/top_level	unresolved	none
readline	unresolved	none
reline	unresolved	none
resolv-replace	unresolved	none
rexml	unresolved	none
rexml/document	unresolved	none
rexml/parsers/pullparser	unresolved	none
rexml/parsers/sax2parser	unresolved	none
rexml/parsers/streamparser	unresolved	none
rexml/parsers/ultralightparser	unresolved	none
rexml/sax2listener	unresolved	none
rexml/streamlistener	unresolved	none
rinda/rinda	unresolved	none
rinda/tuplespace	unresolved	none
rss	unresolved	none
rubygems/builder	unresolved	none
rubygems/commands/query_command	unresolved	none
rubygems/custom_require	unresolved	none
rubygems/digest/digest_adapter	unresolved	none
rubygems/digest/md5	unresolved	none
rubygems/digest/sha1	unresolved	none
rubygems/digest/sha2	unresolved	none
rubygems/doc_manager	unresolved	none
rubygems/format	unresolved	none
rubygems/gem_openssl	unresolved	none
rubygems/gem_path_searcher	unresolved	none
rubygems/indexer	unresolved	none
rubygems/old_format	unresolved	none
rubygems/package/f_sync_dir	unresolved	none
rubygems/package/tar_input	unresolved	none
rubygems/package/tar_output	unresolved	none
rubygems/require_paths_builder	unresolved	none
rubygems/source_index	unresolved	none
rubygems/source_info_cache	unresolved	none
rubygems/source_info_cache_entry	unresolved	none
rubygems/test_utilities	unresolved	none
rubygems/timer	unresolved	none
syslog	unresolved	none
syslog/logger	unresolved	none
test/unit	unresolved	none
thread	unresolved	none
tsort	unresolved	none
win32/registry	unresolved	none
win32ole	unresolved	none
xmlrpc	unresolved	none
