class	kind	method	vis	first	last	category	hint
ARGF.class	i	initialize	priv	1.9.1	4.0	DOC_ON_ANCESTOR	Object(Object.md)
ARGF.class	i	initialize_copy	priv	1.9.1	4.0	DOC_ON_ANCESTOR	Object(Object.md)
Array	i	deconstruct	pub	2.7	4.0	UNDOC	-
Array	i	detect	pub	4.0	4.0	DOC_ON_ANCESTOR	Enumerable(Enumerable.md)
Array	i	find	pub	4.0	4.0	DOC_ON_ANCESTOR	Enumerable(Enumerable.md)
Array	i	freeze	pub	3.4	4.0	DOC_ON_ANCESTOR	Object(Object.md)
Array	i	initialize_copy	priv	1.8.6	4.0	DOC_ON_ANCESTOR	Object(Object.md)
BasicObject	i	initialize	priv	1.9.2	4.0	DOC_ON_DESCENDANT	Object(Object.md)
Binding	i	clone	pub	1.8.6	4.0	DOC_ON_ANCESTOR	Object(Object.md)
Binding	i	dup	pub	1.8.6	4.0	DOC_ON_ANCESTOR	Object(Object.md)
Class	s	allocate	pub	3.1	4.0	UNDOC	-
Complex	i	eql?	pub	1.9.1	4.0	DOC_ON_ANCESTOR	Numeric(Numeric.md)
Complex	i	hash	pub	1.9.1	4.0	DOC_ON_ANCESTOR	Object(Object.md)
Complex	s	convert	priv	1.9.1	4.0	UNDOC	-
Data	i	initialize_copy	priv	3.2	4.0	DOC_ON_ANCESTOR	Object(Object.md)
Dir	i	chdir	pub	3.3	4.0	UNDOC	-
Encoding	i	_dump	pub	1.9.1	4.0	DOC_ON_ANCESTOR	Object(Object.md)
Encoding	s	_load	pub	1.9.1	4.0	UNDOC	-
Encoding::Converter	i	==	pub	1.9.3	4.0	DOC_ON_ANCESTOR	Object(Object.md)
Enumerator	i	each_with_index	pub	1.9.1	4.0	DOC_ON_ANCESTOR	Enumerable(Enumerable.md)
Enumerator	i	each_with_object	pub	1.9.1	4.0	DOC_ON_ANCESTOR	Enumerable(Enumerable.md)
Enumerator	i	initialize_copy	priv	1.9.1	4.0	DOC_ON_ANCESTOR	Object(Object.md)
Enumerator	i	inspect	pub	1.9.2	4.0	DOC_ON_ANCESTOR	Object(Object.md)
Enumerator::ArithmeticSequence	i	===	pub	2.6	4.0	DOC_ON_ANCESTOR	Object(Object.md)
Enumerator::ArithmeticSequence	i	eql?	pub	2.6	4.0	DOC_ON_ANCESTOR	Object(Object.md)
Enumerator::Chain	i	initialize_copy	priv	2.6	4.0	DOC_ON_ANCESTOR	Object(Object.md)
Enumerator::Generator	i	initialize	priv	1.9.1	4.0	DOC_ON_ANCESTOR	Object(Object.md)
Enumerator::Generator	i	initialize_copy	priv	1.9.1	4.0	DOC_ON_ANCESTOR	Object(Object.md)
Enumerator::Lazy	i	_enumerable_collect	priv	2.7	4.0	UNDOC	-
Enumerator::Lazy	i	_enumerable_collect_concat	priv	2.7	4.0	UNDOC	-
Enumerator::Lazy	i	_enumerable_drop	priv	2.7	4.0	UNDOC	-
Enumerator::Lazy	i	_enumerable_drop_while	priv	2.7	4.0	UNDOC	-
Enumerator::Lazy	i	_enumerable_filter	priv	2.7	4.0	UNDOC	-
Enumerator::Lazy	i	_enumerable_filter_map	priv	2.7	4.0	UNDOC	-
Enumerator::Lazy	i	_enumerable_find_all	priv	2.7	4.0	UNDOC	-
Enumerator::Lazy	i	_enumerable_flat_map	priv	2.7	4.0	UNDOC	-
Enumerator::Lazy	i	_enumerable_grep	priv	2.7	4.0	UNDOC	-
Enumerator::Lazy	i	_enumerable_grep_v	priv	2.7	4.0	UNDOC	-
Enumerator::Lazy	i	_enumerable_map	priv	2.7	4.0	UNDOC	-
Enumerator::Lazy	i	_enumerable_reject	priv	2.7	4.0	UNDOC	-
Enumerator::Lazy	i	_enumerable_select	priv	2.7	4.0	UNDOC	-
Enumerator::Lazy	i	_enumerable_take	priv	2.7	4.0	UNDOC	-
Enumerator::Lazy	i	_enumerable_take_while	priv	2.7	4.0	UNDOC	-
Enumerator::Lazy	i	_enumerable_uniq	priv	2.7	4.0	UNDOC	-
Enumerator::Lazy	i	_enumerable_with_index	priv	2.7	4.0	UNDOC	-
Enumerator::Lazy	i	_enumerable_zip	priv	2.7	4.0	UNDOC	-
Enumerator::Producer	i	each	pub	2.7	4.0	UNDOC	class-undocumented
Enumerator::Product	i	initialize_copy	priv	3.2	4.0	DOC_ON_ANCESTOR	Object(Object.md)
Enumerator::Yielder	i	initialize	priv	1.9.1	4.0	DOC_ON_ANCESTOR	Object(Object.md)
Exception	i	method_missing	priv	2.0.0	4.0	DOC_ON_ANCESTOR	BasicObject(BasicObject.md)
Exception	i	respond_to?	pub	2.0.0	4.0	DOC_ON_ANCESTOR	Object(Object.md)
Exception	i	respond_to_missing?	priv	2.0.0	4.0	DOC_ON_ANCESTOR	Object(Object.md)
FalseClass	i	===	pub	2.3	4.0	DOC_ON_ANCESTOR	Object(Object.md)
Fiber	i	inspect	pub	2.5	4.0	DOC_ON_ANCESTOR	Object(Object.md)
Fiber	i	to_s	pub	2.5	4.0	DOC_ON_ANCESTOR	Object(Object.md)
File::Stat	i	initialize_copy	priv	1.8.6	4.0	DOC_ON_ANCESTOR	Object(Object.md)
File::Stat	i	inspect	pub	1.8.6	4.0	DOC_ON_ANCESTOR	Object(Object.md)
Float	i	===	pub	1.9.1	4.0	DOC_ON_ANCESTOR	Object(Object.md)
Float	i	coerce	pub	1.8.6	4.0	DOC_ON_ANCESTOR	Numeric(Numeric.md)
Float	i	fdiv	pub	1.9.1	4.0	DOC_ON_ANCESTOR	Numeric(Numeric.md)
Float	i	quo	pub	1.9.1	4.0	DOC_ON_ANCESTOR	Numeric(Numeric.md)
Float	i	to_int	pub	1.8.6	4.0	DOC_ON_ANCESTOR	Numeric(Numeric.md)
GC	s	latest_compact_info	pub	3.0	4.0	UNDOC	-
GC	s	using_rvargc?	pub	3.1	3.2	UNDOC	-
GC	s	verify_internal_consistency	pub	2.1	4.0	UNDOC	-
GC	s	verify_transient_heap_internal_consistency	pub	2.6	3.2	UNDOC	-
Hash	i	any?	pub	2.2	4.0	DOC_ON_ANCESTOR	Enumerable(Enumerable.md)
Hash	i	deconstruct_keys	pub	2.7	4.0	UNDOC	-
Hash	i	freeze	pub	3.4	4.0	DOC_ON_ANCESTOR	Object(Object.md)
Hash	i	initialize_copy	priv	1.8.6	4.0	DOC_ON_ANCESTOR	Object(Object.md)
IO	i	initialize_copy	priv	1.8.6	4.0	DOC_ON_ANCESTOR	Object(Object.md)
IO	i	inspect	pub	1.8.6	4.0	DOC_ON_ANCESTOR	Object(Object.md)
IO::Buffer	i	initialize_copy	priv	3.2	4.0	DOC_ON_ANCESTOR	Object(Object.md)
Integer	i	coerce	pub	2.4	4.0	DOC_ON_ANCESTOR	Numeric(Numeric.md)
Interrupt	i	initialize	priv	1.8.6	4.0	DOC_ON_ANCESTOR	SignalException(SignalException.md)
Kernel	i	!~	pub	1.9.1	4.0	DOC_ON_DESCENDANT	Object(Object.md)
Kernel	i	<=>	pub	1.9.2	4.0	DOC_ON_DESCENDANT	Object(Object.md)
Kernel	i	===	pub	1.8.6	4.0	DOC_ON_DESCENDANT	Object(Object.md)
Kernel	i	=~	pub	1.8.6	3.1	DOC_ON_DESCENDANT	Object(Object.md)
Kernel	i	class	pub	1.8.6	4.0	DOC_ON_DESCENDANT	Object(Object.md)
Kernel	i	clone	pub	1.8.6	4.0	DOC_ON_DESCENDANT	Object(Object.md)
Kernel	i	define_singleton_method	pub	1.9.1	4.0	DOC_ON_DESCENDANT	Object(Object.md)
Kernel	i	display	pub	1.8.6	4.0	DOC_ON_DESCENDANT	Object(Object.md)
Kernel	i	dup	pub	1.8.6	4.0	DOC_ON_DESCENDANT	Object(Object.md)
Kernel	i	enum_for	pub	1.8.7	4.0	DOC_ON_DESCENDANT	Object(Object.md)
Kernel	i	eql?	pub	1.8.6	4.0	DOC_ON_DESCENDANT	Object(Object.md)
Kernel	i	extend	pub	1.8.6	4.0	DOC_ON_DESCENDANT	Object(Object.md)
Kernel	i	freeze	pub	1.8.6	4.0	DOC_ON_DESCENDANT	Object(Object.md)
Kernel	i	frozen?	pub	1.8.6	4.0	DOC_ON_DESCENDANT	Object(Object.md)
Kernel	i	hash	pub	1.8.6	4.0	DOC_ON_DESCENDANT	Object(Object.md)
Kernel	i	initialize_clone	priv	1.9.2	4.0	DOC_ON_DESCENDANT	Object(Object.md)
Kernel	i	initialize_copy	priv	1.8.6	4.0	DOC_ON_DESCENDANT	Object(Object.md)
Kernel	i	initialize_dup	priv	1.9.2	4.0	DOC_ON_DESCENDANT	Object(Object.md)
Kernel	i	inspect	pub	1.8.6	4.0	DOC_ON_DESCENDANT	Object(Object.md)
Kernel	i	instance_of?	pub	1.8.6	4.0	DOC_ON_DESCENDANT	Object(Object.md)
Kernel	i	instance_variable_defined?	pub	1.8.6	4.0	DOC_ON_DESCENDANT	Object(Object.md)
Kernel	i	instance_variable_get	pub	1.8.6	4.0	DOC_ON_DESCENDANT	Object(Object.md)
Kernel	i	instance_variable_set	pub	1.8.6	4.0	DOC_ON_DESCENDANT	Object(Object.md)
Kernel	i	instance_variables	pub	1.8.6	4.0	DOC_ON_DESCENDANT	Object(Object.md)
Kernel	i	instance_variables_to_inspect	priv	4.0	4.0	UNDOC	-
Kernel	i	is_a?	pub	1.8.6	4.0	DOC_ON_DESCENDANT	Object(Object.md)
Kernel	i	itself	pub	2.2	4.0	DOC_ON_DESCENDANT	Object(Object.md)
Kernel	i	kind_of?	pub	1.8.6	4.0	DOC_ON_DESCENDANT	Object(Object.md)
Kernel	i	method	pub	1.8.6	4.0	DOC_ON_DESCENDANT	Object(Object.md)
Kernel	i	methods	pub	1.8.6	4.0	DOC_ON_DESCENDANT	Object(Object.md)
Kernel	i	nil?	pub	1.8.6	4.0	DOC_ON_DESCENDANT	Object(Object.md)
Kernel	i	object_id	pub	1.8.6	4.0	DOC_ON_DESCENDANT	Object(Object.md)
Kernel	i	private_methods	pub	1.8.6	4.0	DOC_ON_DESCENDANT	Object(Object.md)
Kernel	i	protected_methods	pub	1.8.6	4.0	DOC_ON_DESCENDANT	Object(Object.md)
Kernel	i	public_method	pub	1.9.1	4.0	DOC_ON_DESCENDANT	Object(Object.md)
Kernel	i	public_methods	pub	1.8.6	4.0	DOC_ON_DESCENDANT	Object(Object.md)
Kernel	i	public_send	pub	1.9.1	4.0	DOC_ON_DESCENDANT	Object(Object.md)
Kernel	i	remove_instance_variable	pub	1.8.6	4.0	DOC_ON_DESCENDANT	Object(Object.md)
Kernel	i	respond_to?	pub	1.8.6	4.0	DOC_ON_DESCENDANT	Object(Object.md)
Kernel	i	respond_to_missing?	priv	1.9.2	4.0	DOC_ON_DESCENDANT	Object(Object.md)
Kernel	i	send	pub	1.8.6	4.0	DOC_ON_DESCENDANT	Object(Object.md)
Kernel	i	singleton_class	pub	1.9.2	4.0	DOC_ON_DESCENDANT	Object(Object.md)
Kernel	i	singleton_method	pub	2.1	4.0	DOC_ON_DESCENDANT	Object(Object.md)
Kernel	i	singleton_methods	pub	1.8.6	4.0	DOC_ON_DESCENDANT	Object(Object.md)
Kernel	i	taint	pub	1.8.6	3.1	DOC_ON_DESCENDANT	Object(Object.md)
Kernel	i	tainted?	pub	1.8.6	3.1	DOC_ON_DESCENDANT	Object(Object.md)
Kernel	i	tap	pub	1.8.7	4.0	DOC_ON_DESCENDANT	Object(Object.md)
Kernel	i	then	pub	2.6	4.0	DOC_ON_DESCENDANT	Object(Object.md)
Kernel	i	to_enum	pub	1.8.7	4.0	DOC_ON_DESCENDANT	Object(Object.md)
Kernel	i	to_s	pub	1.8.6	4.0	DOC_ON_DESCENDANT	Object(Object.md)
Kernel	i	trust	pub	1.9.1	3.1	DOC_ON_DESCENDANT	Object(Object.md)
Kernel	i	untaint	pub	1.8.6	3.1	DOC_ON_DESCENDANT	Object(Object.md)
Kernel	i	untrust	pub	1.9.1	3.1	DOC_ON_DESCENDANT	Object(Object.md)
Kernel	i	untrusted?	pub	1.9.1	3.1	DOC_ON_DESCENDANT	Object(Object.md)
Kernel	i	yield_self	pub	2.5	4.0	DOC_ON_DESCENDANT	Object(Object.md)
MatchData	i	initialize_copy	priv	1.8.6	4.0	DOC_ON_ANCESTOR	Object(Object.md)
Method	i	dup	pub	3.3	4.0	DOC_ON_ANCESTOR	Object(Object.md)
Module	i	==	pub	1.8.6	4.0	DOC_ON_ANCESTOR	Object(Object.md)
Module	i	initialize_clone	priv	2.2	4.0	DOC_ON_ANCESTOR	Object(Object.md)
Module	i	initialize_copy	priv	1.8.6	3.4	DOC_ON_ANCESTOR	Object(Object.md)
NilClass	i	===	pub	2.3	4.0	DOC_ON_ANCESTOR	Object(Object.md)
NilClass	i	inspect	pub	1.8.6	4.0	DOC_ON_ANCESTOR	Object(Object.md)
Numeric	i	clone	pub	2.5	4.0	DOC_ON_ANCESTOR	Object(Object.md)
Numeric	i	dup	pub	2.5	4.0	DOC_ON_ANCESTOR	Object(Object.md)
Numeric	i	singleton_method_added	pub	1.8.6	4.0	DOC_ON_ANCESTOR	BasicObject(BasicObject.private_methods_from_Object.md)
Pathname	i	add_trailing_separator	priv	4.0	4.0	UNDOC	-
Pathname	i	chop_basename	priv	4.0	4.0	UNDOC	-
Pathname	i	cleanpath_aggressive	priv	4.0	4.0	UNDOC	-
Pathname	i	cleanpath_conservative	priv	4.0	4.0	UNDOC	-
Pathname	i	del_trailing_separator	priv	4.0	4.0	UNDOC	-
Pathname	i	freeze	pub	4.0	4.0	DOC_ON_ANCESTOR	Object(Object.md)
Pathname	i	has_trailing_separator?	priv	4.0	4.0	UNDOC	-
Pathname	i	inspect	pub	4.0	4.0	DOC_ON_ANCESTOR	Object(Object.md)
Pathname	i	path	prot	4.0	4.0	UNDOC	-
Pathname	i	plus	priv	4.0	4.0	UNDOC	-
Pathname	i	prepend_prefix	priv	4.0	4.0	UNDOC	-
Pathname	i	same_paths?	priv	4.0	4.0	UNDOC	-
Pathname	i	split_names	priv	4.0	4.0	UNDOC	-
Proc	i	==	pub	1.8.6	4.0	DOC_ON_ANCESTOR	Object(Object.md)
Proc	i	clone	pub	1.8.6	4.0	DOC_ON_ANCESTOR	Object(Object.md)
Proc	i	dup	pub	1.8.6	4.0	DOC_ON_ANCESTOR	Object(Object.md)
Proc	i	eql?	pub	1.9.1	4.0	DOC_ON_ANCESTOR	Object(Object.md)
Process::Tms	s	[]	pub	2.1	4.0	DOC_ON_ANCESTOR	Struct(Struct.md)
Process::Tms	s	inspect	pub	2.5	4.0	UNDOC	-
Process::Tms	s	keyword_init?	pub	3.1	4.0	DOC_ON_ANCESTOR	Struct(Struct.md)
Process::Tms	s	members	pub	2.1	4.0	DOC_ON_ANCESTOR	Struct(Struct.md)
Process::Tms	s	new	pub	2.1	4.0	DOC_ON_ANCESTOR	Struct(Struct.md)
Ractor	i	[]	pub	3.0	4.0	UNDOC	-
Ractor	i	[]=	pub	3.0	4.0	UNDOC	-
Ractor	i	close_incoming	pub	3.0	3.4	UNDOC	-
Ractor	i	close_outgoing	pub	3.0	3.4	UNDOC	-
Ractor	i	inspect	pub	3.0	4.0	DOC_ON_ANCESTOR	Object(Object.md)
Ractor	i	to_s	pub	3.0	4.0	DOC_ON_ANCESTOR	Object(Object.md)
Ractor	s	_activated	priv	3.4	4.0	UNDOC	-
Ractor	s	_require	pub	3.4	4.0	UNDOC	-
Ractor::MovedObject	i	!	pub	3.0	4.0	DOC_ON_ANCESTOR	BasicObject(BasicObject.md)
Ractor::MovedObject	i	!=	pub	3.0	4.0	DOC_ON_ANCESTOR	BasicObject(BasicObject.md)
Ractor::MovedObject	i	==	pub	3.0	4.0	DOC_ON_ANCESTOR	BasicObject(BasicObject.md)
Ractor::MovedObject	i	__id__	pub	3.0	4.0	DOC_ON_ANCESTOR	BasicObject(BasicObject.md)
Ractor::MovedObject	i	__send__	pub	3.0	4.0	DOC_ON_ANCESTOR	BasicObject(BasicObject.md)
Ractor::MovedObject	i	equal?	pub	3.0	4.0	DOC_ON_ANCESTOR	BasicObject(BasicObject.md)
Ractor::MovedObject	i	instance_eval	pub	3.0	4.0	DOC_ON_ANCESTOR	BasicObject(BasicObject.public_methods_from_Object.md)
Ractor::MovedObject	i	instance_exec	pub	3.0	4.0	DOC_ON_ANCESTOR	BasicObject(BasicObject.public_methods_from_Object.md)
Ractor::MovedObject	i	method_missing	pub	3.0	4.0	DOC_ON_ANCESTOR	BasicObject(BasicObject.md)
Ractor::Port	i	initialize_copy	priv	4.0	4.0	DOC_ON_ANCESTOR	Object(Object.md)
Ractor::Port	i	inspect	pub	4.0	4.0	DOC_ON_ANCESTOR	Object(Object.md)
Random	i	initialize_copy	priv	1.9.2	4.0	DOC_ON_ANCESTOR	Object(Object.md)
Random	s	seed	pub	3.0	4.0	UNDOC	-
Random::Base	i	bytes	pub	3.0	4.0	DOC_ON_DESCENDANT	Random(Random.md)
Random::Base	i	initialize	priv	3.0	4.0	DOC_ON_ANCESTOR	Object(Object.md)
Random::Base	i	rand	pub	3.0	4.0	DOC_ON_ANCESTOR	Kernel(functions.md)
Random::Base	i	seed	pub	3.0	4.0	DOC_ON_DESCENDANT	Random(Random.md)
Random::Formatter	i	rand	pub	2.4	4.0	DOC_ON_DESCENDANT	Random(Random.md)
Random::Formatter	i	random_number	pub	2.3	4.0	UNDOC	-
Range	i	count	pub	2.7	4.0	DOC_ON_ANCESTOR	Enumerable(Enumerable.md)
Range	i	initialize_copy	priv	1.9.1	4.0	DOC_ON_ANCESTOR	Object(Object.md)
Range	i	to_set	pub	4.0	4.0	DOC_ON_ANCESTOR	Enumerable(Enumerable.md)
Regexp	i	initialize_copy	priv	1.8.6	4.0	DOC_ON_ANCESTOR	Object(Object.md)
Ruby::Box::Loader	i	load	priv	4.0	4.0	UNDOC	class-undocumented
Ruby::Box::Loader	i	require	priv	4.0	4.0	UNDOC	class-undocumented
Ruby::Box::Loader	i	require_relative	priv	4.0	4.0	UNDOC	class-undocumented
Ruby::Box::Loader	s	load	pub	4.0	4.0	UNDOC	class-undocumented
Ruby::Box::Loader	s	require	pub	4.0	4.0	UNDOC	class-undocumented
Ruby::Box::Loader	s	require_relative	pub	4.0	4.0	UNDOC	class-undocumented
RubyVM	s	keep_script_lines	pub	3.1	4.0	UNDOC	-
RubyVM	s	keep_script_lines=	pub	3.1	4.0	UNDOC	-
RubyVM::AbstractSyntaxTree	s	node_id_for_backtrace_location	pub	3.2	4.0	UNDOC	-
RubyVM::AbstractSyntaxTree::Location	i	first_column	pub	3.4	4.0	UNDOC	class-undocumented
RubyVM::AbstractSyntaxTree::Location	i	first_lineno	pub	3.4	4.0	UNDOC	class-undocumented
RubyVM::AbstractSyntaxTree::Location	i	inspect	pub	3.4	4.0	DOC_ON_ANCESTOR	Object(Object.md)
RubyVM::AbstractSyntaxTree::Location	i	last_column	pub	3.4	4.0	UNDOC	class-undocumented
RubyVM::AbstractSyntaxTree::Location	i	last_lineno	pub	3.4	4.0	UNDOC	class-undocumented
RubyVM::AbstractSyntaxTree::Node	i	all_tokens	pub	3.2	4.0	UNDOC	-
RubyVM::AbstractSyntaxTree::Node	i	locations	pub	3.4	4.0	UNDOC	-
RubyVM::AbstractSyntaxTree::Node	i	node_id	pub	3.1	4.0	UNDOC	-
RubyVM::AbstractSyntaxTree::Node	i	script_lines	pub	3.1	4.0	UNDOC	-
RubyVM::AbstractSyntaxTree::Node	i	source	pub	3.1	4.0	UNDOC	-
RubyVM::AbstractSyntaxTree::Node	i	tokens	pub	3.2	4.0	UNDOC	-
RubyVM::InstructionSequence	i	each_child	pub	2.5	4.0	UNDOC	-
RubyVM::InstructionSequence	i	script_lines	pub	3.1	4.0	UNDOC	-
RubyVM::InstructionSequence	i	trace_points	pub	2.5	4.0	UNDOC	-
RubyVM::InstructionSequence	s	compile_file_prism	pub	3.3	4.0	UNDOC	-
RubyVM::InstructionSequence	s	compile_parsey	pub	3.4	4.0	UNDOC	-
RubyVM::InstructionSequence	s	compile_prism	pub	3.3	4.0	UNDOC	-
RubyVM::RJIT	s	enable	pub	3.3	3.4	UNDOC	class-undocumented
RubyVM::RJIT	s	enabled?	pub	3.3	3.4	UNDOC	class-undocumented
RubyVM::YJIT	s	_print_stats	priv	3.1	3.1	UNDOC	-
RubyVM::YJIT	s	print_counters	priv	3.1	3.1	UNDOC	-
RubyVM::YJIT	s	print_sorted_exit_counts	priv	3.1	3.1	UNDOC	-
RubyVM::YJIT	s	simulate_oom!	pub	3.1	3.1	UNDOC	-
RubyVM::YJIT	s	total_exit_count	priv	3.1	3.1	UNDOC	-
Set	i	<=>	pub	4.0	4.0	DOC_ON_ANCESTOR	Object(Object.md)
Set	i	eql?	pub	4.0	4.0	DOC_ON_ANCESTOR	Object(Object.md)
Set	i	hash	pub	4.0	4.0	DOC_ON_ANCESTOR	Object(Object.md)
Set	i	initialize_copy	priv	4.0	4.0	DOC_ON_ANCESTOR	Object(Object.md)
Set	i	to_set	pub	4.0	4.0	DOC_ON_ANCESTOR	Enumerable(Enumerable.md)
Set	s	inherited	priv	4.0	4.0	UNDOC	-
String	i	dup	pub	3.3	4.0	DOC_ON_ANCESTOR	Object(Object.md)
String	i	freeze	pub	2.1	4.0	DOC_ON_ANCESTOR	Object(Object.md)
String	i	initialize_copy	priv	1.8.6	4.0	DOC_ON_ANCESTOR	Object(Object.md)
Struct	i	initialize_copy	priv	1.8.6	4.0	DOC_ON_ANCESTOR	Object(Object.md)
Symbol	i	===	pub	1.8.6	4.0	DOC_ON_ANCESTOR	Object(Object.md)
SyntaxError	i	initialize	priv	2.4	4.0	DOC_ON_ANCESTOR	Exception(Exception.md)
Thread::ConditionVariable	i	marshal_dump	pub	2.3	4.0	DOC_ON_ANCESTOR	Object(Object.md)
Thread::Queue	i	freeze	pub	3.3	4.0	DOC_ON_ANCESTOR	Object(Object.md)
Thread::Queue	i	marshal_dump	pub	2.3	4.0	DOC_ON_ANCESTOR	Object(Object.md)
Thread::SizedQueue	i	clear	pub	2.3	4.0	DOC_ON_ANCESTOR	Thread::Queue(thread/Queue.md)
Thread::SizedQueue	i	freeze	pub	3.3	3.3	DOC_ON_ANCESTOR	Object(Object.md)
Thread::SizedQueue	i	num_waiting	pub	2.3	4.0	DOC_ON_ANCESTOR	Thread::Queue(thread/Queue.md)
Time	i	_dump	priv	1.8.6	4.0	DOC_ON_ANCESTOR	Object(Object.md)
Time	i	initialize_copy	priv	1.8.6	4.0	DOC_ON_ANCESTOR	Object(Object.md)
Time	s	_load	priv	1.8.6	4.0	UNDOC	-
TrueClass	i	===	pub	2.3	4.0	DOC_ON_ANCESTOR	Object(Object.md)
UnboundMethod	i	dup	pub	3.3	4.0	DOC_ON_ANCESTOR	Object(Object.md)
UncaughtThrowError	i	initialize	priv	2.2	4.0	DOC_ON_ANCESTOR	Exception(Exception.md)
main	s	ruby2_keywords	priv	2.7	4.0	UNDOC	-
