name	kind	source
DEBUGGER__	bundled-gem	stdlib-doc
Matrix	bundled-gem	stdlib-doc
MiniTest	bundled-gem	stdlib-doc
Net::FTP	bundled-gem	stdlib-doc
Net::IMAP	bundled-gem	stdlib-doc
Net::POP3	bundled-gem	stdlib-doc
Net::SMTP	bundled-gem	stdlib-doc
PowerAssert	bundled-gem	stdlib-doc
Prime	bundled-gem	stdlib-doc
Racc	bundled-gem	stdlib-doc
Rake	bundled-gem	stdlib-doc
RBS	bundled-gem	stdlib-doc
REXML	bundled-gem	stdlib-doc
RSS	bundled-gem	stdlib-doc
Test::Unit	bundled-gem	stdlib-doc
TypeProf	bundled-gem	stdlib-doc
Abbrev	default-gem	stdlib-doc
Base64	default-gem	stdlib-doc
Benchmark	default-gem	stdlib-doc
BigDecimal	default-gem	stdlib-doc
Bundler	default-gem	stdlib-doc
CGI	default-gem	stdlib-doc
CSV	default-gem	stdlib-doc
Date	default-gem	stdlib-doc
DateTime	default-gem	stdlib-doc
Delegator	default-gem	stdlib-doc
DidYouMean	default-gem	stdlib-doc
Digest	default-gem	stdlib-doc
DRb	default-gem	stdlib-doc
English	default-gem	stdlib-doc
ERB	default-gem	stdlib-doc
ErrorHighlight	default-gem	stdlib-doc
Etc	default-gem	stdlib-doc
Fcntl	default-gem	stdlib-doc
Fiddle	default-gem	stdlib-doc
FileUtils	default-gem	stdlib-doc
Find	default-gem	stdlib-doc
Forwardable	default-gem	stdlib-doc
GetoptLong	default-gem	stdlib-doc
IO	default-gem	stdlib-doc
IPAddr	default-gem	stdlib-doc
IRB	default-gem	stdlib-doc
JSON	default-gem	stdlib-doc
Logger	default-gem	stdlib-doc
Mutex_m	default-gem	stdlib-doc
Net::HTTP	default-gem	stdlib-doc
NKF	default-gem	stdlib-doc
Observable	default-gem	stdlib-doc
Open3	default-gem	stdlib-doc
OpenSSL	default-gem	stdlib-doc
OpenStruct	default-gem	stdlib-doc
OpenURI	default-gem	stdlib-doc
OptionParser	default-gem	stdlib-doc
Pathname	default-gem	stdlib-doc
PP	default-gem	stdlib-doc
PrettyPrinter	default-gem	stdlib-doc
Prism	default-gem	stdlib-doc
PStore	default-gem	stdlib-doc
Psych	default-gem	stdlib-doc
RDoc	default-gem	stdlib-doc
Readline	default-gem	stdlib-doc
Reline	default-gem	stdlib-doc
Resolv	default-gem	stdlib-doc
resolv-replace.rb	default-gem	stdlib-doc
Rinda	default-gem	stdlib-doc
SecureRandom	default-gem	stdlib-doc
Set	default-gem	stdlib-doc
Shellwords	default-gem	stdlib-doc
Singleton	default-gem	stdlib-doc
StringIO	default-gem	stdlib-doc
StringScanner	default-gem	stdlib-doc
Syslog	default-gem	stdlib-doc
Tempfile	default-gem	stdlib-doc
Time	default-gem	stdlib-doc
Timeout	default-gem	stdlib-doc
tmpdir.rb	default-gem	stdlib-doc
TSort	default-gem	stdlib-doc
un.rb	default-gem	stdlib-doc
URI	default-gem	stdlib-doc
WeakRef	default-gem	stdlib-doc
WIN32OLE	default-gem	stdlib-doc
YAML	default-gem	stdlib-doc
Zlib	default-gem	stdlib-doc
Coverage	ext	stdlib-doc
Monitor	ext	stdlib-doc
objspace	ext	stdlib-doc
PTY	ext	stdlib-doc
Ripper	ext	stdlib-doc
Socket	ext	stdlib-doc
Gem	lib	stdlib-doc
MakeMakefile	lib	stdlib-doc
RbConfig	lib	stdlib-doc
