English.gemspec	file
English.rb	file
abbrev.gemspec	file
abbrev.rb	file
base64.gemspec	file
base64.rb	file
benchmark.rb	file
benchmark	dir
bundler.rb	file
bundler	dir
cgi.rb	file
cgi	dir
csv.rb	file
csv	dir
delegate.rb	file
delegate	dir
did_you_mean.rb	file
did_you_mean	dir
drb.rb	file
drb	dir
erb.gemspec	file
erb.rb	file
erb	dir
error_highlight.rb	file
error_highlight	dir
fileutils.gemspec	file
fileutils.rb	file
find.gemspec	file
find.rb	file
forwardable.rb	file
forwardable	dir
getoptlong.rb	file
getoptlong	dir
ipaddr.gemspec	file
ipaddr.rb	file
irb.rb	file
irb	dir
logger.rb	file
logger	dir
mkmf.rb	file
mutex_m.gemspec	file
mutex_m.rb	file
net	dir
observer.rb	file
observer	dir
open-uri.gemspec	file
open-uri.rb	file
open3.rb	file
open3	dir
optionparser.rb	file
optparse.rb	file
optparse	dir
ostruct.rb	file
ostruct	dir
pp.gemspec	file
pp.rb	file
prettyprint.gemspec	file
prettyprint.rb	file
pstore.rb	file
pstore	dir
racc.rb	file
racc	dir
random	dir
rdoc.rb	file
rdoc	dir
readline.gemspec	file
readline.rb	file
reline.rb	file
reline	dir
resolv-replace.gemspec	file
resolv-replace.rb	file
resolv.gemspec	file
resolv.rb	file
rinda	dir
ruby2_keywords.gemspec	file
rubygems.rb	file
rubygems	dir
securerandom.gemspec	file
securerandom.rb	file
set.rb	file
set	dir
shellwords.gemspec	file
shellwords.rb	file
singleton.rb	file
singleton	dir
tempfile.gemspec	file
tempfile.rb	file
time.gemspec	file
time.rb	file
timeout.rb	file
timeout	dir
tmpdir.gemspec	file
tmpdir.rb	file
tsort.gemspec	file
tsort.rb	file
un.gemspec	file
un.rb	file
unicode_normalize	dir
uri.rb	file
uri	dir
weakref.rb	file
weakref	dir
yaml.rb	file
yaml	dir
