064	irb/cmd/subirb	irb	still-failed
067	irb/context	irb	ok
070	irb/ext/history	irb	ok
072	irb/ext/multi-irb	irb	still-failed
075	irb/ext/use-loader	irb	ok
077	irb/extend-command	irb	ok
090	irb/workspace	irb	ok
091	irb/ws-for-case-2	irb	still-failed
147	rake/loaders/makefile	rake	ok
156	rdoc/alias	rdoc	ok
157	rdoc/anon_class	rdoc	ok
158	rdoc/any_method	rdoc	ok
159	rdoc/attr	rdoc	ok
160	rdoc/class_module	rdoc	ok
161	rdoc/code_object	rdoc	ok
163	rdoc/constant	rdoc	ok
164	rdoc/context	rdoc	ok
165	rdoc/generator	rdoc	ok
166	rdoc/generator/darkfish	rdoc	ok
167	rdoc/generator/json_index	rdoc	ok
168	rdoc/generator/markup	rdoc	ok
169	rdoc/generator/ri	rdoc	ok
170	rdoc/ghost_method	rdoc	ok
171	rdoc/include	rdoc	ok
173	rdoc/markdown	rdoc	ok
174	rdoc/markdown/entities	rdoc	ok
175	rdoc/markup	rdoc	ok
176	rdoc/markup/formatter	rdoc	ok
177	rdoc/markup/to_ansi	rdoc	ok
178	rdoc/markup/to_bs	rdoc	ok
179	rdoc/markup/to_html	rdoc	ok
180	rdoc/markup/to_html_crossref	rdoc	ok
181	rdoc/markup/to_rdoc	rdoc	ok
182	rdoc/meta_method	rdoc	ok
183	rdoc/normal_class	rdoc	ok
184	rdoc/normal_module	rdoc	ok
185	rdoc/options	rdoc	ok
186	rdoc/parser	rdoc	ok
187	rdoc/parser/c	rdoc	ok
188	rdoc/parser/changelog	rdoc	ok
189	rdoc/parser/markdown	rdoc	ok
190	rdoc/parser/rd	rdoc	ok
191	rdoc/parser/ruby	rdoc	ok
192	rdoc/parser/ruby_tools	rdoc	ok
193	rdoc/parser/simple	rdoc	ok
194	rdoc/parser/text	rdoc	ok
196	rdoc/require	rdoc	ok
197	rdoc/single_class	rdoc	ok
198	rdoc/stats	rdoc	ok
199	rdoc/text	rdoc	ok
200	rdoc/token_stream	rdoc	ok
201	rdoc/top_level	rdoc	ok
304	yaml/dbm	yaml	still-failed
