001	English	0
003	abbrev	0
004	base64	0
005	benchmark	0
006	bigdecimal	0
007	bigdecimal/jacobian	0
008	bigdecimal/ludcmp	0
009	bigdecimal/math	0
010	bigdecimal/newton	0
011	bigdecimal/util	0
012	bundler	0
013	cgi	0
014	cgi/cookie	0
015	cgi/core	0
016	cgi/html	0
017	cgi/session	0
018	cgi/session/pstore	0
019	cgi/util	0
020	continuation	0
021	coverage	0
022	csv	0
023	date	0
024	delegate	0
025	did_you_mean	0
026	digest	0
027	digest/bubblebabble	0
028	digest/md5	0
029	digest/rmd160	0
030	digest/sha1	0
031	digest/sha2	0
032	drb	0
033	drb/acl	0
034	drb/extserv	0
035	drb/extservm	0
036	drb/gw	0
037	drb/observer	0
038	drb/ssl	0
039	drb/timeridconv	0
040	drb/unix	0
041	erb	0
042	error_highlight	0
043	etc	0
044	expect	0
045	fcntl	0
046	fiddle	0
047	fiddle/import	0
048	fiddle/types	0
049	fileutils	0
050	find	0
051	forwardable	0
052	getoptlong	0
053	io/console	0
054	io/console/size	0
055	io/nonblock	0
056	io/wait	0
057	ipaddr	0
058	irb	0
059	irb/cmd/chws	0
060	irb/cmd/help	0
061	irb/cmd/load	0
062	irb/cmd/nop	0
063	irb/cmd/pushws	0
064	irb/cmd/subirb	0
065	irb/color	0
066	irb/completion	0
067	irb/context	0
068	irb/easter-egg	0
069	irb/ext/change-ws	0
070	irb/ext/history	0
071	irb/ext/loader	0
072	irb/ext/multi-irb	0
073	irb/ext/save-history	0
074	irb/ext/tracer	0
075	irb/ext/use-loader	0
076	irb/ext/workspaces	0
077	irb/extend-command	0
078	irb/frame	0
079	irb/help	0
080	irb/init	0
081	irb/input-method	0
082	irb/inspector	0
083	irb/locale	0
084	irb/magic-file	0
085	irb/notifier	0
086	irb/output-method	0
087	irb/ruby-lex	0
088	irb/src_encoding	0
089	irb/version	0
090	irb/workspace	0
091	irb/ws-for-case-2	0
092	irb/xmp	0
093	json	0
094	json/add/bigdecimal	0
095	json/add/complex	0
096	json/add/core	0
097	json/add/date	0
098	json/add/date_time	0
099	json/add/exception	0
100	json/add/ostruct	0
101	json/add/range	0
102	json/add/rational	0
103	json/add/regexp	0
104	json/add/struct	0
105	json/add/symbol	0
106	json/add/time	0
107	kconv	0
108	logger	0
109	matrix	0
110	minitest/autorun	0
111	minitest/mock	0
112	minitest/spec	0
113	minitest/unit	0
114	mkmf	0
115	monitor	0
116	mutex_m	0
117	net/ftp	0
118	net/http	0
119	net/https	0
120	net/imap	0
121	net/pop	0
122	net/protocol	0
123	net/smtp	0
124	nkf	0
125	objspace	0
126	observer	0
127	open-uri	0
128	open3	0
129	openssl	0
130	optparse	0
131	optparse/date	0
132	optparse/shellwords	0
133	optparse/time	0
134	optparse/uri	0
135	ostruct	0
136	pathname	0
137	power_assert	0
138	pp	0
139	prettyprint	0
140	prime	0
141	pstore	0
142	psych	0
143	pty	0
144	racc/parser	0
145	rake	0
146	rake/clean	0
147	rake/loaders/makefile	0
148	rake/packagetask	0
149	rake/rake_test_loader	0
150	rake/tasklib	0
151	rake/testtask	0
152	rbconfig	0
153	rbconfig/sizeof	0
154	rbs	0
155	rdoc	0
156	rdoc/alias	0
157	rdoc/anon_class	0
158	rdoc/any_method	0
159	rdoc/attr	0
160	rdoc/class_module	0
161	rdoc/code_object	0
162	rdoc/code_objects	0
163	rdoc/constant	0
164	rdoc/context	0
165	rdoc/generator	0
166	rdoc/generator/darkfish	0
167	rdoc/generator/json_index	0
168	rdoc/generator/markup	0
169	rdoc/generator/ri	0
170	rdoc/ghost_method	0
171	rdoc/include	0
172	rdoc/known_classes	0
173	rdoc/markdown	0
174	rdoc/markdown/entities	0
175	rdoc/markup	0
176	rdoc/markup/formatter	0
177	rdoc/markup/to_ansi	0
178	rdoc/markup/to_bs	0
179	rdoc/markup/to_html	0
180	rdoc/markup/to_html_crossref	0
181	rdoc/markup/to_rdoc	0
182	rdoc/meta_method	0
183	rdoc/normal_class	0
184	rdoc/normal_module	0
185	rdoc/options	0
186	rdoc/parser	0
187	rdoc/parser/c	0
188	rdoc/parser/changelog	0
189	rdoc/parser/markdown	0
190	rdoc/parser/rd	0
191	rdoc/parser/ruby	0
192	rdoc/parser/ruby_tools	0
193	rdoc/parser/simple	0
194	rdoc/parser/text	0
195	rdoc/rdoc	0
196	rdoc/require	0
197	rdoc/single_class	0
198	rdoc/stats	0
199	rdoc/text	0
200	rdoc/token_stream	0
201	rdoc/top_level	0
202	readline	0
203	reline	0
204	resolv	0
205	resolv-replace	0
206	rexml	0
207	rexml/document	0
208	rexml/parsers/pullparser	0
209	rexml/parsers/sax2parser	0
210	rexml/parsers/streamparser	0
211	rexml/parsers/ultralightparser	0
212	rexml/sax2listener	0
213	rexml/streamlistener	0
214	rinda/rinda	0
215	rinda/tuplespace	0
216	ripper	0
217	ripper/filter	0
218	ripper/lexer	0
219	ripper/sexp	0
220	rss	0
221	rubygems	0
222	rubygems/command	0
223	rubygems/command_manager	0
224	rubygems/commands/build_command	0
225	rubygems/commands/cert_command	0
226	rubygems/commands/check_command	0
227	rubygems/commands/cleanup_command	0
228	rubygems/commands/contents_command	0
229	rubygems/commands/dependency_command	0
230	rubygems/commands/environment_command	0
231	rubygems/commands/fetch_command	0
232	rubygems/commands/generate_index_command	0
233	rubygems/commands/help_command	0
234	rubygems/commands/install_command	0
235	rubygems/commands/list_command	0
236	rubygems/commands/lock_command	0
237	rubygems/commands/mirror_command	0
238	rubygems/commands/outdated_command	0
239	rubygems/commands/pristine_command	0
240	rubygems/commands/query_command	0
241	rubygems/commands/rdoc_command	0
242	rubygems/commands/search_command	0
243	rubygems/commands/server_command	0
244	rubygems/commands/sources_command	0
245	rubygems/commands/specification_command	0
246	rubygems/commands/stale_command	0
247	rubygems/commands/uninstall_command	0
248	rubygems/commands/unpack_command	0
249	rubygems/commands/update_command	0
250	rubygems/commands/which_command	0
251	rubygems/config_file	0
252	rubygems/defaults	0
253	rubygems/dependency	0
254	rubygems/dependency_installer	0
255	rubygems/dependency_list	0
256	rubygems/exceptions	0
257	rubygems/ext	0
258	rubygems/ext/builder	0
259	rubygems/ext/configure_builder	0
260	rubygems/ext/ext_conf_builder	0
261	rubygems/ext/rake_builder	0
262	rubygems/gem_runner	0
263	rubygems/indexer	0
264	rubygems/install_update_options	0
265	rubygems/installer	0
266	rubygems/local_remote_options	0
267	rubygems/package	0
268	rubygems/package/tar_header	0
269	rubygems/package/tar_reader	0
270	rubygems/package/tar_reader/entry	0
271	rubygems/package/tar_writer	0
272	rubygems/platform	0
273	rubygems/remote_fetcher	0
274	rubygems/requirement	0
275	rubygems/security	0
276	rubygems/spec_fetcher	0
277	rubygems/specification	0
278	rubygems/uninstaller	0
279	rubygems/user_interaction	0
280	rubygems/validator	0
281	rubygems/version	0
282	rubygems/version_option	0
283	securerandom	0
284	set	0
285	shellwords	0
286	singleton	0
287	socket	0
288	stringio	0
289	strscan	0
290	syslog	0
291	syslog/logger	0
292	tempfile	0
293	test/unit	0
294	thread	0
295	time	0
296	timeout	0
297	tmpdir	0
298	tsort	0
299	typeprof	0
300	un	0
301	uri	0
302	weakref	0
303	yaml	0
304	yaml/dbm	0
305	yaml/store	0
306	zlib	0
