lib	scope	class	typemark	name	dbkind	category
_builtin	builtin	Class	#	_load	defined	EXCESS(no-method)
_builtin	builtin	Data	.	[]	defined	EXCESS(no-method)
_builtin	builtin	Data	.	members	defined	EXCESS(no-method)
_builtin	builtin	Data	.	new	defined	EXCESS(no-method)
_builtin	builtin	File::Stat	#	birthtime	defined	EXCESS(no-method)
_builtin	builtin	Numeric	#	/	defined	EXCESS(no-method)
_builtin	builtin	Object	#	_dump	defined	EXCESS(no-method)
_builtin	builtin	Object	#	marshal_dump	defined	EXCESS(no-method)
_builtin	builtin	Object	#	marshal_load	defined	EXCESS(no-method)
_builtin	builtin	Object	::	DATA	defined	EXCESS(no-method)
_builtin	builtin	Object	::	SCRIPT_LINES__	defined	EXCESS(no-method)
_builtin	builtin	Process::Sys	.#	issetugid	defined	EXCESS(no-method)
_builtin	builtin	Process::Sys	.#	setrgid	defined	EXCESS(no-method)
_builtin	builtin	Process::Sys	.#	setruid	defined	EXCESS(no-method)
_builtin	builtin	Random::Formatter	#	alphanumeric	defined	EXCESS(no-method)
_builtin	builtin	RubyVM::YJIT	.	code_gc	defined	EXCESS(no-class)
_builtin	builtin	RubyVM::YJIT	.	dump_exit_locations	defined	EXCESS(no-class)
_builtin	builtin	RubyVM::YJIT	.	enabled?	defined	EXCESS(no-class)
_builtin	builtin	RubyVM::YJIT	.	reset_stats!	defined	EXCESS(no-class)
_builtin	builtin	RubyVM::YJIT	.	runtime_stats	defined	EXCESS(no-class)
_builtin	builtin	RubyVM::YJIT	.	stats_enabled?	defined	EXCESS(no-class)
_builtin	builtin	Struct	.	[]	defined	EXCESS(no-method)
_builtin	builtin	Struct	.	keyword_init?	defined	EXCESS(no-method)
_builtin	builtin	Struct	.	members	defined	EXCESS(no-method)
_builtin	builtin	Thread	.	DEBUG	defined	EXCESS(no-method)
_builtin	builtin	Thread	.	DEBUG=	defined	EXCESS(no-method)
cgi/core	stdlib	CGI	::	MAX_MULTIPART_LENGTH	defined	EXCESS(no-method)
cgi/core	stdlib	CGI::QueryExtension::Value	#	[]	defined	EXCESS(no-class)
cgi/core	stdlib	CGI::QueryExtension::Value	#	first	defined	EXCESS(no-class)
cgi/core	stdlib	CGI::QueryExtension::Value	#	last	defined	EXCESS(no-class)
cgi/core	stdlib	CGI::QueryExtension::Value	#	set_params	defined	EXCESS(no-class)
cgi/core	stdlib	CGI::QueryExtension::Value	#	to_a	defined	EXCESS(no-class)
cgi/core	stdlib	CGI::QueryExtension::Value	#	to_ary	defined	EXCESS(no-class)
cgi/html	stdlib	CGI::Html3	#	element_init	defined	EXCESS(no-method)
cgi/html	stdlib	CGI::Html4	#	element_init	defined	EXCESS(no-method)
cgi/html	stdlib	CGI::Html4Fr	#	element_init	defined	EXCESS(no-method)
cgi/html	stdlib	CGI::Html4Tr	#	element_init	defined	EXCESS(no-method)
cgi/util	stdlib	CGI	::	RFC822_DAYS	added	EXCESS(no-method)
cgi/util	stdlib	CGI	::	RFC822_MONTHS	added	EXCESS(no-method)
date	stdlib	DateTime	.	today	defined	EXCESS(no-method)
etc	stdlib	Etc::Passwd	#	age	defined	EXCESS(no-method)
etc	stdlib	Etc::Passwd	#	age=	defined	EXCESS(no-method)
etc	stdlib	Etc::Passwd	#	change	defined	EXCESS(no-method)
etc	stdlib	Etc::Passwd	#	change=	defined	EXCESS(no-method)
etc	stdlib	Etc::Passwd	#	comment	defined	EXCESS(no-method)
etc	stdlib	Etc::Passwd	#	comment=	defined	EXCESS(no-method)
etc	stdlib	Etc::Passwd	#	expire	defined	EXCESS(no-method)
etc	stdlib	Etc::Passwd	#	expire=	defined	EXCESS(no-method)
etc	stdlib	Etc::Passwd	#	quota	defined	EXCESS(no-method)
etc	stdlib	Etc::Passwd	#	quota=	defined	EXCESS(no-method)
etc	stdlib	Etc::Passwd	#	uclass	defined	EXCESS(no-method)
etc	stdlib	Etc::Passwd	#	uclass=	defined	EXCESS(no-method)
fiddle	stdlib	Fiddle	.	win32_last_error	defined	EXCESS(no-method)
fiddle	stdlib	Fiddle	.	win32_last_error=	defined	EXCESS(no-method)
fiddle	stdlib	Fiddle::Function	::	STDCALL	defined	EXCESS(no-method)
fiddle/import	stdlib	Fiddle::CStruct	#	to_i	defined	EXCESS(no-method)
fiddle/import	stdlib	Fiddle::CStruct	#	to_ptr	defined	EXCESS(no-method)
fiddle/import	stdlib	Fiddle::CStruct	.	malloc	defined	EXCESS(no-method)
fiddle/import	stdlib	Fiddle::CStruct	.	size	defined	EXCESS(no-method)
irb/context	stdlib	IRB::Context	#	debug?	defined	EXCESS(no-method)
irb/context	stdlib	IRB::Context	#	debug_level	defined	EXCESS(no-method)
irb/context	stdlib	IRB::Context	#	debug_level=	defined	EXCESS(no-method)
irb/ext/tracer	stdlib	IRB::Context	#	use_tracer	added	EXCESS(no-method)
irb/ext/tracer	stdlib	IRB::Context	#	use_tracer?	added	EXCESS(no-method)
irb/input-method	stdlib	IRB::InputMethod	#	readable_atfer_eof?	defined	EXCESS(no-method)
irb/input-method	stdlib	IRB::ReadlineInputMethod	#	readable_atfer_eof?	defined	EXCESS(no-method)
irb/input-method	stdlib	IRB::StdioInputMethod	#	readable_atfer_eof?	defined	EXCESS(no-method)
irb/magic-file	stdlib	IRB::MagicFile	.	ENCODING_SPEC_RE	defined	EXCESS(no-method)
json	stdlib	JSON::Ext::Generator::GeneratorMethods::String::Extend	.	json_create	defined	EXCESS(no-method)
mutex_m	stdlib	Mutex_m	#	lock	defined	EXCESS(no-method)
mutex_m	stdlib	Mutex_m	#	locked?	defined	EXCESS(no-method)
mutex_m	stdlib	Mutex_m	#	synchronize	defined	EXCESS(no-method)
mutex_m	stdlib	Mutex_m	#	try_lock	defined	EXCESS(no-method)
mutex_m	stdlib	Mutex_m	#	unlock	defined	EXCESS(no-method)
net/http	stdlib	Net::HTTPHeader	#	method	defined	EXCESS(no-method)
net/http	stdlib	Net::HTTPResponse	#	reader_header	defined	EXCESS(no-method)
net/pop	bundled	Net::POP3	::	Revision	defined	EXCESS(no-method)
openssl	stdlib	OpenSSL::Digest::DSS	.	digest	defined	EXCESS(no-class)
openssl	stdlib	OpenSSL::Digest::DSS	.	hexdigest	defined	EXCESS(no-class)
openssl	stdlib	OpenSSL::Digest::DSS	.	new	defined	EXCESS(no-class)
openssl	stdlib	OpenSSL::Digest::DSS1	.	digest	defined	EXCESS(no-class)
openssl	stdlib	OpenSSL::Digest::DSS1	.	hexdigest	defined	EXCESS(no-class)
openssl	stdlib	OpenSSL::Digest::DSS1	.	new	defined	EXCESS(no-class)
openssl	stdlib	OpenSSL::Digest::MD2	.	digest	defined	EXCESS(no-class)
openssl	stdlib	OpenSSL::Digest::MD2	.	hexdigest	defined	EXCESS(no-class)
openssl	stdlib	OpenSSL::Digest::MD2	.	new	defined	EXCESS(no-class)
openssl	stdlib	OpenSSL::Digest::MDC2	.	digest	defined	EXCESS(no-class)
openssl	stdlib	OpenSSL::Digest::MDC2	.	hexdigest	defined	EXCESS(no-class)
openssl	stdlib	OpenSSL::Digest::MDC2	.	new	defined	EXCESS(no-class)
openssl	stdlib	OpenSSL::Digest::SHA	.	digest	defined	EXCESS(no-class)
openssl	stdlib	OpenSSL::Digest::SHA	.	hexdigest	defined	EXCESS(no-class)
openssl	stdlib	OpenSSL::Digest::SHA	.	new	defined	EXCESS(no-class)
openssl	stdlib	OpenSSL::Engine	#	cipher	defined	EXCESS(no-class)
openssl	stdlib	OpenSSL::Engine	#	cmds	defined	EXCESS(no-class)
openssl	stdlib	OpenSSL::Engine	#	ctrl_cmd	defined	EXCESS(no-class)
openssl	stdlib	OpenSSL::Engine	#	digest	defined	EXCESS(no-class)
openssl	stdlib	OpenSSL::Engine	#	finish	defined	EXCESS(no-class)
openssl	stdlib	OpenSSL::Engine	#	id	defined	EXCESS(no-class)
openssl	stdlib	OpenSSL::Engine	#	load_private_key	defined	EXCESS(no-class)
openssl	stdlib	OpenSSL::Engine	#	load_public_key	defined	EXCESS(no-class)
openssl	stdlib	OpenSSL::Engine	#	name	defined	EXCESS(no-class)
openssl	stdlib	OpenSSL::Engine	#	set_default	defined	EXCESS(no-class)
openssl	stdlib	OpenSSL::Engine	.	by_id	defined	EXCESS(no-class)
openssl	stdlib	OpenSSL::Engine	.	cleanup	defined	EXCESS(no-class)
openssl	stdlib	OpenSSL::Engine	.	engines	defined	EXCESS(no-class)
openssl	stdlib	OpenSSL::Engine	.	load	defined	EXCESS(no-class)
openssl	stdlib	OpenSSL::Engine	::	METHOD_ALL	defined	EXCESS(no-class)
openssl	stdlib	OpenSSL::Engine	::	METHOD_CIPHERS	defined	EXCESS(no-class)
openssl	stdlib	OpenSSL::Engine	::	METHOD_DH	defined	EXCESS(no-class)
openssl	stdlib	OpenSSL::Engine	::	METHOD_DIGESTS	defined	EXCESS(no-class)
openssl	stdlib	OpenSSL::Engine	::	METHOD_DSA	defined	EXCESS(no-class)
openssl	stdlib	OpenSSL::Engine	::	METHOD_NONE	defined	EXCESS(no-class)
openssl	stdlib	OpenSSL::Engine	::	METHOD_RAND	defined	EXCESS(no-class)
openssl	stdlib	OpenSSL::Engine	::	METHOD_RSA	defined	EXCESS(no-class)
openssl	stdlib	OpenSSL::PKCS7::SignerInfo	#	name	defined	EXCESS(no-method)
openssl	stdlib	OpenSSL::PKey::DH	#	g=	defined	EXCESS(no-method)
openssl	stdlib	OpenSSL::PKey::DH	#	p=	defined	EXCESS(no-method)
openssl	stdlib	OpenSSL::PKey::DH	#	priv_key=	defined	EXCESS(no-method)
openssl	stdlib	OpenSSL::PKey::DH	#	pub_key=	defined	EXCESS(no-method)
openssl	stdlib	OpenSSL::PKey::DSA	#	g=	defined	EXCESS(no-method)
openssl	stdlib	OpenSSL::PKey::DSA	#	p=	defined	EXCESS(no-method)
openssl	stdlib	OpenSSL::PKey::DSA	#	priv_key=	defined	EXCESS(no-method)
openssl	stdlib	OpenSSL::PKey::DSA	#	pub_key=	defined	EXCESS(no-method)
openssl	stdlib	OpenSSL::PKey::DSA	#	q=	defined	EXCESS(no-method)
openssl	stdlib	OpenSSL::PKey::RSA	#	d=	defined	EXCESS(no-method)
openssl	stdlib	OpenSSL::PKey::RSA	#	dmp1=	defined	EXCESS(no-method)
openssl	stdlib	OpenSSL::PKey::RSA	#	dmq1=	defined	EXCESS(no-method)
openssl	stdlib	OpenSSL::PKey::RSA	#	e=	defined	EXCESS(no-method)
openssl	stdlib	OpenSSL::PKey::RSA	#	iqmp=	defined	EXCESS(no-method)
openssl	stdlib	OpenSSL::PKey::RSA	#	n=	defined	EXCESS(no-method)
openssl	stdlib	OpenSSL::PKey::RSA	#	p=	defined	EXCESS(no-method)
openssl	stdlib	OpenSSL::PKey::RSA	#	q=	defined	EXCESS(no-method)
openssl	stdlib	OpenSSL::Random	.#	egd	defined	EXCESS(no-method)
openssl	stdlib	OpenSSL::Random	.#	egd_bytes	defined	EXCESS(no-method)
openssl	stdlib	OpenSSL::Random	.#	pseudo_bytes	defined	EXCESS(no-method)
ostruct	stdlib	OpenStruct	#	modifiable	defined	EXCESS(no-method)
ostruct	stdlib	OpenStruct	#	new_ostruct_member	defined	EXCESS(no-method)
pstore	stdlib	PStore::DummyMutex	#	synchronize	defined	EXCESS(no-class)
psych	stdlib	Kernel	#	y	added	EXCESS(no-method)
rake	bundled	Rake::Cloneable	#	clone	defined	EXCESS(no-method)
rake	bundled	Rake::Cloneable	#	dup	defined	EXCESS(no-method)
rake	bundled	Rake::TaskManager	#	last_comment	defined	EXCESS(no-method)
rdoc/code_object	stdlib	RDoc::CodeObject	#	remove_classes_and_modules	defined	EXCESS(no-method)
rdoc/code_object	stdlib	RDoc::CodeObject	#	remove_methods_etc	defined	EXCESS(no-method)
rdoc/context	stdlib	RDoc::Context	#	initialize_classes_and_modules	defined	EXCESS(no-method)
rdoc/context	stdlib	RDoc::Context	#	toplevel	defined	EXCESS(no-method)
rdoc/context	stdlib	RDoc::Context	::	VISIBILITIES	defined	EXCESS(no-method)
rdoc/context	stdlib	RDoc::Context::Section	#	sequence	defined	EXCESS(no-method)
rdoc/context	stdlib	RDoc::Context::Section	#	set_comment	defined	EXCESS(no-method)
rdoc/markdown	stdlib	RDoc::Markdown	#	break_on_newline	defined	EXCESS(no-method)
rdoc/markdown	stdlib	RDoc::Markdown	#	css	defined	EXCESS(no-method)
rdoc/markdown	stdlib	RDoc::Markdown	#	definition_lists	defined	EXCESS(no-method)
rdoc/markdown	stdlib	RDoc::Markdown	#	github	defined	EXCESS(no-method)
rdoc/markdown	stdlib	RDoc::Markdown	#	html	defined	EXCESS(no-method)
rdoc/markdown	stdlib	RDoc::Markdown	#	notes	defined	EXCESS(no-method)
rdoc/markup	stdlib	RDoc::Markup	#	add_special	defined	EXCESS(no-method)
rdoc/markup	stdlib	RDoc::Markup	#	content	defined	EXCESS(no-method)
rdoc/markup	stdlib	RDoc::Markup	#	get_line_types	defined	EXCESS(no-method)
rdoc/markup	stdlib	RDoc::Markup	::	LABEL_LIST_RE	defined	EXCESS(no-method)
rdoc/markup	stdlib	RDoc::Markup	::	SIMPLE_LIST_RE	defined	EXCESS(no-method)
rdoc/markup	stdlib	RDoc::Markup	::	SPACE	defined	EXCESS(no-method)
rdoc/options	stdlib	RDoc::Options	#	all_one_file	defined	EXCESS(no-method)
rdoc/options	stdlib	RDoc::Options	#	css	defined	EXCESS(no-method)
rdoc/options	stdlib	RDoc::Options	#	diagram	defined	EXCESS(no-method)
rdoc/options	stdlib	RDoc::Options	#	extra_accessor_flags	defined	EXCESS(no-method)
rdoc/options	stdlib	RDoc::Options	#	extra_accessors	defined	EXCESS(no-method)
rdoc/options	stdlib	RDoc::Options	#	fileboxes	defined	EXCESS(no-method)
rdoc/options	stdlib	RDoc::Options	#	image_format	defined	EXCESS(no-method)
rdoc/options	stdlib	RDoc::Options	#	include_line_numbers	defined	EXCESS(no-method)
rdoc/options	stdlib	RDoc::Options	#	inline_source	defined	EXCESS(no-method)
rdoc/options	stdlib	RDoc::Options	#	merge	defined	EXCESS(no-method)
rdoc/options	stdlib	RDoc::Options	#	op_name	defined	EXCESS(no-method)
rdoc/options	stdlib	RDoc::Options	#	promiscuous	defined	EXCESS(no-method)
rdoc/options	stdlib	RDoc::Options	#	show_all	defined	EXCESS(no-method)
rdoc/options	stdlib	RDoc::Options	#	show_all=	defined	EXCESS(no-method)
rdoc/parser	stdlib	RDoc::Parser	#	parse_files_matching	defined	EXCESS(no-method)
rdoc/parser	stdlib	RDoc::Parser	.	parser_for	defined	EXCESS(no-method)
rdoc/parser/c	stdlib	RDoc::Parser::C	#	progress=	defined	EXCESS(no-method)
rdoc/parser/simple	stdlib	RDoc::Parser::Simple	#	remove_private_comments	defined	EXCESS(no-method)
rdoc/stats	stdlib	RDoc::Stats	#	num_classes	defined	EXCESS(no-method)
rdoc/stats	stdlib	RDoc::Stats	#	num_classes=	defined	EXCESS(no-method)
rdoc/stats	stdlib	RDoc::Stats	#	num_files=	defined	EXCESS(no-method)
rdoc/stats	stdlib	RDoc::Stats	#	num_methods	defined	EXCESS(no-method)
rdoc/stats	stdlib	RDoc::Stats	#	num_methods=	defined	EXCESS(no-method)
rdoc/stats	stdlib	RDoc::Stats	#	num_modules	defined	EXCESS(no-method)
rdoc/stats	stdlib	RDoc::Stats	#	num_modules=	defined	EXCESS(no-method)
rdoc/top_level	stdlib	RDoc::TopLevel	#	file_absolute_name	defined	EXCESS(no-method)
rdoc/top_level	stdlib	RDoc::TopLevel	#	file_absolute_name=	defined	EXCESS(no-method)
rdoc/top_level	stdlib	RDoc::TopLevel	#	file_relative_name	defined	EXCESS(no-method)
rdoc/top_level	stdlib	RDoc::TopLevel	#	file_relative_name=	defined	EXCESS(no-method)
rdoc/top_level	stdlib	RDoc::TopLevel	.	all_classes_and_modules	defined	EXCESS(no-method)
rdoc/top_level	stdlib	RDoc::TopLevel	.	find_class_named	defined	EXCESS(no-method)
rdoc/top_level	stdlib	RDoc::TopLevel	.	reset	defined	EXCESS(no-method)
readline	stdlib	Readline	.	emacs_editing_mode	defined	EXCESS(no-method)
readline	stdlib	Readline	.	filename_quote_characters	defined	EXCESS(no-method)
readline	stdlib	Readline	.	filename_quote_characters=	defined	EXCESS(no-method)
readline	stdlib	Readline	.	vi_editing_mode	defined	EXCESS(no-method)
resolv-replace	stdlib	SOCKSSocket	.	new	redefined	EXCESS(no-class)
rexml/document	bundled	REXML::Formatters::Transitive	.	new	defined	EXCESS(no-class)
ripper/filter	stdlib	Ripper::Filter	#	on_XXX	defined	EXCESS(no-method)
rss	bundled	RSS::BaseTrackBackModel	#	trackback_about	defined	EXCESS(no-method)
rss	bundled	RSS::BaseTrackBackModel	#	trackback_about=	defined	EXCESS(no-method)
rss	bundled	RSS::BaseTrackBackModel	#	trackback_abouts	defined	EXCESS(no-method)
rss	bundled	RSS::BaseTrackBackModel	#	trackback_ping	defined	EXCESS(no-method)
rss	bundled	RSS::BaseTrackBackModel	#	trackback_ping=	defined	EXCESS(no-method)
rss	bundled	RSS::ContentModel	#	content_encoded	defined	EXCESS(no-method)
rss	bundled	RSS::ContentModel	#	content_encoded=	defined	EXCESS(no-method)
rss	bundled	RSS::DublinCoreModel	#	dc_contributor	defined	EXCESS(no-method)
rss	bundled	RSS::DublinCoreModel	#	dc_contributor=	defined	EXCESS(no-method)
rss	bundled	RSS::DublinCoreModel	#	dc_contributors	defined	EXCESS(no-method)
rss	bundled	RSS::DublinCoreModel	#	dc_coverage	defined	EXCESS(no-method)
rss	bundled	RSS::DublinCoreModel	#	dc_coverage=	defined	EXCESS(no-method)
rss	bundled	RSS::DublinCoreModel	#	dc_coverages	defined	EXCESS(no-method)
rss	bundled	RSS::DublinCoreModel	#	dc_creator	defined	EXCESS(no-method)
rss	bundled	RSS::DublinCoreModel	#	dc_creator=	defined	EXCESS(no-method)
rss	bundled	RSS::DublinCoreModel	#	dc_creators	defined	EXCESS(no-method)
rss	bundled	RSS::DublinCoreModel	#	dc_date	defined	EXCESS(no-method)
rss	bundled	RSS::DublinCoreModel	#	dc_date=	defined	EXCESS(no-method)
rss	bundled	RSS::DublinCoreModel	#	dc_dates	defined	EXCESS(no-method)
rss	bundled	RSS::DublinCoreModel	#	dc_description	defined	EXCESS(no-method)
rss	bundled	RSS::DublinCoreModel	#	dc_description=	defined	EXCESS(no-method)
rss	bundled	RSS::DublinCoreModel	#	dc_descriptions	defined	EXCESS(no-method)
rss	bundled	RSS::DublinCoreModel	#	dc_format	defined	EXCESS(no-method)
rss	bundled	RSS::DublinCoreModel	#	dc_format=	defined	EXCESS(no-method)
rss	bundled	RSS::DublinCoreModel	#	dc_formats	defined	EXCESS(no-method)
rss	bundled	RSS::DublinCoreModel	#	dc_identifier	defined	EXCESS(no-method)
rss	bundled	RSS::DublinCoreModel	#	dc_identifier=	defined	EXCESS(no-method)
rss	bundled	RSS::DublinCoreModel	#	dc_identifiers	defined	EXCESS(no-method)
rss	bundled	RSS::DublinCoreModel	#	dc_language	defined	EXCESS(no-method)
rss	bundled	RSS::DublinCoreModel	#	dc_language=	defined	EXCESS(no-method)
rss	bundled	RSS::DublinCoreModel	#	dc_languages	defined	EXCESS(no-method)
rss	bundled	RSS::DublinCoreModel	#	dc_publisher	defined	EXCESS(no-method)
rss	bundled	RSS::DublinCoreModel	#	dc_publisher=	defined	EXCESS(no-method)
rss	bundled	RSS::DublinCoreModel	#	dc_publishers	defined	EXCESS(no-method)
rss	bundled	RSS::DublinCoreModel	#	dc_relation	defined	EXCESS(no-method)
rss	bundled	RSS::DublinCoreModel	#	dc_relation=	defined	EXCESS(no-method)
rss	bundled	RSS::DublinCoreModel	#	dc_relations	defined	EXCESS(no-method)
rss	bundled	RSS::DublinCoreModel	#	dc_rights	defined	EXCESS(no-method)
rss	bundled	RSS::DublinCoreModel	#	dc_rights=	defined	EXCESS(no-method)
rss	bundled	RSS::DublinCoreModel	#	dc_rightses	defined	EXCESS(no-method)
rss	bundled	RSS::DublinCoreModel	#	dc_source	defined	EXCESS(no-method)
rss	bundled	RSS::DublinCoreModel	#	dc_source=	defined	EXCESS(no-method)
rss	bundled	RSS::DublinCoreModel	#	dc_sources	defined	EXCESS(no-method)
rss	bundled	RSS::DublinCoreModel	#	dc_subject	defined	EXCESS(no-method)
rss	bundled	RSS::DublinCoreModel	#	dc_subject=	defined	EXCESS(no-method)
rss	bundled	RSS::DublinCoreModel	#	dc_subjects	defined	EXCESS(no-method)
rss	bundled	RSS::DublinCoreModel	#	dc_title	defined	EXCESS(no-method)
rss	bundled	RSS::DublinCoreModel	#	dc_title=	defined	EXCESS(no-method)
rss	bundled	RSS::DublinCoreModel	#	dc_titles	defined	EXCESS(no-method)
rss	bundled	RSS::DublinCoreModel	#	dc_type	defined	EXCESS(no-method)
rss	bundled	RSS::DublinCoreModel	#	dc_type=	defined	EXCESS(no-method)
rss	bundled	RSS::DublinCoreModel	#	dc_types	defined	EXCESS(no-method)
rss	bundled	RSS::ImageFaviconModel	#	image_favicon	defined	EXCESS(no-method)
rss	bundled	RSS::ImageFaviconModel	#	image_favicon=	defined	EXCESS(no-method)
rss	bundled	RSS::ImageItemModel	#	image_item	defined	EXCESS(no-method)
rss	bundled	RSS::ImageItemModel	#	image_item=	defined	EXCESS(no-method)
rss	bundled	RSS::RDF	#	rss_version=	defined	EXCESS(no-method)
rss	bundled	RSS::RDF::Channel::ImageFavicon	#	about	defined	EXCESS(no-class)
rss	bundled	RSS::RDF::Channel::ImageFavicon	#	about=	defined	EXCESS(no-class)
rss	bundled	RSS::RDF::Channel::ImageFavicon	#	date	defined	EXCESS(no-class)
rss	bundled	RSS::RDF::Channel::ImageFavicon	#	date=	defined	EXCESS(no-class)
rss	bundled	RSS::RDF::Channel::ImageFavicon	#	image_size	defined	EXCESS(no-class)
rss	bundled	RSS::RDF::Channel::ImageFavicon	#	image_size=	defined	EXCESS(no-class)
rss	bundled	RSS::RDF::Channel::ImageFavicon	#	size	defined	EXCESS(no-class)
rss	bundled	RSS::RDF::Channel::ImageFavicon	#	size=	defined	EXCESS(no-class)
rss	bundled	RSS::SyndicationModel	#	sy_updateBase	defined	EXCESS(no-method)
rss	bundled	RSS::SyndicationModel	#	sy_updateBase=	defined	EXCESS(no-method)
rss	bundled	RSS::SyndicationModel	#	sy_updateFrequency	defined	EXCESS(no-method)
rss	bundled	RSS::SyndicationModel	#	sy_updateFrequency=	defined	EXCESS(no-method)
rss	bundled	RSS::SyndicationModel	#	sy_updatePeriod	defined	EXCESS(no-method)
rss	bundled	RSS::SyndicationModel	#	sy_updatePeriod=	defined	EXCESS(no-method)
rss	bundled	RSS::TaxonomyTopicModel	#	taxo_topic	defined	EXCESS(no-method)
rss	bundled	RSS::TaxonomyTopicModel	#	taxo_topic=	defined	EXCESS(no-method)
rss	bundled	RSS::TaxonomyTopicsModel	#	taxo_topics	defined	EXCESS(no-method)
rubygems/commands/build_command	stdlib	Gem::Commands::BuildCommand	#	load_gemspecs	defined	EXCESS(no-method)
rubygems/commands/build_command	stdlib	Gem::Commands::BuildCommand	#	yaml?	defined	EXCESS(no-method)
rubygems/commands/dependency_command	stdlib	Gem::Commands::DependencyCommand	#	find_gems	defined	EXCESS(no-method)
rubygems/commands/update_command	stdlib	Gem::Commands::UpdateCommand	#	do_rubygems_update	defined	EXCESS(no-method)
rubygems/commands/which_command	stdlib	Gem::Commands::WhichCommand	#	gem_paths	defined	EXCESS(no-method)
rubygems/commands/which_command	stdlib	Gem::Commands::WhichCommand	::	EXT	defined	EXCESS(no-method)
rubygems/config_file	stdlib	Gem::ConfigFile	#	benchmark	defined	EXCESS(no-method)
rubygems/config_file	stdlib	Gem::ConfigFile	#	benchmark=	defined	EXCESS(no-method)
rubygems/config_file	stdlib	Gem::ConfigFile	::	DEFAULT_BENCHMARK	defined	EXCESS(no-method)
rubygems/defaults	stdlib	Gem	.	default_system_source_cache_dir	added	EXCESS(no-method)
rubygems/defaults	stdlib	Gem	.	default_user_source_cache_dir	added	EXCESS(no-method)
rubygems/dependency	stdlib	Gem::Dependency	#	version_requirements	defined	EXCESS(no-method)
rubygems/dependency	stdlib	Gem::Dependency	#	version_requirements=	defined	EXCESS(no-method)
rubygems/dependency_installer	stdlib	Gem::DependencyInstaller	#	find_spec_by_name_and_version	defined	EXCESS(no-method)
rubygems/dependency_installer	stdlib	Gem::DependencyInstaller	#	gather_dependencies	defined	EXCESS(no-method)
rubygems/dependency_installer	stdlib	Gem::DependencyInstaller	#	gems_to_install	defined	EXCESS(no-method)
rubygems/dependency_list	stdlib	Gem::DependencyList	.	from_source_index	defined	EXCESS(no-method)
rubygems/ext/builder	stdlib	Gem::Ext::Builder	.	redirector	defined	EXCESS(no-method)
rubygems/indexer	stdlib	Gem::Indexer	#	abbreviate	defined	EXCESS(no-method)
rubygems/indexer	stdlib	Gem::Indexer	#	collect_specs	defined	EXCESS(no-method)
rubygems/indexer	stdlib	Gem::Indexer	#	sanitize	defined	EXCESS(no-method)
rubygems/indexer	stdlib	Gem::Indexer	#	sanitize_string	defined	EXCESS(no-method)
rubygems/installer	stdlib	Gem::Installer	.	home_install_warning	defined	EXCESS(no-method)
rubygems/installer	stdlib	Gem::Installer	.	home_install_warning=	defined	EXCESS(no-method)
rubygems/package	stdlib	Gem::FileOperations	.	new	defined	EXCESS(no-class)
rubygems/package	stdlib	Gem::Package	.	pack	defined	EXCESS(no-method)
rubygems/security	stdlib	Gem::Security	.	add_trusted_cert	defined	EXCESS(no-method)
rubygems/security	stdlib	Gem::Security	.	build_cert	defined	EXCESS(no-method)
rubygems/security	stdlib	Gem::Security	.	build_self_signed_cert	defined	EXCESS(no-method)
rubygems/security	stdlib	Gem::Security	.	sign_cert	defined	EXCESS(no-method)
rubygems/security	stdlib	Gem::Security	.	verify_trust_dir	defined	EXCESS(no-method)
rubygems/security	stdlib	Gem::Security	::	OPT	defined	EXCESS(no-method)
rubygems/security	stdlib	Gem::Security::Policy	#	verify_gem	defined	EXCESS(no-method)
rubygems/security	stdlib	Gem::Security::Policy	.	trusted_cert_path	defined	EXCESS(no-method)
rubygems/spec_fetcher	stdlib	Gem::SpecFetcher	#	cache_dir	defined	EXCESS(no-method)
rubygems/spec_fetcher	stdlib	Gem::SpecFetcher	#	dir	defined	EXCESS(no-method)
rubygems/spec_fetcher	stdlib	Gem::SpecFetcher	#	fetch	defined	EXCESS(no-method)
rubygems/spec_fetcher	stdlib	Gem::SpecFetcher	#	fetch_spec	defined	EXCESS(no-method)
rubygems/spec_fetcher	stdlib	Gem::SpecFetcher	#	find_matching	defined	EXCESS(no-method)
rubygems/spec_fetcher	stdlib	Gem::SpecFetcher	#	legacy_repos	defined	EXCESS(no-method)
rubygems/spec_fetcher	stdlib	Gem::SpecFetcher	#	list	defined	EXCESS(no-method)
rubygems/spec_fetcher	stdlib	Gem::SpecFetcher	#	load_specs	defined	EXCESS(no-method)
rubygems/spec_fetcher	stdlib	Gem::SpecFetcher	#	warn_legacy	defined	EXCESS(no-method)
rubygems/validator	stdlib	Gem::Validator	#	remove_leading_dot_dir	defined	EXCESS(no-method)
rubygems/validator	stdlib	Gem::Validator	#	unit_test	defined	EXCESS(no-method)
rubygems/validator	stdlib	Gem::Validator	#	verify_gem	defined	EXCESS(no-method)
rubygems/validator	stdlib	Gem::Validator	#	verify_gem_file	defined	EXCESS(no-method)
singleton	stdlib	Singleton	.	instance	defined	EXCESS(no-method)
socket	stdlib	SOCKSSocket	#	close	defined	EXCESS(no-class)
socket	stdlib	SOCKSSocket	.	new	defined	EXCESS(no-class)
socket	stdlib	SOCKSSocket	.	open	defined	EXCESS(no-class)
socket	stdlib	Socket::Ifaddr	#	vhid	defined	EXCESS(no-method)
syslog	stdlib	Syslog::Facility	::	LOG_CONSOLE	defined	EXCESS(no-method)
syslog	stdlib	Syslog::Facility	::	LOG_NTP	defined	EXCESS(no-method)
syslog	stdlib	Syslog::Facility	::	LOG_SECURITY	defined	EXCESS(no-method)
win32/registry	stdlib	Win32::Registry	#	[]	defined	unmeasured(skipped-lib)
win32/registry	stdlib	Win32::Registry	#	[]=	defined	unmeasured(skipped-lib)
win32/registry	stdlib	Win32::Registry	#	_dump	defined	unmeasured(skipped-lib)
win32/registry	stdlib	Win32::Registry	#	close	defined	unmeasured(skipped-lib)
win32/registry	stdlib	Win32::Registry	#	create	defined	unmeasured(skipped-lib)
win32/registry	stdlib	Win32::Registry	#	created?	defined	unmeasured(skipped-lib)
win32/registry	stdlib	Win32::Registry	#	delete	defined	unmeasured(skipped-lib)
win32/registry	stdlib	Win32::Registry	#	delete_key	defined	unmeasured(skipped-lib)
win32/registry	stdlib	Win32::Registry	#	delete_value	defined	unmeasured(skipped-lib)
win32/registry	stdlib	Win32::Registry	#	descriptor_length	defined	unmeasured(skipped-lib)
win32/registry	stdlib	Win32::Registry	#	disposition	defined	unmeasured(skipped-lib)
win32/registry	stdlib	Win32::Registry	#	each	defined	unmeasured(skipped-lib)
win32/registry	stdlib	Win32::Registry	#	each_key	defined	unmeasured(skipped-lib)
win32/registry	stdlib	Win32::Registry	#	each_value	defined	unmeasured(skipped-lib)
win32/registry	stdlib	Win32::Registry	#	flush	defined	unmeasured(skipped-lib)
win32/registry	stdlib	Win32::Registry	#	hkey	defined	unmeasured(skipped-lib)
win32/registry	stdlib	Win32::Registry	#	info	defined	unmeasured(skipped-lib)
win32/registry	stdlib	Win32::Registry	#	inspect	defined	unmeasured(skipped-lib)
win32/registry	stdlib	Win32::Registry	#	keyname	defined	unmeasured(skipped-lib)
win32/registry	stdlib	Win32::Registry	#	keys	defined	unmeasured(skipped-lib)
win32/registry	stdlib	Win32::Registry	#	max_key_length	defined	unmeasured(skipped-lib)
win32/registry	stdlib	Win32::Registry	#	max_value_length	defined	unmeasured(skipped-lib)
win32/registry	stdlib	Win32::Registry	#	max_value_name_length	defined	unmeasured(skipped-lib)
win32/registry	stdlib	Win32::Registry	#	name	defined	unmeasured(skipped-lib)
win32/registry	stdlib	Win32::Registry	#	num_keys	defined	unmeasured(skipped-lib)
win32/registry	stdlib	Win32::Registry	#	num_values	defined	unmeasured(skipped-lib)
win32/registry	stdlib	Win32::Registry	#	open	defined	unmeasured(skipped-lib)
win32/registry	stdlib	Win32::Registry	#	open?	defined	unmeasured(skipped-lib)
win32/registry	stdlib	Win32::Registry	#	opened?	defined	unmeasured(skipped-lib)
win32/registry	stdlib	Win32::Registry	#	parent	defined	unmeasured(skipped-lib)
win32/registry	stdlib	Win32::Registry	#	read	defined	unmeasured(skipped-lib)
win32/registry	stdlib	Win32::Registry	#	read_bin	defined	unmeasured(skipped-lib)
win32/registry	stdlib	Win32::Registry	#	read_i	defined	unmeasured(skipped-lib)
win32/registry	stdlib	Win32::Registry	#	read_s	defined	unmeasured(skipped-lib)
win32/registry	stdlib	Win32::Registry	#	read_s_expand	defined	unmeasured(skipped-lib)
win32/registry	stdlib	Win32::Registry	#	to_s	defined	unmeasured(skipped-lib)
win32/registry	stdlib	Win32::Registry	#	write	defined	unmeasured(skipped-lib)
win32/registry	stdlib	Win32::Registry	#	write_bin	defined	unmeasured(skipped-lib)
win32/registry	stdlib	Win32::Registry	#	write_i	defined	unmeasured(skipped-lib)
win32/registry	stdlib	Win32::Registry	#	write_s	defined	unmeasured(skipped-lib)
win32/registry	stdlib	Win32::Registry	#	wtime	defined	unmeasured(skipped-lib)
win32/registry	stdlib	Win32::Registry	.	create	defined	unmeasured(skipped-lib)
win32/registry	stdlib	Win32::Registry	.	expand_environ	defined	unmeasured(skipped-lib)
win32/registry	stdlib	Win32::Registry	.	new	defined	unmeasured(skipped-lib)
win32/registry	stdlib	Win32::Registry	.	open	defined	unmeasured(skipped-lib)
win32/registry	stdlib	Win32::Registry	.	time2wtime	defined	unmeasured(skipped-lib)
win32/registry	stdlib	Win32::Registry	.	type2name	defined	unmeasured(skipped-lib)
win32/registry	stdlib	Win32::Registry	.	wtime2time	defined	unmeasured(skipped-lib)
win32/registry	stdlib	Win32::Registry	::	HKEY_CLASSES_ROOT	defined	unmeasured(skipped-lib)
win32/registry	stdlib	Win32::Registry	::	HKEY_CURRENT_CONFIG	defined	unmeasured(skipped-lib)
win32/registry	stdlib	Win32::Registry	::	HKEY_CURRENT_USER	defined	unmeasured(skipped-lib)
win32/registry	stdlib	Win32::Registry	::	HKEY_DYN_DATA	defined	unmeasured(skipped-lib)
win32/registry	stdlib	Win32::Registry	::	HKEY_LOCAL_MACHINE	defined	unmeasured(skipped-lib)
win32/registry	stdlib	Win32::Registry	::	HKEY_PERFORMANCE_DATA	defined	unmeasured(skipped-lib)
win32/registry	stdlib	Win32::Registry	::	HKEY_PERFORMANCE_NLSTEXT	defined	unmeasured(skipped-lib)
win32/registry	stdlib	Win32::Registry	::	HKEY_PERFORMANCE_TEXT	defined	unmeasured(skipped-lib)
win32/registry	stdlib	Win32::Registry	::	HKEY_USERS	defined	unmeasured(skipped-lib)
win32/registry	stdlib	Win32::Registry::API	.#	CloseKey	defined	unmeasured(skipped-lib)
win32/registry	stdlib	Win32::Registry::API	.#	CreateKey	defined	unmeasured(skipped-lib)
win32/registry	stdlib	Win32::Registry::API	.#	DeleteKey	defined	unmeasured(skipped-lib)
win32/registry	stdlib	Win32::Registry::API	.#	DeleteValue	defined	unmeasured(skipped-lib)
win32/registry	stdlib	Win32::Registry::API	.#	EnumKey	defined	unmeasured(skipped-lib)
win32/registry	stdlib	Win32::Registry::API	.#	EnumValue	defined	unmeasured(skipped-lib)
win32/registry	stdlib	Win32::Registry::API	.#	FlushKey	defined	unmeasured(skipped-lib)
win32/registry	stdlib	Win32::Registry::API	.#	OpenKey	defined	unmeasured(skipped-lib)
win32/registry	stdlib	Win32::Registry::API	.#	QueryInfoKey	defined	unmeasured(skipped-lib)
win32/registry	stdlib	Win32::Registry::API	.#	QueryValue	defined	unmeasured(skipped-lib)
win32/registry	stdlib	Win32::Registry::API	.#	SetValue	defined	unmeasured(skipped-lib)
win32/registry	stdlib	Win32::Registry::API	.#	check	defined	unmeasured(skipped-lib)
win32/registry	stdlib	Win32::Registry::API	.#	packdw	defined	unmeasured(skipped-lib)
win32/registry	stdlib	Win32::Registry::API	.#	packqw	defined	unmeasured(skipped-lib)
win32/registry	stdlib	Win32::Registry::API	.#	unpackdw	defined	unmeasured(skipped-lib)
win32/registry	stdlib	Win32::Registry::API	.#	unpackqw	defined	unmeasured(skipped-lib)
win32/registry	stdlib	Win32::Registry::API	::	RegCloseKey	defined	unmeasured(skipped-lib)
win32/registry	stdlib	Win32::Registry::API	::	RegCreateKeyExA	defined	unmeasured(skipped-lib)
win32/registry	stdlib	Win32::Registry::API	::	RegDeleteKey	defined	unmeasured(skipped-lib)
win32/registry	stdlib	Win32::Registry::API	::	RegDeleteValue	defined	unmeasured(skipped-lib)
win32/registry	stdlib	Win32::Registry::API	::	RegEnumKeyExA	defined	unmeasured(skipped-lib)
win32/registry	stdlib	Win32::Registry::API	::	RegEnumValueA	defined	unmeasured(skipped-lib)
win32/registry	stdlib	Win32::Registry::API	::	RegFlushKey	defined	unmeasured(skipped-lib)
win32/registry	stdlib	Win32::Registry::API	::	RegOpenKeyExA	defined	unmeasured(skipped-lib)
win32/registry	stdlib	Win32::Registry::API	::	RegQueryInfoKey	defined	unmeasured(skipped-lib)
win32/registry	stdlib	Win32::Registry::API	::	RegQueryValueExA	defined	unmeasured(skipped-lib)
win32/registry	stdlib	Win32::Registry::API	::	RegSetValueExA	defined	unmeasured(skipped-lib)
win32/registry	stdlib	Win32::Registry::Constants	::	HKEY_CLASSES_ROOT	defined	unmeasured(skipped-lib)
win32/registry	stdlib	Win32::Registry::Constants	::	HKEY_CURRENT_CONFIG	defined	unmeasured(skipped-lib)
win32/registry	stdlib	Win32::Registry::Constants	::	HKEY_CURRENT_USER	defined	unmeasured(skipped-lib)
win32/registry	stdlib	Win32::Registry::Constants	::	HKEY_DYN_DATA	defined	unmeasured(skipped-lib)
win32/registry	stdlib	Win32::Registry::Constants	::	HKEY_LOCAL_MACHINE	defined	unmeasured(skipped-lib)
win32/registry	stdlib	Win32::Registry::Constants	::	HKEY_PERFORMANCE_DATA	defined	unmeasured(skipped-lib)
win32/registry	stdlib	Win32::Registry::Constants	::	HKEY_PERFORMANCE_NLSTEXT	defined	unmeasured(skipped-lib)
win32/registry	stdlib	Win32::Registry::Constants	::	HKEY_PERFORMANCE_TEXT	defined	unmeasured(skipped-lib)
win32/registry	stdlib	Win32::Registry::Constants	::	HKEY_USERS	defined	unmeasured(skipped-lib)
win32/registry	stdlib	Win32::Registry::Constants	::	KEY_ALL_ACCESS	defined	unmeasured(skipped-lib)
win32/registry	stdlib	Win32::Registry::Constants	::	KEY_CREATE_LINK	defined	unmeasured(skipped-lib)
win32/registry	stdlib	Win32::Registry::Constants	::	KEY_CREATE_SUB_KEY	defined	unmeasured(skipped-lib)
win32/registry	stdlib	Win32::Registry::Constants	::	KEY_ENUMERATE_SUB_KEYS	defined	unmeasured(skipped-lib)
win32/registry	stdlib	Win32::Registry::Constants	::	KEY_EXECUTE	defined	unmeasured(skipped-lib)
win32/registry	stdlib	Win32::Registry::Constants	::	KEY_NOTIFY	defined	unmeasured(skipped-lib)
win32/registry	stdlib	Win32::Registry::Constants	::	KEY_QUERY_VALUE	defined	unmeasured(skipped-lib)
win32/registry	stdlib	Win32::Registry::Constants	::	KEY_READ	defined	unmeasured(skipped-lib)
win32/registry	stdlib	Win32::Registry::Constants	::	KEY_SET_VALUE	defined	unmeasured(skipped-lib)
win32/registry	stdlib	Win32::Registry::Constants	::	KEY_WRITE	defined	unmeasured(skipped-lib)
win32/registry	stdlib	Win32::Registry::Constants	::	MAX_KEY_LENGTH	defined	unmeasured(skipped-lib)
win32/registry	stdlib	Win32::Registry::Constants	::	MAX_VALUE_LENGTH	defined	unmeasured(skipped-lib)
win32/registry	stdlib	Win32::Registry::Constants	::	REG_BINARY	defined	unmeasured(skipped-lib)
win32/registry	stdlib	Win32::Registry::Constants	::	REG_CREATED_NEW_KEY	defined	unmeasured(skipped-lib)
win32/registry	stdlib	Win32::Registry::Constants	::	REG_DWORD	defined	unmeasured(skipped-lib)
win32/registry	stdlib	Win32::Registry::Constants	::	REG_DWORD_BIG_ENDIAN	defined	unmeasured(skipped-lib)
win32/registry	stdlib	Win32::Registry::Constants	::	REG_DWORD_LITTLE_ENDIAN	defined	unmeasured(skipped-lib)
win32/registry	stdlib	Win32::Registry::Constants	::	REG_EXPAND_SZ	defined	unmeasured(skipped-lib)
win32/registry	stdlib	Win32::Registry::Constants	::	REG_FORCE_RESTORE	defined	unmeasured(skipped-lib)
win32/registry	stdlib	Win32::Registry::Constants	::	REG_FULL_RESOURCE_DESCRIPTOR	defined	unmeasured(skipped-lib)
win32/registry	stdlib	Win32::Registry::Constants	::	REG_LEGAL_OPTION	defined	unmeasured(skipped-lib)
win32/registry	stdlib	Win32::Registry::Constants	::	REG_LINK	defined	unmeasured(skipped-lib)
win32/registry	stdlib	Win32::Registry::Constants	::	REG_MULTI_SZ	defined	unmeasured(skipped-lib)
win32/registry	stdlib	Win32::Registry::Constants	::	REG_NONE	defined	unmeasured(skipped-lib)
win32/registry	stdlib	Win32::Registry::Constants	::	REG_NO_LAZY_FLUSH	defined	unmeasured(skipped-lib)
win32/registry	stdlib	Win32::Registry::Constants	::	REG_OPENED_EXISTING_KEY	defined	unmeasured(skipped-lib)
win32/registry	stdlib	Win32::Registry::Constants	::	REG_OPTION_BACKUP_RESTORE	defined	unmeasured(skipped-lib)
win32/registry	stdlib	Win32::Registry::Constants	::	REG_OPTION_CREATE_LINK	defined	unmeasured(skipped-lib)
win32/registry	stdlib	Win32::Registry::Constants	::	REG_OPTION_NON_VOLATILE	defined	unmeasured(skipped-lib)
win32/registry	stdlib	Win32::Registry::Constants	::	REG_OPTION_OPEN_LINK	defined	unmeasured(skipped-lib)
win32/registry	stdlib	Win32::Registry::Constants	::	REG_OPTION_RESERVED	defined	unmeasured(skipped-lib)
win32/registry	stdlib	Win32::Registry::Constants	::	REG_OPTION_VOLATILE	defined	unmeasured(skipped-lib)
win32/registry	stdlib	Win32::Registry::Constants	::	REG_QWORD	defined	unmeasured(skipped-lib)
win32/registry	stdlib	Win32::Registry::Constants	::	REG_QWORD_LITTLE_ENDIAN	defined	unmeasured(skipped-lib)
win32/registry	stdlib	Win32::Registry::Constants	::	REG_REFRESH_HIVE	defined	unmeasured(skipped-lib)
win32/registry	stdlib	Win32::Registry::Constants	::	REG_RESOURCE_LIST	defined	unmeasured(skipped-lib)
win32/registry	stdlib	Win32::Registry::Constants	::	REG_RESOURCE_REQUIREMENTS_LIST	defined	unmeasured(skipped-lib)
win32/registry	stdlib	Win32::Registry::Constants	::	REG_SZ	defined	unmeasured(skipped-lib)
win32/registry	stdlib	Win32::Registry::Constants	::	REG_WHOLE_HIVE_VOLATILE	defined	unmeasured(skipped-lib)
win32/registry	stdlib	Win32::Registry::Constants	::	STANDARD_RIGHTS_READ	defined	unmeasured(skipped-lib)
win32/registry	stdlib	Win32::Registry::Constants	::	STANDARD_RIGHTS_WRITE	defined	unmeasured(skipped-lib)
win32/registry	stdlib	Win32::Registry::Error	#	code	defined	unmeasured(skipped-lib)
win32/registry	stdlib	Win32::Registry::Error	::	FormatMessageA	defined	unmeasured(skipped-lib)
win32/registry	stdlib	Win32::Registry::PredefinedKey	#	class	defined	unmeasured(skipped-lib)
win32/registry	stdlib	Win32::Registry::PredefinedKey	#	close	defined	unmeasured(skipped-lib)
win32/registry	stdlib	Win32::Registry::PredefinedKey	.	new	defined	unmeasured(skipped-lib)
win32/resolv	stdlib	Win32::Resolv	.#	get_hosts_path	defined	unmeasured(skipped-lib)
win32/resolv	stdlib	Win32::Resolv	.#	get_resolv_info	defined	unmeasured(skipped-lib)
win32ole	stdlib	WIN32OLE	#	[]	defined	unmeasured(skipped-lib)
win32ole	stdlib	WIN32OLE	#	[]=	defined	unmeasured(skipped-lib)
win32ole	stdlib	WIN32OLE	#	_getproperty	defined	unmeasured(skipped-lib)
win32ole	stdlib	WIN32OLE	#	_invoke	defined	unmeasured(skipped-lib)
win32ole	stdlib	WIN32OLE	#	_setproperty	defined	unmeasured(skipped-lib)
win32ole	stdlib	WIN32OLE	#	each	defined	unmeasured(skipped-lib)
win32ole	stdlib	WIN32OLE	#	invoke	defined	unmeasured(skipped-lib)
win32ole	stdlib	WIN32OLE	#	method_missing	defined	unmeasured(skipped-lib)
win32ole	stdlib	WIN32OLE	#	ole_activex_initialize	defined	unmeasured(skipped-lib)
win32ole	stdlib	WIN32OLE	#	ole_free	defined	unmeasured(skipped-lib)
win32ole	stdlib	WIN32OLE	#	ole_func_methods	defined	unmeasured(skipped-lib)
win32ole	stdlib	WIN32OLE	#	ole_get_methods	defined	unmeasured(skipped-lib)
win32ole	stdlib	WIN32OLE	#	ole_method	defined	unmeasured(skipped-lib)
win32ole	stdlib	WIN32OLE	#	ole_method_help	defined	unmeasured(skipped-lib)
win32ole	stdlib	WIN32OLE	#	ole_methods	defined	unmeasured(skipped-lib)
win32ole	stdlib	WIN32OLE	#	ole_obj_help	defined	unmeasured(skipped-lib)
win32ole	stdlib	WIN32OLE	#	ole_put_methods	defined	unmeasured(skipped-lib)
win32ole	stdlib	WIN32OLE	#	ole_query_interface	defined	unmeasured(skipped-lib)
win32ole	stdlib	WIN32OLE	#	ole_respond_to?	defined	unmeasured(skipped-lib)
win32ole	stdlib	WIN32OLE	#	ole_type	defined	unmeasured(skipped-lib)
win32ole	stdlib	WIN32OLE	#	ole_typelib	defined	unmeasured(skipped-lib)
win32ole	stdlib	WIN32OLE	#	setproperty	defined	unmeasured(skipped-lib)
win32ole	stdlib	WIN32OLE	.	codepage	defined	unmeasured(skipped-lib)
win32ole	stdlib	WIN32OLE	.	codepage=	defined	unmeasured(skipped-lib)
win32ole	stdlib	WIN32OLE	.	connect	defined	unmeasured(skipped-lib)
win32ole	stdlib	WIN32OLE	.	const_load	defined	unmeasured(skipped-lib)
win32ole	stdlib	WIN32OLE	.	create_guid	defined	unmeasured(skipped-lib)
win32ole	stdlib	WIN32OLE	.	locale	defined	unmeasured(skipped-lib)
win32ole	stdlib	WIN32OLE	.	locale=	defined	unmeasured(skipped-lib)
win32ole	stdlib	WIN32OLE	.	new	defined	unmeasured(skipped-lib)
win32ole	stdlib	WIN32OLE	.	ole_free	defined	unmeasured(skipped-lib)
win32ole	stdlib	WIN32OLE	.	ole_reference_count	defined	unmeasured(skipped-lib)
win32ole	stdlib	WIN32OLE	.	ole_show_help	defined	unmeasured(skipped-lib)
win32ole	stdlib	WIN32OLE	::	ARGV	defined	unmeasured(skipped-lib)
win32ole	stdlib	WIN32OLE	::	CP_ACP	defined	unmeasured(skipped-lib)
win32ole	stdlib	WIN32OLE	::	CP_MACCP	defined	unmeasured(skipped-lib)
win32ole	stdlib	WIN32OLE	::	CP_OEMCP	defined	unmeasured(skipped-lib)
win32ole	stdlib	WIN32OLE	::	CP_SYMBOL	defined	unmeasured(skipped-lib)
win32ole	stdlib	WIN32OLE	::	CP_THREAD_ACP	defined	unmeasured(skipped-lib)
win32ole	stdlib	WIN32OLE	::	CP_UTF7	defined	unmeasured(skipped-lib)
win32ole	stdlib	WIN32OLE	::	CP_UTF8	defined	unmeasured(skipped-lib)
win32ole	stdlib	WIN32OLE	::	LOCALE_SYSTEM_DEFAULT	defined	unmeasured(skipped-lib)
win32ole	stdlib	WIN32OLE	::	LOCALE_USER_DEFAULT	defined	unmeasured(skipped-lib)
win32ole	stdlib	WIN32OLE	::	VERSION	defined	unmeasured(skipped-lib)
win32ole	stdlib	WIN32OLE::VARIANT	::	VT_ARRAY	defined	unmeasured(skipped-lib)
win32ole	stdlib	WIN32OLE::VARIANT	::	VT_BOOL	defined	unmeasured(skipped-lib)
win32ole	stdlib	WIN32OLE::VARIANT	::	VT_BSTR	defined	unmeasured(skipped-lib)
win32ole	stdlib	WIN32OLE::VARIANT	::	VT_BYREF	defined	unmeasured(skipped-lib)
win32ole	stdlib	WIN32OLE::VARIANT	::	VT_CY	defined	unmeasured(skipped-lib)
win32ole	stdlib	WIN32OLE::VARIANT	::	VT_DATE	defined	unmeasured(skipped-lib)
win32ole	stdlib	WIN32OLE::VARIANT	::	VT_DISPATCH	defined	unmeasured(skipped-lib)
win32ole	stdlib	WIN32OLE::VARIANT	::	VT_EMPTY	defined	unmeasured(skipped-lib)
win32ole	stdlib	WIN32OLE::VARIANT	::	VT_ERROR	defined	unmeasured(skipped-lib)
win32ole	stdlib	WIN32OLE::VARIANT	::	VT_I1	defined	unmeasured(skipped-lib)
win32ole	stdlib	WIN32OLE::VARIANT	::	VT_I2	defined	unmeasured(skipped-lib)
win32ole	stdlib	WIN32OLE::VARIANT	::	VT_I4	defined	unmeasured(skipped-lib)
win32ole	stdlib	WIN32OLE::VARIANT	::	VT_INT	defined	unmeasured(skipped-lib)
win32ole	stdlib	WIN32OLE::VARIANT	::	VT_NULL	defined	unmeasured(skipped-lib)
win32ole	stdlib	WIN32OLE::VARIANT	::	VT_PTR	defined	unmeasured(skipped-lib)
win32ole	stdlib	WIN32OLE::VARIANT	::	VT_R4	defined	unmeasured(skipped-lib)
win32ole	stdlib	WIN32OLE::VARIANT	::	VT_R8	defined	unmeasured(skipped-lib)
win32ole	stdlib	WIN32OLE::VARIANT	::	VT_UI1	defined	unmeasured(skipped-lib)
win32ole	stdlib	WIN32OLE::VARIANT	::	VT_UI2	defined	unmeasured(skipped-lib)
win32ole	stdlib	WIN32OLE::VARIANT	::	VT_UI4	defined	unmeasured(skipped-lib)
win32ole	stdlib	WIN32OLE::VARIANT	::	VT_UINT	defined	unmeasured(skipped-lib)
win32ole	stdlib	WIN32OLE::VARIANT	::	VT_UNKNOWN	defined	unmeasured(skipped-lib)
win32ole	stdlib	WIN32OLE::VARIANT	::	VT_USERDEFINED	defined	unmeasured(skipped-lib)
win32ole	stdlib	WIN32OLE::VARIANT	::	VT_VARIANT	defined	unmeasured(skipped-lib)
win32ole	stdlib	WIN32OLE_EVENT	#	handler	defined	unmeasured(skipped-lib)
win32ole	stdlib	WIN32OLE_EVENT	#	handler=	defined	unmeasured(skipped-lib)
win32ole	stdlib	WIN32OLE_EVENT	#	off_event	defined	unmeasured(skipped-lib)
win32ole	stdlib	WIN32OLE_EVENT	#	on_event	defined	unmeasured(skipped-lib)
win32ole	stdlib	WIN32OLE_EVENT	#	on_event_with_outargs	defined	unmeasured(skipped-lib)
win32ole	stdlib	WIN32OLE_EVENT	#	unadvise	defined	unmeasured(skipped-lib)
win32ole	stdlib	WIN32OLE_EVENT	.	message_loop	defined	unmeasured(skipped-lib)
win32ole	stdlib	WIN32OLE_EVENT	.	new	defined	unmeasured(skipped-lib)
win32ole	stdlib	WIN32OLE_METHOD	#	dispid	defined	unmeasured(skipped-lib)
win32ole	stdlib	WIN32OLE_METHOD	#	event?	defined	unmeasured(skipped-lib)
win32ole	stdlib	WIN32OLE_METHOD	#	event_interface	defined	unmeasured(skipped-lib)
win32ole	stdlib	WIN32OLE_METHOD	#	helpcontext	defined	unmeasured(skipped-lib)
win32ole	stdlib	WIN32OLE_METHOD	#	helpfile	defined	unmeasured(skipped-lib)
win32ole	stdlib	WIN32OLE_METHOD	#	helpstring	defined	unmeasured(skipped-lib)
win32ole	stdlib	WIN32OLE_METHOD	#	invkind	defined	unmeasured(skipped-lib)
win32ole	stdlib	WIN32OLE_METHOD	#	invoke_kind	defined	unmeasured(skipped-lib)
win32ole	stdlib	WIN32OLE_METHOD	#	name	defined	unmeasured(skipped-lib)
win32ole	stdlib	WIN32OLE_METHOD	#	offset_vtbl	defined	unmeasured(skipped-lib)
win32ole	stdlib	WIN32OLE_METHOD	#	params	defined	unmeasured(skipped-lib)
win32ole	stdlib	WIN32OLE_METHOD	#	return_type	defined	unmeasured(skipped-lib)
win32ole	stdlib	WIN32OLE_METHOD	#	return_type_detail	defined	unmeasured(skipped-lib)
win32ole	stdlib	WIN32OLE_METHOD	#	return_vtype	defined	unmeasured(skipped-lib)
win32ole	stdlib	WIN32OLE_METHOD	#	size_opt_params	defined	unmeasured(skipped-lib)
win32ole	stdlib	WIN32OLE_METHOD	#	size_params	defined	unmeasured(skipped-lib)
win32ole	stdlib	WIN32OLE_METHOD	#	to_s	defined	unmeasured(skipped-lib)
win32ole	stdlib	WIN32OLE_METHOD	#	visible?	defined	unmeasured(skipped-lib)
win32ole	stdlib	WIN32OLE_METHOD	.	new	defined	unmeasured(skipped-lib)
win32ole	stdlib	WIN32OLE_PARAM	#	default	defined	unmeasured(skipped-lib)
win32ole	stdlib	WIN32OLE_PARAM	#	input?	defined	unmeasured(skipped-lib)
win32ole	stdlib	WIN32OLE_PARAM	#	name	defined	unmeasured(skipped-lib)
win32ole	stdlib	WIN32OLE_PARAM	#	ole_type	defined	unmeasured(skipped-lib)
win32ole	stdlib	WIN32OLE_PARAM	#	ole_type_detail	defined	unmeasured(skipped-lib)
win32ole	stdlib	WIN32OLE_PARAM	#	optional?	defined	unmeasured(skipped-lib)
win32ole	stdlib	WIN32OLE_PARAM	#	output?	defined	unmeasured(skipped-lib)
win32ole	stdlib	WIN32OLE_PARAM	#	retval?	defined	unmeasured(skipped-lib)
win32ole	stdlib	WIN32OLE_PARAM	#	to_s	defined	unmeasured(skipped-lib)
win32ole	stdlib	WIN32OLE_PARAM	.	new	defined	unmeasured(skipped-lib)
win32ole	stdlib	WIN32OLE_RECORD	#	inspect	defined	unmeasured(skipped-lib)
win32ole	stdlib	WIN32OLE_RECORD	#	method_missing	defined	unmeasured(skipped-lib)
win32ole	stdlib	WIN32OLE_RECORD	#	ole_instance_variable_get	defined	unmeasured(skipped-lib)
win32ole	stdlib	WIN32OLE_RECORD	#	ole_instance_variable_set	defined	unmeasured(skipped-lib)
win32ole	stdlib	WIN32OLE_RECORD	#	to_h	defined	unmeasured(skipped-lib)
win32ole	stdlib	WIN32OLE_RECORD	#	typename	defined	unmeasured(skipped-lib)
win32ole	stdlib	WIN32OLE_RECORD	.	new	defined	unmeasured(skipped-lib)
win32ole	stdlib	WIN32OLE_TYPE	#	default_event_sources	defined	unmeasured(skipped-lib)
win32ole	stdlib	WIN32OLE_TYPE	#	default_ole_types	defined	unmeasured(skipped-lib)
win32ole	stdlib	WIN32OLE_TYPE	#	guid	defined	unmeasured(skipped-lib)
win32ole	stdlib	WIN32OLE_TYPE	#	helpcontext	defined	unmeasured(skipped-lib)
win32ole	stdlib	WIN32OLE_TYPE	#	helpfile	defined	unmeasured(skipped-lib)
win32ole	stdlib	WIN32OLE_TYPE	#	helpstring	defined	unmeasured(skipped-lib)
win32ole	stdlib	WIN32OLE_TYPE	#	implemented_ole_types	defined	unmeasured(skipped-lib)
win32ole	stdlib	WIN32OLE_TYPE	#	inspect	defined	unmeasured(skipped-lib)
win32ole	stdlib	WIN32OLE_TYPE	#	major_version	defined	unmeasured(skipped-lib)
win32ole	stdlib	WIN32OLE_TYPE	#	minor_version	defined	unmeasured(skipped-lib)
win32ole	stdlib	WIN32OLE_TYPE	#	name	defined	unmeasured(skipped-lib)
win32ole	stdlib	WIN32OLE_TYPE	#	ole_methods	defined	unmeasured(skipped-lib)
win32ole	stdlib	WIN32OLE_TYPE	#	ole_type	defined	unmeasured(skipped-lib)
win32ole	stdlib	WIN32OLE_TYPE	#	ole_typelib	defined	unmeasured(skipped-lib)
win32ole	stdlib	WIN32OLE_TYPE	#	progid	defined	unmeasured(skipped-lib)
win32ole	stdlib	WIN32OLE_TYPE	#	source_ole_types	defined	unmeasured(skipped-lib)
win32ole	stdlib	WIN32OLE_TYPE	#	src_type	defined	unmeasured(skipped-lib)
win32ole	stdlib	WIN32OLE_TYPE	#	to_s	defined	unmeasured(skipped-lib)
win32ole	stdlib	WIN32OLE_TYPE	#	typekind	defined	unmeasured(skipped-lib)
win32ole	stdlib	WIN32OLE_TYPE	#	variables	defined	unmeasured(skipped-lib)
win32ole	stdlib	WIN32OLE_TYPE	#	visible?	defined	unmeasured(skipped-lib)
win32ole	stdlib	WIN32OLE_TYPE	.	new	defined	unmeasured(skipped-lib)
win32ole	stdlib	WIN32OLE_TYPE	.	ole_classes	defined	unmeasured(skipped-lib)
win32ole	stdlib	WIN32OLE_TYPE	.	progids	defined	unmeasured(skipped-lib)
win32ole	stdlib	WIN32OLE_TYPE	.	typelibs	defined	unmeasured(skipped-lib)
win32ole	stdlib	WIN32OLE_TYPELIB	#	guid	defined	unmeasured(skipped-lib)
win32ole	stdlib	WIN32OLE_TYPELIB	#	library_name	defined	unmeasured(skipped-lib)
win32ole	stdlib	WIN32OLE_TYPELIB	#	major_version	defined	unmeasured(skipped-lib)
win32ole	stdlib	WIN32OLE_TYPELIB	#	minor_version	defined	unmeasured(skipped-lib)
win32ole	stdlib	WIN32OLE_TYPELIB	#	name	defined	unmeasured(skipped-lib)
win32ole	stdlib	WIN32OLE_TYPELIB	#	ole_classes	defined	unmeasured(skipped-lib)
win32ole	stdlib	WIN32OLE_TYPELIB	#	ole_types	defined	unmeasured(skipped-lib)
win32ole	stdlib	WIN32OLE_TYPELIB	#	path	defined	unmeasured(skipped-lib)
win32ole	stdlib	WIN32OLE_TYPELIB	#	to_s	defined	unmeasured(skipped-lib)
win32ole	stdlib	WIN32OLE_TYPELIB	#	version	defined	unmeasured(skipped-lib)
win32ole	stdlib	WIN32OLE_TYPELIB	#	visible?	defined	unmeasured(skipped-lib)
win32ole	stdlib	WIN32OLE_TYPELIB	.	new	defined	unmeasured(skipped-lib)
win32ole	stdlib	WIN32OLE_TYPELIB	.	typelibs	defined	unmeasured(skipped-lib)
win32ole	stdlib	WIN32OLE_VARIABLE	#	name	defined	unmeasured(skipped-lib)
win32ole	stdlib	WIN32OLE_VARIABLE	#	ole_type	defined	unmeasured(skipped-lib)
win32ole	stdlib	WIN32OLE_VARIABLE	#	ole_type_detail	defined	unmeasured(skipped-lib)
win32ole	stdlib	WIN32OLE_VARIABLE	#	to_s	defined	unmeasured(skipped-lib)
win32ole	stdlib	WIN32OLE_VARIABLE	#	value	defined	unmeasured(skipped-lib)
win32ole	stdlib	WIN32OLE_VARIABLE	#	variable_kind	defined	unmeasured(skipped-lib)
win32ole	stdlib	WIN32OLE_VARIABLE	#	varkind	defined	unmeasured(skipped-lib)
win32ole	stdlib	WIN32OLE_VARIABLE	#	visible?	defined	unmeasured(skipped-lib)
win32ole	stdlib	WIN32OLE_VARIANT	#	[]	defined	unmeasured(skipped-lib)
win32ole	stdlib	WIN32OLE_VARIANT	#	[]=	defined	unmeasured(skipped-lib)
win32ole	stdlib	WIN32OLE_VARIANT	#	value	defined	unmeasured(skipped-lib)
win32ole	stdlib	WIN32OLE_VARIANT	#	value=	defined	unmeasured(skipped-lib)
win32ole	stdlib	WIN32OLE_VARIANT	#	vartype	defined	unmeasured(skipped-lib)
win32ole	stdlib	WIN32OLE_VARIANT	.	array	defined	unmeasured(skipped-lib)
win32ole	stdlib	WIN32OLE_VARIANT	.	new	defined	unmeasured(skipped-lib)
win32ole	stdlib	WIN32OLE_VARIANT	::	Empty	defined	unmeasured(skipped-lib)
win32ole	stdlib	WIN32OLE_VARIANT	::	Nothing	defined	unmeasured(skipped-lib)
win32ole	stdlib	WIN32OLE_VARIANT	::	Null	defined	unmeasured(skipped-lib)
yaml/dbm	stdlib	YAML::DBM	#	[]	defined	unmeasured(require-failed)
yaml/dbm	stdlib	YAML::DBM	#	[]=	defined	unmeasured(require-failed)
yaml/dbm	stdlib	YAML::DBM	#	delete	defined	unmeasured(require-failed)
yaml/dbm	stdlib	YAML::DBM	#	delete_if	defined	unmeasured(require-failed)
yaml/dbm	stdlib	YAML::DBM	#	each	defined	unmeasured(require-failed)
yaml/dbm	stdlib	YAML::DBM	#	each_pair	defined	unmeasured(require-failed)
yaml/dbm	stdlib	YAML::DBM	#	each_value	defined	unmeasured(require-failed)
yaml/dbm	stdlib	YAML::DBM	#	fetch	defined	unmeasured(require-failed)
yaml/dbm	stdlib	YAML::DBM	#	has_value?	defined	unmeasured(require-failed)
yaml/dbm	stdlib	YAML::DBM	#	index	defined	unmeasured(require-failed)
yaml/dbm	stdlib	YAML::DBM	#	invert	defined	unmeasured(require-failed)
yaml/dbm	stdlib	YAML::DBM	#	key	defined	unmeasured(require-failed)
yaml/dbm	stdlib	YAML::DBM	#	reject	defined	unmeasured(require-failed)
yaml/dbm	stdlib	YAML::DBM	#	replace	defined	unmeasured(require-failed)
yaml/dbm	stdlib	YAML::DBM	#	select	defined	unmeasured(require-failed)
yaml/dbm	stdlib	YAML::DBM	#	shift	defined	unmeasured(require-failed)
yaml/dbm	stdlib	YAML::DBM	#	store	defined	unmeasured(require-failed)
yaml/dbm	stdlib	YAML::DBM	#	to_a	defined	unmeasured(require-failed)
yaml/dbm	stdlib	YAML::DBM	#	to_hash	defined	unmeasured(require-failed)
yaml/dbm	stdlib	YAML::DBM	#	update	defined	unmeasured(require-failed)
yaml/dbm	stdlib	YAML::DBM	#	values	defined	unmeasured(require-failed)
yaml/dbm	stdlib	YAML::DBM	#	values_at	defined	unmeasured(require-failed)
yaml/dbm	stdlib	YAML::DBM	::	VERSION	defined	unmeasured(require-failed)
zlib	stdlib	Zlib::GzipFile	#	path	defined	EXCESS(no-method)
