lib	scope	class	typemark	name	category	3.0	3.1	3.2	3.3	3.4	4.0	4.1	pattern	first_present
_builtin	builtin	Class	#	_load	no-method	X	X	X	X	X	X	X	all	3.0
_builtin	builtin	Data	.	[]	no-method	-	-	X	X	X	X	X	all	3.2
_builtin	builtin	Data	.	members	no-method	-	-	X	X	X	X	X	all	3.2
_builtin	builtin	Data	.	new	no-method	-	-	X	X	X	X	X	all	3.2
_builtin	builtin	File	.	lchmod	no-method	X	o	o	o	o	o	o	old-only	3.0
_builtin	builtin	File::Stat	#	birthtime	no-method	X	X	X	X	X	o	o	old-only	3.0
_builtin	builtin	Numeric	#	/	no-method	X	X	X	X	X	X	X	all	3.0
_builtin	builtin	Object	#	_dump	no-method	X	X	X	X	X	X	X	all	3.0
_builtin	builtin	Object	#	marshal_dump	no-method	X	X	X	X	X	X	X	all	3.0
_builtin	builtin	Object	#	marshal_load	no-method	X	X	X	X	X	X	X	all	3.0
_builtin	builtin	ObjectSpace	.#	_id2ref	no-method	o	o	o	o	o	o	X	new-only	3.0
_builtin	builtin	Process::Sys	.#	issetugid	no-method	X	X	X	X	X	X	X	all	3.0
_builtin	builtin	Process::Sys	.#	setrgid	no-method	X	X	X	X	X	X	X	all	3.0
_builtin	builtin	Process::Sys	.#	setruid	no-method	X	X	X	X	X	X	X	all	3.0
_builtin	builtin	Random::Formatter	#	alphanumeric	no-method	X	X	X	X	X	X	X	all	3.0
_builtin	builtin	RubyVM::YJIT	.	code_gc	no-class	-	-	X	X	X	X	o	old-only	3.2
_builtin	builtin	RubyVM::YJIT	.	dump_exit_locations	no-class	-	-	X	X	X	X	o	old-only	3.2
_builtin	builtin	RubyVM::YJIT	.	enable	no-class	-	-	-	X	X	X	o	old-only	3.3
_builtin	builtin	RubyVM::YJIT	.	enabled?	no-class	-	o	X	X	X	X	o	middle	3.1
_builtin	builtin	RubyVM::YJIT	.	log	no-class	-	-	-	-	X	X	o	old-only	3.4
_builtin	builtin	RubyVM::YJIT	.	log_enabled?	no-class	-	-	-	-	X	X	o	old-only	3.4
_builtin	builtin	RubyVM::YJIT	.	reset_stats!	no-class	-	o	X	X	X	X	o	middle	3.1
_builtin	builtin	RubyVM::YJIT	.	runtime_stats	no-class	-	o	X	X	X	X	o	middle	3.1
_builtin	builtin	RubyVM::YJIT	.	stats_enabled?	no-class	-	o	X	X	X	X	o	middle	3.1
_builtin	builtin	RubyVM::YJIT	.	stats_string	no-class	-	-	-	X	X	X	o	old-only	3.3
_builtin	builtin	Struct	.	[]	no-method	X	X	X	X	X	X	X	all	3.0
_builtin	builtin	Struct	.	keyword_init?	no-method	-	X	X	X	X	X	X	all	3.1
_builtin	builtin	Struct	.	members	no-method	X	X	X	X	X	X	X	all	3.0
_builtin	builtin	Thread	.	DEBUG	no-method	X	X	X	X	X	X	X	all	3.0
_builtin	builtin	Thread	.	DEBUG=	no-method	X	X	X	X	X	X	X	all	3.0
bigdecimal	bundled	BigDecimal	#	precs	no-method	o	o	o	o	o	X	X	new-only	3.0
cgi/core	stdlib	CGI::QueryExtension::Value	#	[]	no-class	X	X	X	X	X	-	-	all	3.0
cgi/core	stdlib	CGI::QueryExtension::Value	#	first	no-class	X	X	X	X	X	-	-	all	3.0
cgi/core	stdlib	CGI::QueryExtension::Value	#	last	no-class	X	X	X	X	X	-	-	all	3.0
cgi/core	stdlib	CGI::QueryExtension::Value	#	set_params	no-class	X	X	X	X	X	-	-	all	3.0
cgi/core	stdlib	CGI::QueryExtension::Value	#	to_a	no-class	X	X	X	X	X	-	-	all	3.0
cgi/core	stdlib	CGI::QueryExtension::Value	#	to_ary	no-class	X	X	X	X	X	-	-	all	3.0
cgi/html	stdlib	CGI::Html3	#	element_init	no-method	X	X	X	X	X	-	-	all	3.0
cgi/html	stdlib	CGI::Html4	#	element_init	no-method	X	X	X	X	X	-	-	all	3.0
cgi/html	stdlib	CGI::Html4Fr	#	element_init	no-method	X	X	X	X	X	-	-	all	3.0
cgi/html	stdlib	CGI::Html4Tr	#	element_init	no-method	X	X	X	X	X	-	-	all	3.0
csv	stdlib	CSV::Row	#	deconstruct	no-method	-	X	o	o	o	o	o	old-only	3.1
csv	stdlib	CSV::Row	#	deconstruct_keys	no-method	-	X	o	o	o	o	o	old-only	3.1
date	stdlib	DateTime	.	today	no-method	X	X	X	X	X	X	X	all	3.0
etc	stdlib	Etc::Passwd	#	age	no-method	X	X	X	X	X	X	X	all	3.0
etc	stdlib	Etc::Passwd	#	age=	no-method	X	X	X	X	X	X	X	all	3.0
etc	stdlib	Etc::Passwd	#	change	no-method	X	X	X	X	X	X	X	all	3.0
etc	stdlib	Etc::Passwd	#	change=	no-method	X	X	X	X	X	X	X	all	3.0
etc	stdlib	Etc::Passwd	#	comment	no-method	X	X	X	X	X	X	X	all	3.0
etc	stdlib	Etc::Passwd	#	comment=	no-method	X	X	X	X	X	X	X	all	3.0
etc	stdlib	Etc::Passwd	#	expire	no-method	X	X	X	X	X	X	X	all	3.0
etc	stdlib	Etc::Passwd	#	expire=	no-method	X	X	X	X	X	X	X	all	3.0
etc	stdlib	Etc::Passwd	#	quota	no-method	X	X	X	X	X	X	X	all	3.0
etc	stdlib	Etc::Passwd	#	quota=	no-method	X	X	X	X	X	X	X	all	3.0
etc	stdlib	Etc::Passwd	#	uclass	no-method	X	X	X	X	X	X	X	all	3.0
etc	stdlib	Etc::Passwd	#	uclass=	no-method	X	X	X	X	X	X	X	all	3.0
fiddle	bundled	Fiddle	.	win32_last_error	no-method	?	X	X	X	X	X	X	all	3.0
fiddle	bundled	Fiddle	.	win32_last_error=	no-method	?	X	X	X	X	X	X	all	3.0
fiddle/import	bundled	Fiddle::CStruct	#	to_i	no-method	?	X	X	X	X	X	X	all	3.0
fiddle/import	bundled	Fiddle::CStruct	#	to_ptr	no-method	?	X	X	X	X	X	X	all	3.0
fiddle/import	bundled	Fiddle::CStruct	.	malloc	no-method	?	X	X	X	X	X	X	all	3.0
fiddle/import	bundled	Fiddle::CStruct	.	size	no-method	?	X	X	X	X	X	X	all	3.0
io/wait	stdlib	IO	#	nread	no-method	o	o	o	o	o	X	X	new-only	3.0
io/wait	stdlib	IO	#	ready?	no-method	o	o	o	o	o	X	X	new-only	3.0
irb	bundled	IRB	.	irb_at_exit	no-method	o	o	o	X	X	X	X	new-only	3.0
irb/context	bundled	IRB::Context	#	debug?	no-method	X	X	X	X	X	X	X	all	3.0
irb/context	bundled	IRB::Context	#	debug_level	no-method	X	X	X	X	X	X	X	all	3.0
irb/context	bundled	IRB::Context	#	debug_level=	no-method	X	X	X	X	X	X	X	all	3.0
irb/context	bundled	IRB::Context	#	workspace=	no-method	o	o	o	o	X	X	X	new-only	3.0
irb/ext/tracer	bundled	IRB::Context	#	use_tracer	no-class	o	X	X	X	X	X	X	new-only	3.0
irb/ext/tracer	bundled	IRB::Context	#	use_tracer=	no-class	o	o	o	o	X	X	X	new-only	3.0
irb/ext/tracer	bundled	IRB::Context	#	use_tracer?	no-class	o	X	X	X	X	X	X	new-only	3.0
irb/input-method	bundled	IRB::InputMethod	#	file_name	no-method	o	o	o	X	X	X	X	new-only	3.0
irb/input-method	bundled	IRB::InputMethod	#	readable_atfer_eof?	no-method	X	X	X	X	X	X	X	all	3.0
irb/input-method	bundled	IRB::ReadlineInputMethod	#	readable_atfer_eof?	no-method	X	X	X	X	X	X	X	all	3.0
irb/input-method	bundled	IRB::StdioInputMethod	#	readable_atfer_eof?	no-method	X	X	X	X	X	X	X	all	3.0
irb/magic-file	stdlib	IRB::MagicFile	.	ENCODING_SPEC_RE	no-method	X	X	X	-	-	-	-	all	3.0
json	stdlib	Class	#	json_creatable?	no-method	o	o	o	o	o	X	X	new-only	3.0
json	stdlib	JSON	.	create_id	no-method	o	o	o	o	o	o	X	new-only	3.0
json	stdlib	JSON	.	create_id=	no-method	o	o	o	o	o	o	X	new-only	3.0
json	stdlib	JSON	.#	fast_generate	no-method	o	o	o	o	o	o	X	new-only	3.0
json	stdlib	JSON	.#	fast_unparse	no-method	o	o	o	o	o	o	X	new-only	3.0
json	stdlib	JSON	.#	pretty_unparse	no-method	o	o	o	o	o	o	X	new-only	3.0
json	stdlib	JSON	.#	restore	no-method	o	o	o	o	o	o	X	new-only	3.0
json	stdlib	JSON	.#	unparse	no-method	o	o	o	o	o	o	X	new-only	3.0
json	stdlib	JSON::Ext::Generator::GeneratorMethods::Array	#	to_json	no-class	o	o	o	o	o	o	X	new-only	3.0
json	stdlib	JSON::Ext::Generator::GeneratorMethods::FalseClass	#	to_json	no-class	o	o	o	o	o	o	X	new-only	3.0
json	stdlib	JSON::Ext::Generator::GeneratorMethods::Float	#	to_json	no-class	o	o	o	o	o	o	X	new-only	3.0
json	stdlib	JSON::Ext::Generator::GeneratorMethods::Hash	#	to_json	no-class	o	o	o	o	o	o	X	new-only	3.0
json	stdlib	JSON::Ext::Generator::GeneratorMethods::Integer	#	to_json	no-class	o	o	o	o	o	o	X	new-only	3.0
json	stdlib	JSON::Ext::Generator::GeneratorMethods::NilClass	#	to_json	no-class	o	o	o	o	o	o	X	new-only	3.0
json	stdlib	JSON::Ext::Generator::GeneratorMethods::Object	#	to_json	no-class	o	o	o	o	o	o	X	new-only	3.0
json	stdlib	JSON::Ext::Generator::GeneratorMethods::String	#	to_json	no-class	o	o	o	o	o	o	X	new-only	3.0
json	stdlib	JSON::Ext::Generator::GeneratorMethods::String	#	to_json_raw	no-class	o	o	o	o	o	X	X	new-only	3.0
json	stdlib	JSON::Ext::Generator::GeneratorMethods::String	#	to_json_raw_object	no-class	o	o	o	o	o	X	X	new-only	3.0
json	stdlib	JSON::Ext::Generator::GeneratorMethods::String::Extend	.	json_create	no-method	X	X	X	X	X	-	-	all	3.0
json	stdlib	JSON::Ext::Generator::GeneratorMethods::TrueClass	#	to_json	no-class	o	o	o	o	o	o	X	new-only	3.0
json	stdlib	JSON::State	#	[]	no-method	o	o	o	o	o	o	X	new-only	3.0
json	stdlib	JSON::State	#	[]=	no-method	o	o	o	o	o	o	X	new-only	3.0
json	stdlib	Kernel	#	j	no-method	o	o	o	o	o	o	X	new-only	3.0
json	stdlib	Kernel	#	jj	no-method	o	o	o	o	o	o	X	new-only	3.0
mutex_m	bundled	Mutex_m	#	lock	no-method	X	X	X	X	X	X	X	all	3.0
mutex_m	bundled	Mutex_m	#	locked?	no-method	X	X	X	X	X	X	X	all	3.0
mutex_m	bundled	Mutex_m	#	synchronize	no-method	X	X	X	X	X	X	X	all	3.0
mutex_m	bundled	Mutex_m	#	try_lock	no-method	X	X	X	X	X	X	X	all	3.0
mutex_m	bundled	Mutex_m	#	unlock	no-method	X	X	X	X	X	X	X	all	3.0
net/http	stdlib	Net::HTTPHeader	#	method	no-method	X	X	X	X	X	X	X	all	3.0
net/http	stdlib	Net::HTTPResponse	#	reader_header	no-method	X	X	X	X	X	X	X	all	3.0
openssl	stdlib	OpenSSL::Digest::DSS	.	digest	no-class	X	X	X	X	X	X	X	all	3.0
openssl	stdlib	OpenSSL::Digest::DSS	.	hexdigest	no-class	X	X	X	X	X	X	X	all	3.0
openssl	stdlib	OpenSSL::Digest::DSS	.	new	no-class	X	X	X	X	X	X	X	all	3.0
openssl	stdlib	OpenSSL::Digest::DSS1	.	digest	no-class	X	X	X	X	X	X	X	all	3.0
openssl	stdlib	OpenSSL::Digest::DSS1	.	hexdigest	no-class	X	X	X	X	X	X	X	all	3.0
openssl	stdlib	OpenSSL::Digest::DSS1	.	new	no-class	X	X	X	X	X	X	X	all	3.0
openssl	stdlib	OpenSSL::Digest::MD2	.	digest	no-class	X	X	X	X	X	X	X	all	3.0
openssl	stdlib	OpenSSL::Digest::MD2	.	hexdigest	no-class	X	X	X	X	X	X	X	all	3.0
openssl	stdlib	OpenSSL::Digest::MD2	.	new	no-class	X	X	X	X	X	X	X	all	3.0
openssl	stdlib	OpenSSL::Digest::MDC2	.	digest	no-class	X	X	X	X	X	X	X	all	3.0
openssl	stdlib	OpenSSL::Digest::MDC2	.	hexdigest	no-class	X	X	X	X	X	X	X	all	3.0
openssl	stdlib	OpenSSL::Digest::MDC2	.	new	no-class	X	X	X	X	X	X	X	all	3.0
openssl	stdlib	OpenSSL::Digest::SHA	.	digest	no-class	X	X	X	X	X	X	X	all	3.0
openssl	stdlib	OpenSSL::Digest::SHA	.	hexdigest	no-class	X	X	X	X	X	X	X	all	3.0
openssl	stdlib	OpenSSL::Digest::SHA	.	new	no-class	X	X	X	X	X	X	X	all	3.0
openssl	stdlib	OpenSSL::Engine	#	cipher	no-class	o	X	X	X	X	X	X	new-only	3.0
openssl	stdlib	OpenSSL::Engine	#	cmds	no-class	o	X	X	X	X	X	X	new-only	3.0
openssl	stdlib	OpenSSL::Engine	#	ctrl_cmd	no-class	o	X	X	X	X	X	X	new-only	3.0
openssl	stdlib	OpenSSL::Engine	#	digest	no-class	o	X	X	X	X	X	X	new-only	3.0
openssl	stdlib	OpenSSL::Engine	#	finish	no-class	o	X	X	X	X	X	X	new-only	3.0
openssl	stdlib	OpenSSL::Engine	#	id	no-class	o	X	X	X	X	X	X	new-only	3.0
openssl	stdlib	OpenSSL::Engine	#	load_private_key	no-class	o	X	X	X	X	X	X	new-only	3.0
openssl	stdlib	OpenSSL::Engine	#	load_public_key	no-class	o	X	X	X	X	X	X	new-only	3.0
openssl	stdlib	OpenSSL::Engine	#	name	no-class	o	X	X	X	X	X	X	new-only	3.0
openssl	stdlib	OpenSSL::Engine	#	set_default	no-class	o	X	X	X	X	X	X	new-only	3.0
openssl	stdlib	OpenSSL::Engine	.	by_id	no-class	o	X	X	X	X	X	X	new-only	3.0
openssl	stdlib	OpenSSL::Engine	.	cleanup	no-class	o	X	X	X	X	X	X	new-only	3.0
openssl	stdlib	OpenSSL::Engine	.	engines	no-class	o	X	X	X	X	X	X	new-only	3.0
openssl	stdlib	OpenSSL::Engine	.	load	no-class	o	X	X	X	X	X	X	new-only	3.0
openssl	stdlib	OpenSSL::PKCS7::SignerInfo	#	name	no-method	X	X	X	X	X	X	X	all	3.0
openssl	stdlib	OpenSSL::PKey::DH	#	g=	no-method	X	X	X	X	X	X	X	all	3.0
openssl	stdlib	OpenSSL::PKey::DH	#	p=	no-method	X	X	X	X	X	X	X	all	3.0
openssl	stdlib	OpenSSL::PKey::DH	#	priv_key=	no-method	X	X	X	X	X	X	X	all	3.0
openssl	stdlib	OpenSSL::PKey::DH	#	pub_key=	no-method	X	X	X	X	X	X	X	all	3.0
openssl	stdlib	OpenSSL::PKey::DSA	#	g=	no-method	X	X	X	X	X	X	X	all	3.0
openssl	stdlib	OpenSSL::PKey::DSA	#	p=	no-method	X	X	X	X	X	X	X	all	3.0
openssl	stdlib	OpenSSL::PKey::DSA	#	priv_key=	no-method	X	X	X	X	X	X	X	all	3.0
openssl	stdlib	OpenSSL::PKey::DSA	#	pub_key=	no-method	X	X	X	X	X	X	X	all	3.0
openssl	stdlib	OpenSSL::PKey::DSA	#	q=	no-method	X	X	X	X	X	X	X	all	3.0
openssl	stdlib	OpenSSL::PKey::RSA	#	d=	no-method	X	X	X	X	X	X	X	all	3.0
openssl	stdlib	OpenSSL::PKey::RSA	#	dmp1=	no-method	X	X	X	X	X	X	X	all	3.0
openssl	stdlib	OpenSSL::PKey::RSA	#	dmq1=	no-method	X	X	X	X	X	X	X	all	3.0
openssl	stdlib	OpenSSL::PKey::RSA	#	e=	no-method	X	X	X	X	X	X	X	all	3.0
openssl	stdlib	OpenSSL::PKey::RSA	#	iqmp=	no-method	X	X	X	X	X	X	X	all	3.0
openssl	stdlib	OpenSSL::PKey::RSA	#	n=	no-method	X	X	X	X	X	X	X	all	3.0
openssl	stdlib	OpenSSL::PKey::RSA	#	p=	no-method	X	X	X	X	X	X	X	all	3.0
openssl	stdlib	OpenSSL::PKey::RSA	#	q=	no-method	X	X	X	X	X	X	X	all	3.0
openssl	stdlib	OpenSSL::Random	.#	egd	no-method	X	X	X	X	X	X	X	all	3.0
openssl	stdlib	OpenSSL::Random	.#	egd_bytes	no-method	X	X	X	X	X	X	X	all	3.0
openssl	stdlib	OpenSSL::Random	.#	pseudo_bytes	no-method	X	X	X	X	X	o	o	old-only	3.0
ostruct	bundled	OpenStruct	#	modifiable	no-method	X	X	X	X	X	X	X	all	3.0
ostruct	bundled	OpenStruct	#	new_ostruct_member	no-method	X	X	X	X	X	X	X	all	3.0
prism	stdlib	Prism::Node	#	copy	no-method	-	-	-	X	X	X	X	all	3.3
prism	stdlib	Prism::Node	#	deconstruct_keys	no-method	-	-	-	X	X	X	X	all	3.3
prism	stdlib	Prism::Node	#	each_child_node	no-method	-	-	-	-	-	X	o	old-only	4.0
prism	stdlib	Prism::Source	#	byte_offset	no-method	-	-	-	-	X	X	o	old-only	3.4
pstore	bundled	PStore::DummyMutex	#	synchronize	no-class	X	X	X	X	X	X	X	all	3.0
psych	stdlib	Kernel	#	y	no-method	X	X	X	X	X	X	X	all	3.0
rake	bundled	Rake::Cloneable	#	clone	no-method	X	X	X	X	X	X	X	all	3.0
rake	bundled	Rake::Cloneable	#	dup	no-method	X	X	X	X	X	X	X	all	3.0
rake	bundled	Rake::TaskManager	#	last_comment	no-method	X	X	X	X	X	X	X	all	3.0
rdoc/code_object	bundled	RDoc::CodeObject	#	parent_file_name	no-method	o	o	o	o	o	X	X	new-only	3.0
rdoc/code_object	bundled	RDoc::CodeObject	#	remove_classes_and_modules	no-method	X	X	X	X	X	X	X	all	3.0
rdoc/code_object	bundled	RDoc::CodeObject	#	remove_methods_etc	no-method	X	X	X	X	X	X	X	all	3.0
rdoc/code_object/context	bundled	RDoc::Context	#	defined_in?	no-method	-	-	-	-	o	X	X	new-only	3.4
rdoc/code_object/context	bundled	RDoc::Context	#	each_attribute	no-method	-	-	-	-	o	X	X	new-only	3.4
rdoc/code_object/context	bundled	RDoc::Context	#	each_constant	no-method	-	-	-	-	o	X	X	new-only	3.4
rdoc/code_object/context	bundled	RDoc::Context	#	initialize_classes_and_modules	no-method	-	-	-	-	X	X	X	all	3.4
rdoc/code_object/context	bundled	RDoc::Context	#	toplevel	no-method	-	-	-	-	X	X	X	all	3.4
rdoc/code_object/context	bundled	RDoc::Context::Section	#	sequence	no-method	-	-	-	-	X	X	X	all	3.4
rdoc/code_object/context	bundled	RDoc::Context::Section	#	set_comment	no-method	-	-	-	-	X	X	X	all	3.4
rdoc/code_object/top_level	bundled	RDoc::TopLevel	#	file_absolute_name	no-method	-	-	-	-	X	X	X	all	3.4
rdoc/code_object/top_level	bundled	RDoc::TopLevel	#	file_absolute_name=	no-method	-	-	-	-	X	X	X	all	3.4
rdoc/code_object/top_level	bundled	RDoc::TopLevel	#	file_relative_name	no-method	-	-	-	-	X	X	X	all	3.4
rdoc/code_object/top_level	bundled	RDoc::TopLevel	#	file_relative_name=	no-method	-	-	-	-	X	X	X	all	3.4
rdoc/code_object/top_level	bundled	RDoc::TopLevel	#	file_stat	no-method	-	-	-	-	o	X	X	new-only	3.4
rdoc/code_object/top_level	bundled	RDoc::TopLevel	#	file_stat=	no-method	-	-	-	-	o	X	X	new-only	3.4
rdoc/code_object/top_level	bundled	RDoc::TopLevel	.	all_classes_and_modules	no-method	-	-	-	-	X	X	X	all	3.4
rdoc/code_object/top_level	bundled	RDoc::TopLevel	.	find_class_named	no-method	-	-	-	-	X	X	X	all	3.4
rdoc/code_object/top_level	bundled	RDoc::TopLevel	.	reset	no-method	-	-	-	-	X	X	X	all	3.4
rdoc/context	stdlib	RDoc::Context	#	initialize_classes_and_modules	no-method	X	X	X	X	-	-	-	all	3.0
rdoc/context	stdlib	RDoc::Context	#	toplevel	no-method	X	X	X	X	-	-	-	all	3.0
rdoc/context	stdlib	RDoc::Context::Section	#	sequence	no-method	X	X	X	X	-	-	-	all	3.0
rdoc/context	stdlib	RDoc::Context::Section	#	set_comment	no-method	X	X	X	X	-	-	-	all	3.0
rdoc/markdown	bundled	RDoc::Markdown	#	break_on_newline	no-method	X	X	X	X	X	X	X	all	3.0
rdoc/markdown	bundled	RDoc::Markdown	#	css	no-method	X	X	X	X	X	X	X	all	3.0
rdoc/markdown	bundled	RDoc::Markdown	#	definition_lists	no-method	X	X	X	X	X	X	X	all	3.0
rdoc/markdown	bundled	RDoc::Markdown	#	github	no-method	X	X	X	X	X	X	X	all	3.0
rdoc/markdown	bundled	RDoc::Markdown	#	html	no-method	X	X	X	X	X	X	X	all	3.0
rdoc/markdown	bundled	RDoc::Markdown	#	notes	no-method	X	X	X	X	X	X	X	all	3.0
rdoc/markup	bundled	RDoc::Markup	#	add_html	no-method	o	o	o	o	o	o	X	new-only	3.0
rdoc/markup	bundled	RDoc::Markup	#	add_special	no-method	X	X	X	X	X	X	X	all	3.0
rdoc/markup	bundled	RDoc::Markup	#	add_word_pair	no-method	o	o	o	o	o	o	X	new-only	3.0
rdoc/markup	bundled	RDoc::Markup	#	attribute_manager	no-method	o	o	o	o	o	o	X	new-only	3.0
rdoc/markup	bundled	RDoc::Markup	#	content	no-method	X	X	X	X	X	X	X	all	3.0
rdoc/markup	bundled	RDoc::Markup	#	get_line_types	no-method	X	X	X	X	X	X	X	all	3.0
rdoc/markup/formatter	bundled	RDoc::Markup::Formatter	#	add_tag	no-method	o	o	o	o	o	o	X	new-only	3.0
rdoc/options	bundled	RDoc::Options	#	all_one_file	no-method	X	X	X	X	X	X	X	all	3.0
rdoc/options	bundled	RDoc::Options	#	css	no-method	X	X	X	X	X	X	X	all	3.0
rdoc/options	bundled	RDoc::Options	#	diagram	no-method	X	X	X	X	X	X	X	all	3.0
rdoc/options	bundled	RDoc::Options	#	extra_accessor_flags	no-method	X	X	X	X	X	X	X	all	3.0
rdoc/options	bundled	RDoc::Options	#	extra_accessors	no-method	X	X	X	X	X	X	X	all	3.0
rdoc/options	bundled	RDoc::Options	#	fileboxes	no-method	X	X	X	X	X	X	X	all	3.0
rdoc/options	bundled	RDoc::Options	#	image_format	no-method	X	X	X	X	X	X	X	all	3.0
rdoc/options	bundled	RDoc::Options	#	include_line_numbers	no-method	X	X	X	X	X	X	X	all	3.0
rdoc/options	bundled	RDoc::Options	#	inline_source	no-method	X	X	X	X	X	X	X	all	3.0
rdoc/options	bundled	RDoc::Options	#	merge	no-method	X	X	X	X	X	X	X	all	3.0
rdoc/options	bundled	RDoc::Options	#	op_name	no-method	X	X	X	X	X	X	X	all	3.0
rdoc/options	bundled	RDoc::Options	#	promiscuous	no-method	X	X	X	X	X	X	X	all	3.0
rdoc/options	bundled	RDoc::Options	#	show_all	no-method	X	X	X	X	X	X	X	all	3.0
rdoc/options	bundled	RDoc::Options	#	show_all=	no-method	X	X	X	X	X	X	X	all	3.0
rdoc/parser	bundled	RDoc::Parser	#	parse_files_matching	no-method	X	X	X	X	X	X	X	all	3.0
rdoc/parser	bundled	RDoc::Parser	.	parser_for	no-method	X	X	X	X	X	X	X	all	3.0
rdoc/parser/c	bundled	RDoc::Parser::C	#	progress=	no-method	X	X	X	X	X	X	X	all	3.0
rdoc/parser/simple	bundled	RDoc::Parser::Simple	#	remove_private_comments	no-method	X	X	X	X	X	X	X	all	3.0
rdoc/stats	bundled	RDoc::Stats	#	num_classes	no-method	X	X	X	X	X	X	X	all	3.0
rdoc/stats	bundled	RDoc::Stats	#	num_classes=	no-method	X	X	X	X	X	X	X	all	3.0
rdoc/stats	bundled	RDoc::Stats	#	num_files=	no-method	X	X	X	X	X	X	X	all	3.0
rdoc/stats	bundled	RDoc::Stats	#	num_methods	no-method	X	X	X	X	X	X	X	all	3.0
rdoc/stats	bundled	RDoc::Stats	#	num_methods=	no-method	X	X	X	X	X	X	X	all	3.0
rdoc/stats	bundled	RDoc::Stats	#	num_modules	no-method	X	X	X	X	X	X	X	all	3.0
rdoc/stats	bundled	RDoc::Stats	#	num_modules=	no-method	X	X	X	X	X	X	X	all	3.0
rdoc/top_level	stdlib	RDoc::TopLevel	#	file_absolute_name	no-method	X	X	X	X	-	-	-	all	3.0
rdoc/top_level	stdlib	RDoc::TopLevel	#	file_absolute_name=	no-method	X	X	X	X	-	-	-	all	3.0
rdoc/top_level	stdlib	RDoc::TopLevel	#	file_relative_name	no-method	X	X	X	X	-	-	-	all	3.0
rdoc/top_level	stdlib	RDoc::TopLevel	#	file_relative_name=	no-method	X	X	X	X	-	-	-	all	3.0
rdoc/top_level	stdlib	RDoc::TopLevel	.	all_classes_and_modules	no-method	X	X	X	X	-	-	-	all	3.0
rdoc/top_level	stdlib	RDoc::TopLevel	.	find_class_named	no-method	X	X	X	X	-	-	-	all	3.0
rdoc/top_level	stdlib	RDoc::TopLevel	.	reset	no-method	X	X	X	X	-	-	-	all	3.0
readline	stdlib	Readline	.	basic_quote_characters	no-method	X	o	o	o	o	o	o	old-only	3.0
readline	stdlib	Readline	.	basic_quote_characters=	no-method	X	o	o	o	o	o	o	old-only	3.0
readline	stdlib	Readline	.	emacs_editing_mode	no-method	X	X	X	o	o	o	o	old-only	3.0
readline	stdlib	Readline	.	filename_quote_characters	no-method	X	X	X	o	o	o	o	old-only	3.0
readline	stdlib	Readline	.	filename_quote_characters=	no-method	X	X	X	o	o	o	o	old-only	3.0
readline	bundled	Readline	.	set_screen_size	no-method	o	o	o	X	X	X	X	new-only	3.0
readline	stdlib	Readline	.	vi_editing_mode	no-method	X	X	X	o	o	o	o	old-only	3.0
resolv-replace	bundled	SOCKSSocket	.	new	no-class	X	X	X	X	X	X	X	all	3.0
rexml/document	bundled	REXML::Formatters::Transitive	.	new	no-class	X	X	X	X	X	X	X	all	3.0
ripper/filter	stdlib	Ripper::Filter	#	on_XXX	no-method	X	X	X	X	X	X	X	all	3.0
rss	bundled	RSS::BaseTrackBackModel	#	trackback_about	no-method	X	X	X	X	X	X	X	all	3.0
rss	bundled	RSS::BaseTrackBackModel	#	trackback_about=	no-method	X	X	X	X	X	X	X	all	3.0
rss	bundled	RSS::BaseTrackBackModel	#	trackback_abouts	no-method	X	X	X	X	X	X	X	all	3.0
rss	bundled	RSS::BaseTrackBackModel	#	trackback_ping	no-method	X	X	X	X	X	X	X	all	3.0
rss	bundled	RSS::BaseTrackBackModel	#	trackback_ping=	no-method	X	X	X	X	X	X	X	all	3.0
rss	bundled	RSS::ContentModel	#	content_encoded	no-method	X	X	X	X	X	X	X	all	3.0
rss	bundled	RSS::ContentModel	#	content_encoded=	no-method	X	X	X	X	X	X	X	all	3.0
rss	bundled	RSS::DublinCoreModel	#	dc_contributor	no-method	X	X	X	X	X	X	X	all	3.0
rss	bundled	RSS::DublinCoreModel	#	dc_contributor=	no-method	X	X	X	X	X	X	X	all	3.0
rss	bundled	RSS::DublinCoreModel	#	dc_contributors	no-method	X	X	X	X	X	X	X	all	3.0
rss	bundled	RSS::DublinCoreModel	#	dc_coverage	no-method	X	X	X	X	X	X	X	all	3.0
rss	bundled	RSS::DublinCoreModel	#	dc_coverage=	no-method	X	X	X	X	X	X	X	all	3.0
rss	bundled	RSS::DublinCoreModel	#	dc_coverages	no-method	X	X	X	X	X	X	X	all	3.0
rss	bundled	RSS::DublinCoreModel	#	dc_creator	no-method	X	X	X	X	X	X	X	all	3.0
rss	bundled	RSS::DublinCoreModel	#	dc_creator=	no-method	X	X	X	X	X	X	X	all	3.0
rss	bundled	RSS::DublinCoreModel	#	dc_creators	no-method	X	X	X	X	X	X	X	all	3.0
rss	bundled	RSS::DublinCoreModel	#	dc_date	no-method	X	X	X	X	X	X	X	all	3.0
rss	bundled	RSS::DublinCoreModel	#	dc_date=	no-method	X	X	X	X	X	X	X	all	3.0
rss	bundled	RSS::DublinCoreModel	#	dc_dates	no-method	X	X	X	X	X	X	X	all	3.0
rss	bundled	RSS::DublinCoreModel	#	dc_description	no-method	X	X	X	X	X	X	X	all	3.0
rss	bundled	RSS::DublinCoreModel	#	dc_description=	no-method	X	X	X	X	X	X	X	all	3.0
rss	bundled	RSS::DublinCoreModel	#	dc_descriptions	no-method	X	X	X	X	X	X	X	all	3.0
rss	bundled	RSS::DublinCoreModel	#	dc_format	no-method	X	X	X	X	X	X	X	all	3.0
rss	bundled	RSS::DublinCoreModel	#	dc_format=	no-method	X	X	X	X	X	X	X	all	3.0
rss	bundled	RSS::DublinCoreModel	#	dc_formats	no-method	X	X	X	X	X	X	X	all	3.0
rss	bundled	RSS::DublinCoreModel	#	dc_identifier	no-method	X	X	X	X	X	X	X	all	3.0
rss	bundled	RSS::DublinCoreModel	#	dc_identifier=	no-method	X	X	X	X	X	X	X	all	3.0
rss	bundled	RSS::DublinCoreModel	#	dc_identifiers	no-method	X	X	X	X	X	X	X	all	3.0
rss	bundled	RSS::DublinCoreModel	#	dc_language	no-method	X	X	X	X	X	X	X	all	3.0
rss	bundled	RSS::DublinCoreModel	#	dc_language=	no-method	X	X	X	X	X	X	X	all	3.0
rss	bundled	RSS::DublinCoreModel	#	dc_languages	no-method	X	X	X	X	X	X	X	all	3.0
rss	bundled	RSS::DublinCoreModel	#	dc_publisher	no-method	X	X	X	X	X	X	X	all	3.0
rss	bundled	RSS::DublinCoreModel	#	dc_publisher=	no-method	X	X	X	X	X	X	X	all	3.0
rss	bundled	RSS::DublinCoreModel	#	dc_publishers	no-method	X	X	X	X	X	X	X	all	3.0
rss	bundled	RSS::DublinCoreModel	#	dc_relation	no-method	X	X	X	X	X	X	X	all	3.0
rss	bundled	RSS::DublinCoreModel	#	dc_relation=	no-method	X	X	X	X	X	X	X	all	3.0
rss	bundled	RSS::DublinCoreModel	#	dc_relations	no-method	X	X	X	X	X	X	X	all	3.0
rss	bundled	RSS::DublinCoreModel	#	dc_rights	no-method	X	X	X	X	X	X	X	all	3.0
rss	bundled	RSS::DublinCoreModel	#	dc_rights=	no-method	X	X	X	X	X	X	X	all	3.0
rss	bundled	RSS::DublinCoreModel	#	dc_rightses	no-method	X	X	X	X	X	X	X	all	3.0
rss	bundled	RSS::DublinCoreModel	#	dc_source	no-method	X	X	X	X	X	X	X	all	3.0
rss	bundled	RSS::DublinCoreModel	#	dc_source=	no-method	X	X	X	X	X	X	X	all	3.0
rss	bundled	RSS::DublinCoreModel	#	dc_sources	no-method	X	X	X	X	X	X	X	all	3.0
rss	bundled	RSS::DublinCoreModel	#	dc_subject	no-method	X	X	X	X	X	X	X	all	3.0
rss	bundled	RSS::DublinCoreModel	#	dc_subject=	no-method	X	X	X	X	X	X	X	all	3.0
rss	bundled	RSS::DublinCoreModel	#	dc_subjects	no-method	X	X	X	X	X	X	X	all	3.0
rss	bundled	RSS::DublinCoreModel	#	dc_title	no-method	X	X	X	X	X	X	X	all	3.0
rss	bundled	RSS::DublinCoreModel	#	dc_title=	no-method	X	X	X	X	X	X	X	all	3.0
rss	bundled	RSS::DublinCoreModel	#	dc_titles	no-method	X	X	X	X	X	X	X	all	3.0
rss	bundled	RSS::DublinCoreModel	#	dc_type	no-method	X	X	X	X	X	X	X	all	3.0
rss	bundled	RSS::DublinCoreModel	#	dc_type=	no-method	X	X	X	X	X	X	X	all	3.0
rss	bundled	RSS::DublinCoreModel	#	dc_types	no-method	X	X	X	X	X	X	X	all	3.0
rss	bundled	RSS::ImageFaviconModel	#	image_favicon	no-method	X	X	X	X	X	X	X	all	3.0
rss	bundled	RSS::ImageFaviconModel	#	image_favicon=	no-method	X	X	X	X	X	X	X	all	3.0
rss	bundled	RSS::ImageItemModel	#	image_item	no-method	X	X	X	X	X	X	X	all	3.0
rss	bundled	RSS::ImageItemModel	#	image_item=	no-method	X	X	X	X	X	X	X	all	3.0
rss	bundled	RSS::RDF	#	rss_version=	no-method	X	X	X	X	X	X	X	all	3.0
rss	bundled	RSS::RDF::Channel::ImageFavicon	#	about	no-class	X	X	X	X	X	X	X	all	3.0
rss	bundled	RSS::RDF::Channel::ImageFavicon	#	about=	no-class	X	X	X	X	X	X	X	all	3.0
rss	bundled	RSS::RDF::Channel::ImageFavicon	#	date	no-class	X	X	X	X	X	X	X	all	3.0
rss	bundled	RSS::RDF::Channel::ImageFavicon	#	date=	no-class	X	X	X	X	X	X	X	all	3.0
rss	bundled	RSS::RDF::Channel::ImageFavicon	#	image_size	no-class	X	X	X	X	X	X	X	all	3.0
rss	bundled	RSS::RDF::Channel::ImageFavicon	#	image_size=	no-class	X	X	X	X	X	X	X	all	3.0
rss	bundled	RSS::RDF::Channel::ImageFavicon	#	size	no-class	X	X	X	X	X	X	X	all	3.0
rss	bundled	RSS::RDF::Channel::ImageFavicon	#	size=	no-class	X	X	X	X	X	X	X	all	3.0
rss	bundled	RSS::SyndicationModel	#	sy_updateBase	no-method	X	X	X	X	X	X	X	all	3.0
rss	bundled	RSS::SyndicationModel	#	sy_updateBase=	no-method	X	X	X	X	X	X	X	all	3.0
rss	bundled	RSS::SyndicationModel	#	sy_updateFrequency	no-method	X	X	X	X	X	X	X	all	3.0
rss	bundled	RSS::SyndicationModel	#	sy_updateFrequency=	no-method	X	X	X	X	X	X	X	all	3.0
rss	bundled	RSS::SyndicationModel	#	sy_updatePeriod	no-method	X	X	X	X	X	X	X	all	3.0
rss	bundled	RSS::SyndicationModel	#	sy_updatePeriod=	no-method	X	X	X	X	X	X	X	all	3.0
rss	bundled	RSS::TaxonomyTopicModel	#	taxo_topic	no-method	X	X	X	X	X	X	X	all	3.0
rss	bundled	RSS::TaxonomyTopicModel	#	taxo_topic=	no-method	X	X	X	X	X	X	X	all	3.0
rss	bundled	RSS::TaxonomyTopicsModel	#	taxo_topics	no-method	X	X	X	X	X	X	X	all	3.0
rubygems/commands/build_command	stdlib	Gem::Commands::BuildCommand	#	load_gemspecs	no-method	X	X	X	X	X	X	X	all	3.0
rubygems/commands/build_command	stdlib	Gem::Commands::BuildCommand	#	yaml?	no-method	X	X	X	X	X	X	X	all	3.0
rubygems/commands/dependency_command	stdlib	Gem::Commands::DependencyCommand	#	find_gems	no-method	X	X	X	X	X	X	X	all	3.0
rubygems/commands/update_command	stdlib	Gem::Commands::UpdateCommand	#	do_rubygems_update	no-method	X	X	X	X	X	X	X	all	3.0
rubygems/commands/which_command	stdlib	Gem::Commands::WhichCommand	#	gem_paths	no-method	X	X	X	X	X	X	X	all	3.0
rubygems/config_file	stdlib	Gem::ConfigFile	#	benchmark	no-method	X	X	X	X	X	X	X	all	3.0
rubygems/config_file	stdlib	Gem::ConfigFile	#	benchmark=	no-method	X	X	X	X	X	X	X	all	3.0
rubygems/defaults	stdlib	Gem	.	default_system_source_cache_dir	no-method	X	X	X	X	X	X	X	all	3.0
rubygems/defaults	stdlib	Gem	.	default_user_source_cache_dir	no-method	X	X	X	X	X	X	X	all	3.0
rubygems/dependency	stdlib	Gem::Dependency	#	version_requirements	no-method	X	X	X	X	X	X	X	all	3.0
rubygems/dependency	stdlib	Gem::Dependency	#	version_requirements=	no-method	X	X	X	X	X	X	X	all	3.0
rubygems/dependency_installer	stdlib	Gem::DependencyInstaller	#	find_gems_with_sources	no-method	o	o	o	o	o	X	X	new-only	3.0
rubygems/dependency_installer	stdlib	Gem::DependencyInstaller	#	find_spec_by_name_and_version	no-method	X	X	X	X	X	X	X	all	3.0
rubygems/dependency_installer	stdlib	Gem::DependencyInstaller	#	gather_dependencies	no-method	X	X	X	X	X	X	X	all	3.0
rubygems/dependency_installer	stdlib	Gem::DependencyInstaller	#	gems_to_install	no-method	X	X	X	X	X	X	X	all	3.0
rubygems/dependency_list	stdlib	Gem::DependencyList	.	from_source_index	no-method	X	X	X	X	X	X	X	all	3.0
rubygems/ext/builder	stdlib	Gem::Ext::Builder	.	redirector	no-method	X	X	X	X	X	X	X	all	3.0
rubygems/indexer	stdlib	Gem::Indexer	#	abbreviate	no-method	X	X	X	-	-	-	-	all	3.0
rubygems/indexer	stdlib	Gem::Indexer	#	collect_specs	no-method	X	X	X	-	-	-	-	all	3.0
rubygems/indexer	stdlib	Gem::Indexer	#	sanitize	no-method	X	X	X	-	-	-	-	all	3.0
rubygems/indexer	stdlib	Gem::Indexer	#	sanitize_string	no-method	X	X	X	-	-	-	-	all	3.0
rubygems/installer	stdlib	Gem::Installer	#	unpack	no-method	o	o	o	o	o	X	X	new-only	3.0
rubygems/installer	stdlib	Gem::Installer	.	home_install_warning	no-method	X	X	X	X	X	X	X	all	3.0
rubygems/installer	stdlib	Gem::Installer	.	home_install_warning=	no-method	X	X	X	X	X	X	X	all	3.0
rubygems/installer	stdlib	Gem::Installer	.	path_warning	no-method	o	o	o	o	X	X	X	new-only	3.0
rubygems/installer	stdlib	Gem::Installer	.	path_warning=	no-method	o	o	o	o	X	X	X	new-only	3.0
rubygems/package	stdlib	Gem::FileOperations	.	new	no-class	X	X	X	X	X	X	X	all	3.0
rubygems/package	stdlib	Gem::Package	.	pack	no-method	X	X	X	X	X	X	X	all	3.0
rubygems/platform	stdlib	Gem::Platform	.	match	no-method	o	o	o	o	o	X	X	new-only	3.0
rubygems/security	stdlib	Gem::Security	.	add_trusted_cert	no-method	X	X	X	X	X	X	X	all	3.0
rubygems/security	stdlib	Gem::Security	.	build_cert	no-method	X	X	X	X	X	X	X	all	3.0
rubygems/security	stdlib	Gem::Security	.	build_self_signed_cert	no-method	X	X	X	X	X	X	X	all	3.0
rubygems/security	stdlib	Gem::Security	.	sign_cert	no-method	X	X	X	X	X	X	X	all	3.0
rubygems/security	stdlib	Gem::Security	.	verify_trust_dir	no-method	X	X	X	X	X	X	X	all	3.0
rubygems/security	stdlib	Gem::Security::Policy	#	verify_gem	no-method	X	X	X	X	X	X	X	all	3.0
rubygems/security	stdlib	Gem::Security::Policy	.	trusted_cert_path	no-method	X	X	X	X	X	X	X	all	3.0
rubygems/server	stdlib	Gem::Server	#	Marshal	no-method	X	-	-	-	-	-	-	all	3.0
rubygems/server	stdlib	Gem::Server	#	yaml	no-method	X	-	-	-	-	-	-	all	3.0
rubygems/spec_fetcher	stdlib	Gem::SpecFetcher	#	cache_dir	no-method	X	X	X	X	X	X	X	all	3.0
rubygems/spec_fetcher	stdlib	Gem::SpecFetcher	#	dir	no-method	X	X	X	X	X	X	X	all	3.0
rubygems/spec_fetcher	stdlib	Gem::SpecFetcher	#	fetch	no-method	X	X	X	X	X	X	X	all	3.0
rubygems/spec_fetcher	stdlib	Gem::SpecFetcher	#	fetch_spec	no-method	X	X	X	X	X	X	X	all	3.0
rubygems/spec_fetcher	stdlib	Gem::SpecFetcher	#	find_matching	no-method	X	X	X	X	X	X	X	all	3.0
rubygems/spec_fetcher	stdlib	Gem::SpecFetcher	#	legacy_repos	no-method	X	X	X	X	X	X	X	all	3.0
rubygems/spec_fetcher	stdlib	Gem::SpecFetcher	#	list	no-method	X	X	X	X	X	X	X	all	3.0
rubygems/spec_fetcher	stdlib	Gem::SpecFetcher	#	load_specs	no-method	X	X	X	X	X	X	X	all	3.0
rubygems/spec_fetcher	stdlib	Gem::SpecFetcher	#	warn_legacy	no-method	X	X	X	X	X	X	X	all	3.0
rubygems/validator	stdlib	Gem::Validator	#	remove_leading_dot_dir	no-method	X	X	X	X	X	X	X	all	3.0
rubygems/validator	stdlib	Gem::Validator	#	unit_test	no-method	X	X	X	X	X	X	X	all	3.0
rubygems/validator	stdlib	Gem::Validator	#	verify_gem	no-method	X	X	X	X	X	X	X	all	3.0
rubygems/validator	stdlib	Gem::Validator	#	verify_gem_file	no-method	X	X	X	X	X	X	X	all	3.0
singleton	stdlib	Singleton	.	instance	no-method	X	X	X	X	X	X	X	all	3.0
socket	stdlib	SOCKSSocket	#	close	no-class	X	X	X	X	X	X	X	all	3.0
socket	stdlib	SOCKSSocket	.	new	no-class	X	X	X	X	X	X	X	all	3.0
socket	stdlib	SOCKSSocket	.	open	no-class	X	X	X	X	X	X	X	all	3.0
socket	stdlib	Socket	.	gethostbyaddr	no-method	o	o	o	o	o	o	X	new-only	3.0
socket	stdlib	Socket	.	gethostbyname	no-method	o	o	o	o	o	o	X	new-only	3.0
socket	stdlib	Socket::Ifaddr	#	vhid	no-method	X	X	X	X	X	X	X	all	3.0
socket	stdlib	TCPSocket	.	gethostbyname	no-method	o	o	o	o	o	o	X	new-only	3.0
yaml/dbm	stdlib	YAML::DBM	#	[]	no-class	?	?	?	?	X	X	X	all	3.0
yaml/dbm	stdlib	YAML::DBM	#	[]=	no-class	?	?	?	?	X	X	X	all	3.0
yaml/dbm	stdlib	YAML::DBM	#	delete	no-class	?	?	?	?	X	X	X	all	3.0
yaml/dbm	stdlib	YAML::DBM	#	delete_if	no-class	?	?	?	?	X	X	X	all	3.0
yaml/dbm	stdlib	YAML::DBM	#	each	no-class	?	?	?	?	X	X	X	all	3.0
yaml/dbm	stdlib	YAML::DBM	#	each_pair	no-class	?	?	?	?	X	X	X	all	3.0
yaml/dbm	stdlib	YAML::DBM	#	each_value	no-class	?	?	?	?	X	X	X	all	3.0
yaml/dbm	stdlib	YAML::DBM	#	fetch	no-class	?	?	?	?	X	X	X	all	3.0
yaml/dbm	stdlib	YAML::DBM	#	has_value?	no-class	?	?	?	?	X	X	X	all	3.0
yaml/dbm	stdlib	YAML::DBM	#	index	no-class	?	?	?	?	X	X	X	all	3.0
yaml/dbm	stdlib	YAML::DBM	#	invert	no-class	?	?	?	?	X	X	X	all	3.0
yaml/dbm	stdlib	YAML::DBM	#	key	no-class	?	?	?	?	X	X	X	all	3.0
yaml/dbm	stdlib	YAML::DBM	#	reject	no-class	?	?	?	?	X	X	X	all	3.0
yaml/dbm	stdlib	YAML::DBM	#	replace	no-class	?	?	?	?	X	X	X	all	3.0
yaml/dbm	stdlib	YAML::DBM	#	select	no-class	?	?	?	?	X	X	X	all	3.0
yaml/dbm	stdlib	YAML::DBM	#	shift	no-class	?	?	?	?	X	X	X	all	3.0
yaml/dbm	stdlib	YAML::DBM	#	store	no-class	?	?	?	?	X	X	X	all	3.0
yaml/dbm	stdlib	YAML::DBM	#	to_a	no-class	?	?	?	?	X	X	X	all	3.0
yaml/dbm	stdlib	YAML::DBM	#	to_hash	no-class	?	?	?	?	X	X	X	all	3.0
yaml/dbm	stdlib	YAML::DBM	#	update	no-class	?	?	?	?	X	X	X	all	3.0
yaml/dbm	stdlib	YAML::DBM	#	values	no-class	?	?	?	?	X	X	X	all	3.0
yaml/dbm	stdlib	YAML::DBM	#	values_at	no-class	?	?	?	?	X	X	X	all	3.0
zlib	stdlib	Zlib::GzipFile	#	path	no-method	X	X	X	X	X	X	X	all	3.0
