lib	class	type	name	resolution	detail
bigdecimal	BigDecimal	#	save_exception_mode	wrong-type:singleton	ドキュメントは #(instance)だが、実際は singleton として存在する(BigDecimal)
bigdecimal	BigDecimal	#	save_limit	wrong-type:singleton	ドキュメントは #(instance)だが、実際は singleton として存在する(BigDecimal)
bigdecimal	BigDecimal	#	save_rounding_mode	wrong-type:singleton	ドキュメントは #(instance)だが、実際は singleton として存在する(BigDecimal)
cgi/cookie	CGI::Cookie	#	httopnly	not-found	CGI::Cookie 自身に綴り/構造の近いメソッドが存在(ドキュメントの誤字、またはメソッド名自体の変更(接頭辞付与など)の可能性): httponly, httponly= / 4.0でも同様に not-found(クラス自体が解決できず、名前が類似するクラスも見つからなかった)
cgi/cookie	CGI::Cookie	#	httopnly=	not-found	CGI::Cookie 自身に綴り/構造の近いメソッドが存在(ドキュメントの誤字、またはメソッド名自体の変更(接頭辞付与など)の可能性): httponly, httponly= / 4.0でも同様に not-found(クラス自体が解決できず、名前が類似するクラスも見つからなかった)
cgi/core	CGI	::	MAX_MULTIPART_LENGTH	not-found	CGI は存在するが MAX_MULTIPART_LENGTH はどの形(instance/singleton/const)でも存在しない / 4.0でも同様に not-found(クラス自体が解決できず、名前が類似するクラスも見つからなかった)
cgi/core	CGI::QueryExtension::Value	#	[]	not-found	クラス自体が解決できず、名前が類似するクラスも見つからなかった / 4.0でも同様に not-found(クラス自体が解決できず、名前が類似するクラスも見つからなかった)
cgi/core	CGI::QueryExtension::Value	#	first	not-found	クラス自体が解決できず、名前が類似するクラスも見つからなかった / 4.0でも同様に not-found(クラス自体が解決できず、名前が類似するクラスも見つからなかった)
cgi/core	CGI::QueryExtension::Value	#	last	not-found	クラス自体が解決できず、名前が類似するクラスも見つからなかった / 4.0でも同様に not-found(クラス自体が解決できず、名前が類似するクラスも見つからなかった)
cgi/core	CGI::QueryExtension::Value	#	set_params	not-found	クラス自体が解決できず、名前が類似するクラスも見つからなかった / 4.0でも同様に not-found(クラス自体が解決できず、名前が類似するクラスも見つからなかった)
cgi/core	CGI::QueryExtension::Value	#	to_a	not-found	クラス自体が解決できず、名前が類似するクラスも見つからなかった / 4.0でも同様に not-found(クラス自体が解決できず、名前が類似するクラスも見つからなかった)
cgi/core	CGI::QueryExtension::Value	#	to_ary	not-found	クラス自体が解決できず、名前が類似するクラスも見つからなかった / 4.0でも同様に not-found(クラス自体が解決できず、名前が類似するクラスも見つからなかった)
cgi/html	CGI::Html3	#	element_init	not-found	CGI::Html3 自身に綴り/構造の近いメソッドが存在(ドキュメントの誤字、またはメソッド名自体の変更(接頭辞付与など)の可能性): em, i / 4.0でも同様に not-found(クラス自体が解決できず、名前が類似するクラスも見つからなかった)
cgi/html	CGI::Html4	#	element_init	not-found	CGI::Html4 自身に綴り/構造の近いメソッドが存在(ドキュメントの誤字、またはメソッド名自体の変更(接頭辞付与など)の可能性): em, i / 4.0でも同様に not-found(クラス自体が解決できず、名前が類似するクラスも見つからなかった)
cgi/html	CGI::Html4Fr	#	element_init	not-found	CGI::Html4Fr は存在するが element_init はどの形(instance/singleton/const)でも存在しない / 4.0でも同様に not-found(クラス自体が解決できず、名前が類似するクラスも見つからなかった)
cgi/html	CGI::Html4Tr	#	element_init	not-found	CGI::Html4Tr 自身に綴り/構造の近いメソッドが存在(ドキュメントの誤字、またはメソッド名自体の変更(接頭辞付与など)の可能性): em, i / 4.0でも同様に not-found(クラス自体が解決できず、名前が類似するクラスも見つからなかった)
date	DateTime	.	today	not-found	DateTime は存在するが today はどの形(instance/singleton/const)でも存在しない / 4.0でも同様に not-found(DateTime は存在するが today はどの形(instance/singleton/const)でも存在しない)
etc	Etc::Passwd	#	age	env	Etc::Passwd は libc 由来の Struct でメンバー構成が OS 依存(例: age/change/comment/expire/quota/uclass は BSD 系のみ、vhid は FreeBSD の CARP 関連フィールド)。このサンドボックス(Linux)には無いだけで、対象 OS では存在しうる。aggregate.rb の PLATFORM_CLASSES(Socket/Etc の `::` 定数)と同種の環境要因。実測: Etc::Passwd.members(またはinstance_methods) に age が含まれない / 元判定: Etc::Passwd は存在するが age はどの形(instance/singleton/const)でも存在しない / 4.0でも同様に not-found(Etc::Passwd は存在するが age はどの形(instance/singleton/const)でも存在しない)
etc	Etc::Passwd	#	age=	env	Etc::Passwd は libc 由来の Struct でメンバー構成が OS 依存(例: age/change/comment/expire/quota/uclass は BSD 系のみ、vhid は FreeBSD の CARP 関連フィールド)。このサンドボックス(Linux)には無いだけで、対象 OS では存在しうる。aggregate.rb の PLATFORM_CLASSES(Socket/Etc の `::` 定数)と同種の環境要因。実測: Etc::Passwd.members(またはinstance_methods) に age= が含まれない / 元判定: Etc::Passwd は存在するが age= はどの形(instance/singleton/const)でも存在しない / 4.0でも同様に not-found(Etc::Passwd は存在するが age= はどの形(instance/singleton/const)でも存在しない)
etc	Etc::Passwd	#	change	env	Etc::Passwd は libc 由来の Struct でメンバー構成が OS 依存(例: age/change/comment/expire/quota/uclass は BSD 系のみ、vhid は FreeBSD の CARP 関連フィールド)。このサンドボックス(Linux)には無いだけで、対象 OS では存在しうる。aggregate.rb の PLATFORM_CLASSES(Socket/Etc の `::` 定数)と同種の環境要因。実測: Etc::Passwd.members(またはinstance_methods) に change が含まれない / 元判定: Etc::Passwd は存在するが change はどの形(instance/singleton/const)でも存在しない / 4.0でも同様に not-found(Etc::Passwd は存在するが change はどの形(instance/singleton/const)でも存在しない)
etc	Etc::Passwd	#	change=	env	Etc::Passwd は libc 由来の Struct でメンバー構成が OS 依存(例: age/change/comment/expire/quota/uclass は BSD 系のみ、vhid は FreeBSD の CARP 関連フィールド)。このサンドボックス(Linux)には無いだけで、対象 OS では存在しうる。aggregate.rb の PLATFORM_CLASSES(Socket/Etc の `::` 定数)と同種の環境要因。実測: Etc::Passwd.members(またはinstance_methods) に change= が含まれない / 元判定: Etc::Passwd は存在するが change= はどの形(instance/singleton/const)でも存在しない / 4.0でも同様に not-found(Etc::Passwd は存在するが change= はどの形(instance/singleton/const)でも存在しない)
etc	Etc::Passwd	#	comment	env	Etc::Passwd は libc 由来の Struct でメンバー構成が OS 依存(例: age/change/comment/expire/quota/uclass は BSD 系のみ、vhid は FreeBSD の CARP 関連フィールド)。このサンドボックス(Linux)には無いだけで、対象 OS では存在しうる。aggregate.rb の PLATFORM_CLASSES(Socket/Etc の `::` 定数)と同種の環境要因。実測: Etc::Passwd.members(またはinstance_methods) に comment が含まれない / 元判定: Etc::Passwd は存在するが comment はどの形(instance/singleton/const)でも存在しない / 4.0でも同様に not-found(Etc::Passwd は存在するが comment はどの形(instance/singleton/const)でも存在しない)
etc	Etc::Passwd	#	comment=	env	Etc::Passwd は libc 由来の Struct でメンバー構成が OS 依存(例: age/change/comment/expire/quota/uclass は BSD 系のみ、vhid は FreeBSD の CARP 関連フィールド)。このサンドボックス(Linux)には無いだけで、対象 OS では存在しうる。aggregate.rb の PLATFORM_CLASSES(Socket/Etc の `::` 定数)と同種の環境要因。実測: Etc::Passwd.members(またはinstance_methods) に comment= が含まれない / 元判定: Etc::Passwd は存在するが comment= はどの形(instance/singleton/const)でも存在しない / 4.0でも同様に not-found(Etc::Passwd は存在するが comment= はどの形(instance/singleton/const)でも存在しない)
etc	Etc::Passwd	#	expire	env	Etc::Passwd は libc 由来の Struct でメンバー構成が OS 依存(例: age/change/comment/expire/quota/uclass は BSD 系のみ、vhid は FreeBSD の CARP 関連フィールド)。このサンドボックス(Linux)には無いだけで、対象 OS では存在しうる。aggregate.rb の PLATFORM_CLASSES(Socket/Etc の `::` 定数)と同種の環境要因。実測: Etc::Passwd.members(またはinstance_methods) に expire が含まれない / 元判定: Etc::Passwd は存在するが expire はどの形(instance/singleton/const)でも存在しない / 4.0でも同様に not-found(Etc::Passwd は存在するが expire はどの形(instance/singleton/const)でも存在しない)
etc	Etc::Passwd	#	expire=	env	Etc::Passwd は libc 由来の Struct でメンバー構成が OS 依存(例: age/change/comment/expire/quota/uclass は BSD 系のみ、vhid は FreeBSD の CARP 関連フィールド)。このサンドボックス(Linux)には無いだけで、対象 OS では存在しうる。aggregate.rb の PLATFORM_CLASSES(Socket/Etc の `::` 定数)と同種の環境要因。実測: Etc::Passwd.members(またはinstance_methods) に expire= が含まれない / 元判定: Etc::Passwd は存在するが expire= はどの形(instance/singleton/const)でも存在しない / 4.0でも同様に not-found(Etc::Passwd は存在するが expire= はどの形(instance/singleton/const)でも存在しない)
etc	Etc::Passwd	#	quota	env	Etc::Passwd は libc 由来の Struct でメンバー構成が OS 依存(例: age/change/comment/expire/quota/uclass は BSD 系のみ、vhid は FreeBSD の CARP 関連フィールド)。このサンドボックス(Linux)には無いだけで、対象 OS では存在しうる。aggregate.rb の PLATFORM_CLASSES(Socket/Etc の `::` 定数)と同種の環境要因。実測: Etc::Passwd.members(またはinstance_methods) に quota が含まれない / 元判定: Etc::Passwd は存在するが quota はどの形(instance/singleton/const)でも存在しない / 4.0でも同様に not-found(Etc::Passwd は存在するが quota はどの形(instance/singleton/const)でも存在しない)
etc	Etc::Passwd	#	quota=	env	Etc::Passwd は libc 由来の Struct でメンバー構成が OS 依存(例: age/change/comment/expire/quota/uclass は BSD 系のみ、vhid は FreeBSD の CARP 関連フィールド)。このサンドボックス(Linux)には無いだけで、対象 OS では存在しうる。aggregate.rb の PLATFORM_CLASSES(Socket/Etc の `::` 定数)と同種の環境要因。実測: Etc::Passwd.members(またはinstance_methods) に quota= が含まれない / 元判定: Etc::Passwd は存在するが quota= はどの形(instance/singleton/const)でも存在しない / 4.0でも同様に not-found(Etc::Passwd は存在するが quota= はどの形(instance/singleton/const)でも存在しない)
etc	Etc::Passwd	#	uclass	env	Etc::Passwd は libc 由来の Struct でメンバー構成が OS 依存(例: age/change/comment/expire/quota/uclass は BSD 系のみ、vhid は FreeBSD の CARP 関連フィールド)。このサンドボックス(Linux)には無いだけで、対象 OS では存在しうる。aggregate.rb の PLATFORM_CLASSES(Socket/Etc の `::` 定数)と同種の環境要因。実測: Etc::Passwd.members(またはinstance_methods) に uclass が含まれない / 元判定: Etc::Passwd は存在するが uclass はどの形(instance/singleton/const)でも存在しない / 4.0でも同様に not-found(Etc::Passwd は存在するが uclass はどの形(instance/singleton/const)でも存在しない)
etc	Etc::Passwd	#	uclass=	env	Etc::Passwd は libc 由来の Struct でメンバー構成が OS 依存(例: age/change/comment/expire/quota/uclass は BSD 系のみ、vhid は FreeBSD の CARP 関連フィールド)。このサンドボックス(Linux)には無いだけで、対象 OS では存在しうる。aggregate.rb の PLATFORM_CLASSES(Socket/Etc の `::` 定数)と同種の環境要因。実測: Etc::Passwd.members(またはinstance_methods) に uclass= が含まれない / 元判定: Etc::Passwd は存在するが uclass= はどの形(instance/singleton/const)でも存在しない / 4.0でも同様に not-found(Etc::Passwd は存在するが uclass= はどの形(instance/singleton/const)でも存在しない)
fiddle	Fiddle	.	win32_last_error	not-found	Fiddle 自身に綴り/構造の近いメソッドが存在(ドキュメントの誤字、またはメソッド名自体の変更(接頭辞付与など)の可能性): last_error, last_error= / 4.0でも同様に not-found(Fiddle 自身に綴り/構造の近いメソッドが存在(ドキュメントの誤字、またはメソッド名自体の変更(接頭辞付与など)の可能性): last_error=, last_error)
fiddle	Fiddle	.	win32_last_error=	not-found	Fiddle 自身に綴り/構造の近いメソッドが存在(ドキュメントの誤字、またはメソッド名自体の変更(接頭辞付与など)の可能性): last_error, last_error= / 4.0でも同様に not-found(Fiddle 自身に綴り/構造の近いメソッドが存在(ドキュメントの誤字、またはメソッド名自体の変更(接頭辞付与など)の可能性): last_error=, last_error)
fiddle	Fiddle::Function	::	STDCALL	not-found	Fiddle::Function は存在するが STDCALL はどの形(instance/singleton/const)でも存在しない / 4.0でも同様に not-found(Fiddle::Function は存在するが STDCALL はどの形(instance/singleton/const)でも存在しない)
fiddle/import	Fiddle::CStruct	.	malloc	not-found	Fiddle::CStruct は存在するが malloc はどの形(instance/singleton/const)でも存在しない / 4.0でも同様に not-found(Fiddle::CStruct は存在するが malloc はどの形(instance/singleton/const)でも存在しない)
fiddle/import	Fiddle::CStruct	.	size	not-found	Fiddle::CStruct は存在するが size はどの形(instance/singleton/const)でも存在しない / 4.0でも同様に not-found(Fiddle::CStruct は存在するが size はどの形(instance/singleton/const)でも存在しない)
fiddle/import	Fiddle::CStruct	#	to_i	not-found	Fiddle::CStruct 自身に綴り/構造の近いメソッドが存在(ドキュメントの誤字、またはメソッド名自体の変更(接頭辞付与など)の可能性): to_h / 4.0でも同様に not-found(Fiddle::CStruct 自身に綴り/構造の近いメソッドが存在(ドキュメントの誤字、またはメソッド名自体の変更(接頭辞付与など)の可能性): to_h)
fiddle/import	Fiddle::CStruct	#	to_ptr	not-found	Fiddle::CStruct は存在するが to_ptr はどの形(instance/singleton/const)でも存在しない / 4.0でも同様に not-found(Fiddle::CStruct は存在するが to_ptr はどの形(instance/singleton/const)でも存在しない)
irb/context	IRB::Context	#	debug?	not-found	IRB::Context 自身に綴り/構造の近いメソッドが存在(ドキュメントの誤字、またはメソッド名自体の変更(接頭辞付与など)の可能性): with_debugger=, with_debugger / 4.0でも同様に not-found(IRB::Context 自身に綴り/構造の近いメソッドが存在(ドキュメントの誤字、またはメソッド名自体の変更(接頭辞付与など)の可能性): with_debugger=, with_debugger)
irb/context	IRB::Context	#	debug_level	not-found	IRB::Context は存在するが debug_level はどの形(instance/singleton/const)でも存在しない / 4.0でも同様に not-found(IRB::Context は存在するが debug_level はどの形(instance/singleton/const)でも存在しない)
irb/context	IRB::Context	#	debug_level=	not-found	IRB::Context は存在するが debug_level= はどの形(instance/singleton/const)でも存在しない / 4.0でも同様に not-found(IRB::Context は存在するが debug_level= はどの形(instance/singleton/const)でも存在しない)
irb/ext/tracer	IRB::Context	#	use_tracer	not-found	クラス自体が解決できず、名前が類似するクラスも見つからなかった / 4.0でも同様に not-found(クラス自体が解決できず、名前が類似するクラスも見つからなかった)
irb/ext/tracer	IRB::Context	#	use_tracer?	not-found	クラス自体が解決できず、名前が類似するクラスも見つからなかった / 4.0でも同様に not-found(クラス自体が解決できず、名前が類似するクラスも見つからなかった)
irb/input-method	IRB::InputMethod	#	readable_atfer_eof?	not-found	IRB::InputMethod 自身に綴り/構造の近いメソッドが存在(ドキュメントの誤字、またはメソッド名自体の変更(接頭辞付与など)の可能性): readable_after_eof? / 4.0でも同様に not-found(IRB::InputMethod 自身に綴り/構造の近いメソッドが存在(ドキュメントの誤字、またはメソッド名自体の変更(接頭辞付与など)の可能性): readable_after_eof?)
irb/input-method	IRB::ReadlineInputMethod	#	readable_atfer_eof?	not-found	IRB::ReadlineInputMethod 自身に綴り/構造の近いメソッドが存在(ドキュメントの誤字、またはメソッド名自体の変更(接頭辞付与など)の可能性): eof? / 4.0でも同様に not-found(IRB::ReadlineInputMethod 自身に綴り/構造の近いメソッドが存在(ドキュメントの誤字、またはメソッド名自体の変更(接頭辞付与など)の可能性): eof?)
irb/input-method	IRB::StdioInputMethod	#	readable_atfer_eof?	not-found	IRB::StdioInputMethod 自身に綴り/構造の近いメソッドが存在(ドキュメントの誤字、またはメソッド名自体の変更(接頭辞付与など)の可能性): readable_after_eof?, eof? / 4.0でも同様に not-found(IRB::StdioInputMethod 自身に綴り/構造の近いメソッドが存在(ドキュメントの誤字、またはメソッド名自体の変更(接頭辞付与など)の可能性): readable_after_eof?, eof?)
irb/magic-file	IRB::MagicFile	.	ENCODING_SPEC_RE	env	ライブラリ irb/magic-file 自体が 3.4/4.0 のどちらでも require できない(この検証環境で使える Ruby バージョンの範囲では実行時検証が不能。ページ front matter の until/since 指定を要確認)
json	JSON	::	VARIANT_BINARY	not-found	JSON は存在するが VARIANT_BINARY はどの形(instance/singleton/const)でも存在しない / 4.0でも同様に not-found(JSON は存在するが VARIANT_BINARY はどの形(instance/singleton/const)でも存在しない)
json	JSON::Generator::GeneratorMethods::Array	#	to_json	renamed-class:Array	候補(# で一致): Array
json	JSON::Generator::GeneratorMethods::FalseClass	#	to_json	renamed-class:FalseClass	候補(# で一致): FalseClass
json	JSON::Generator::GeneratorMethods::Float	#	to_json	renamed-class:Float	候補(# で一致): Float, FloatDomainError
json	JSON::Generator::GeneratorMethods::Hash	#	to_json	renamed-class:Hash	候補(# で一致): Hash
json	JSON::Generator::GeneratorMethods::Integer	#	to_json	renamed-class:Integer	候補(# で一致): Integer
json	JSON::Generator::GeneratorMethods::NilClass	#	to_json	renamed-class:NilClass	候補(# で一致): NilClass
json	JSON::Generator::GeneratorMethods::Object	#	to_json	renamed-class:Object	候補(# で一致): Object, ObjectSpace::WeakKeyMap, ObjectSpace::WeakMap
json	JSON::Generator::GeneratorMethods::String	#	to_json	renamed-class:String	候補(# で一致): String, StringIO
json	JSON::Generator::GeneratorMethods::String	#	to_json_raw	not-found	類似クラス名(String, StringIO)は見つかったが該当メソッド/定数は無い / 4.0でも同様に not-found(類似クラス名(String, JSON::Ext::Generator::GeneratorMethods::String, StringIO)は見つかったが該当メソッド/定数は無い)
json	JSON::Generator::GeneratorMethods::String	#	to_json_raw_object	not-found	類似クラス名(String, StringIO)は見つかったが該当メソッド/定数は無い / 4.0でも同様に not-found(類似クラス名(String, JSON::Ext::Generator::GeneratorMethods::String, StringIO)は見つかったが該当メソッド/定数は無い)
json	JSON::Generator::GeneratorMethods::String::Extend	.	json_create	not-found	クラス自体が解決できず、名前が類似するクラスも見つからなかった / 4.0でも同様に not-found(クラス自体が解決できず、名前が類似するクラスも見つからなかった)
json	JSON::Generator::GeneratorMethods::TrueClass	#	to_json	renamed-class:TrueClass	候補(# で一致): TrueClass
mutex_m	Mutex_m	#	lock	not-found	Mutex_m 自身に綴り/構造の近いメソッドが存在(ドキュメントの誤字、またはメソッド名自体の変更(接頭辞付与など)の可能性): mu_locked?, mu_try_lock, mu_lock / 4.0でも同様に not-found(Mutex_m 自身に綴り/構造の近いメソッドが存在(ドキュメントの誤字、またはメソッド名自体の変更(接頭辞付与など)の可能性): mu_locked?, mu_try_lock, mu_lock)
mutex_m	Mutex_m	#	locked?	not-found	Mutex_m 自身に綴り/構造の近いメソッドが存在(ドキュメントの誤字、またはメソッド名自体の変更(接頭辞付与など)の可能性): mu_locked? / 4.0でも同様に not-found(Mutex_m 自身に綴り/構造の近いメソッドが存在(ドキュメントの誤字、またはメソッド名自体の変更(接頭辞付与など)の可能性): mu_locked?)
mutex_m	Mutex_m	#	synchronize	not-found	Mutex_m 自身に綴り/構造の近いメソッドが存在(ドキュメントの誤字、またはメソッド名自体の変更(接頭辞付与など)の可能性): mu_synchronize / 4.0でも同様に not-found(Mutex_m 自身に綴り/構造の近いメソッドが存在(ドキュメントの誤字、またはメソッド名自体の変更(接頭辞付与など)の可能性): mu_synchronize)
mutex_m	Mutex_m	#	try_lock	not-found	Mutex_m 自身に綴り/構造の近いメソッドが存在(ドキュメントの誤字、またはメソッド名自体の変更(接頭辞付与など)の可能性): mu_try_lock / 4.0でも同様に not-found(Mutex_m 自身に綴り/構造の近いメソッドが存在(ドキュメントの誤字、またはメソッド名自体の変更(接頭辞付与など)の可能性): mu_try_lock)
mutex_m	Mutex_m	#	unlock	not-found	Mutex_m 自身に綴り/構造の近いメソッドが存在(ドキュメントの誤字、またはメソッド名自体の変更(接頭辞付与など)の可能性): mu_lock, mu_unlock / 4.0でも同様に not-found(Mutex_m 自身に綴り/構造の近いメソッドが存在(ドキュメントの誤字、またはメソッド名自体の変更(接頭辞付与など)の可能性): mu_lock, mu_unlock)
net/http	Net::HTTPHeader	#	method	not-found	クラス自体は存在するが直接の method_defined? では不在(mixin/append_features 由来と推定)。Net::HTTPHeader を include する具象クラス(Net::HTTPNetworkAuthenticationRequired, Net::HTTPNotExtended, Net::HTTPLoopDetected, Net::HTTPInsufficientStorage, Net::HTTPVariantAlsoNegotiates, Net::HTTPVersionNotSupported, Net::HTTPGatewayTimeout, Net::HTTPServiceUnavailable, Net::HTTPBadGateway, Net::HTTPNotImplemented, Net::HTTPInternalServerError, Net::HTTPUnavailableForLegalReasons, Net::HTTPRequestHeaderFieldsTooLarge, Net::HTTPTooManyRequests, Net::HTTPPreconditionRequired, Net::HTTPUpgradeRequired, Net::HTTPFailedDependency, Net::HTTPLocked, Net::HTTPUnprocessableEntity, Net::HTTPMisdirectedRequest, Net::HTTPExpectationFailed, Net::HTTPRangeNotSatisfiable, Net::HTTPUnsupportedMediaType, Net::HTTPURITooLong, Net::HTTPPayloadTooLarge, Net::HTTPPreconditionFailed, Net::HTTPLengthRequired, Net::HTTPGone, Net::HTTPConflict, Net::HTTPRequestTimeout, Net::HTTPProxyAuthenticationRequired, Net::HTTPNotAcceptable, Net::HTTPMethodNotAllowed, Net::HTTPNotFound, Net::HTTPForbidden, Net::HTTPPaymentRequired, Net::HTTPUnauthorized, Net::HTTPBadRequest, Net::HTTPPermanentRedirect, Net::HTTPTemporaryRedirect, Net::HTTPUseProxy, Net::HTTPNotModified, Net::HTTPSeeOther, Net::HTTPFound, Net::HTTPMovedPermanently, Net::HTTPMultipleChoices, Net::HTTPIMUsed, Net::HTTPAlreadyReported, Net::HTTPMultiStatus, Net::HTTPPartialContent, Net::HTTPResetContent, Net::HTTPNoContent, Net::HTTPNonAuthoritativeInformation, Net::HTTPAccepted, Net::HTTPCreated, Net::HTTPOK, Net::HTTPEarlyHints, Net::HTTPProcessing, Net::HTTPSwitchProtocol, Net::HTTPContinue, Net::HTTPServerError, Net::HTTPClientError, Net::HTTPRedirection, Net::HTTPSuccess, Net::HTTPInformation, Net::HTTPUnknownResponse, Net::HTTPResponse, Net::HTTP::Unlock, Net::HTTP::Lock, Net::HTTP::Move, Net::HTTP::Copy, Net::HTTP::Mkcol, Net::HTTP::Proppatch, Net::HTTP::Propfind, Net::HTTP::Patch, Net::HTTP::Trace, Net::HTTP::Options, Net::HTTP::Delete, Net::HTTP::Put, Net::HTTP::Post, Net::HTTP::Head, Net::HTTP::Get, Net::HTTPRequest, Net::HTTPGenericRequest)では実際に機能している= ドキュメント自体は妥当な可能性が高い(自動チェックの限界) / 4.0でも同様に not-found(クラス自体は存在するが直接の method_defined? では不在(mixin/append_features 由来と推定)。Net::HTTPHeader を include する具象クラス(Net::HTTPNetworkAuthenticationRequired, Net::HTTPNotExtended, Net::HTTPLoopDetected, Net::HTTPInsufficientStorage, Net::HTTPVariantAlsoNegotiates, Net::HTTPVersionNotSupported, Net::HTTPGatewayTimeout, Net::HTTPServiceUnavailable, Net::HTTPBadGateway, Net::HTTPNotImplemented, Net::HTTPInternalServerError, Net::HTTPUnavailableForLegalReasons, Net::HTTPRequestHeaderFieldsTooLarge, Net::HTTPTooManyRequests, Net::HTTPPreconditionRequired, Net::HTTPUpgradeRequired, Net::HTTPFailedDependency, Net::HTTPLocked, Net::HTTPUnprocessableEntity, Net::HTTPMisdirectedRequest, Net::HTTPExpectationFailed, Net::HTTPRangeNotSatisfiable, Net::HTTPUnsupportedMediaType, Net::HTTPURITooLong, Net::HTTPPayloadTooLarge, Net::HTTPPreconditionFailed, Net::HTTPLengthRequired, Net::HTTPGone, Net::HTTPConflict, Net::HTTPRequestTimeout, Net::HTTPProxyAuthenticationRequired, Net::HTTPNotAcceptable, Net::HTTPMethodNotAllowed, Net::HTTPNotFound, Net::HTTPForbidden, Net::HTTPPaymentRequired, Net::HTTPUnauthorized, Net::HTTPBadRequest, Net::HTTPPermanentRedirect, Net::HTTPTemporaryRedirect, Net::HTTPUseProxy, Net::HTTPNotModified, Net::HTTPSeeOther, Net::HTTPFound, Net::HTTPMovedPermanently, Net::HTTPMultipleChoices, Net::HTTPIMUsed, Net::HTTPAlreadyReported, Net::HTTPMultiStatus, Net::HTTPPartialContent, Net::HTTPResetContent, Net::HTTPNoContent, Net::HTTPNonAuthoritativeInformation, Net::HTTPAccepted, Net::HTTPCreated, Net::HTTPOK, Net::HTTPServerError, Net::HTTPEarlyHints, Net::HTTPProcessing, Net::HTTPSwitchProtocol, Net::HTTPContinue, Net::HTTPClientError, Net::HTTPRedirection, Net::HTTPSuccess, Net::HTTPInformation, Net::HTTPUnknownResponse, Net::HTTPResponse, Net::HTTP::Unlock, Net::HTTP::Lock, Net::HTTP::Move, Net::HTTP::Copy, Net::HTTP::Mkcol, Net::HTTP::Proppatch, Net::HTTP::Propfind, Net::HTTP::Patch, Net::HTTP::Trace, Net::HTTP::Options, Net::HTTP::Delete, Net::HTTP::Put, Net::HTTP::Post, Net::HTTP::Head, Net::HTTP::Get, Net::HTTPRequest, Net::HTTPGenericRequest)では実際に機能している= ドキュメント自体は妥当な可能性が高い(自動チェックの限界))
net/http	Net::HTTPResponse	#	reader_header	not-found	Net::HTTPResponse 自身に綴り/構造の近いメソッドが存在(ドキュメントの誤字、またはメソッド名自体の変更(接頭辞付与など)の可能性): read_header, header / 4.0でも同様に not-found(Net::HTTPResponse 自身に綴り/構造の近いメソッドが存在(ドキュメントの誤字、またはメソッド名自体の変更(接頭辞付与など)の可能性): read_header, header)
net/pop	Net::POP3	::	Revision	not-found	Net::POP3 は存在するが Revision はどの形(instance/singleton/const)でも存在しない / 4.0でも同様に not-found(Net::POP3 は存在するが Revision はどの形(instance/singleton/const)でも存在しない)
openssl	OpenSSL::Digest::DSS	.	digest	not-found	クラス自体が解決できず、名前が類似するクラスも見つからなかった / 4.0でも同様に not-found(クラス自体が解決できず、名前が類似するクラスも見つからなかった)
openssl	OpenSSL::Digest::DSS	.	hexdigest	not-found	クラス自体が解決できず、名前が類似するクラスも見つからなかった / 4.0でも同様に not-found(クラス自体が解決できず、名前が類似するクラスも見つからなかった)
openssl	OpenSSL::Digest::DSS	.	new	not-found	クラス自体が解決できず、名前が類似するクラスも見つからなかった / 4.0でも同様に not-found(クラス自体が解決できず、名前が類似するクラスも見つからなかった)
openssl	OpenSSL::Digest::DSS1	.	digest	not-found	クラス自体が解決できず、名前が類似するクラスも見つからなかった / 4.0でも同様に not-found(クラス自体が解決できず、名前が類似するクラスも見つからなかった)
openssl	OpenSSL::Digest::DSS1	.	hexdigest	not-found	クラス自体が解決できず、名前が類似するクラスも見つからなかった / 4.0でも同様に not-found(クラス自体が解決できず、名前が類似するクラスも見つからなかった)
openssl	OpenSSL::Digest::DSS1	.	new	not-found	クラス自体が解決できず、名前が類似するクラスも見つからなかった / 4.0でも同様に not-found(クラス自体が解決できず、名前が類似するクラスも見つからなかった)
openssl	OpenSSL::Digest::MD2	.	digest	not-found	クラス自体が解決できず、名前が類似するクラスも見つからなかった / 4.0でも同様に not-found(クラス自体が解決できず、名前が類似するクラスも見つからなかった)
openssl	OpenSSL::Digest::MD2	.	hexdigest	not-found	クラス自体が解決できず、名前が類似するクラスも見つからなかった / 4.0でも同様に not-found(クラス自体が解決できず、名前が類似するクラスも見つからなかった)
openssl	OpenSSL::Digest::MD2	.	new	not-found	クラス自体が解決できず、名前が類似するクラスも見つからなかった / 4.0でも同様に not-found(クラス自体が解決できず、名前が類似するクラスも見つからなかった)
openssl	OpenSSL::Digest::MDC2	.	digest	not-found	クラス自体が解決できず、名前が類似するクラスも見つからなかった / 4.0でも同様に not-found(クラス自体が解決できず、名前が類似するクラスも見つからなかった)
openssl	OpenSSL::Digest::MDC2	.	hexdigest	not-found	クラス自体が解決できず、名前が類似するクラスも見つからなかった / 4.0でも同様に not-found(クラス自体が解決できず、名前が類似するクラスも見つからなかった)
openssl	OpenSSL::Digest::MDC2	.	new	not-found	クラス自体が解決できず、名前が類似するクラスも見つからなかった / 4.0でも同様に not-found(クラス自体が解決できず、名前が類似するクラスも見つからなかった)
openssl	OpenSSL::Digest::SHA	.	digest	not-found	クラス自体が解決できず、名前が類似するクラスも見つからなかった / 4.0でも同様に not-found(クラス自体が解決できず、名前が類似するクラスも見つからなかった)
openssl	OpenSSL::Digest::SHA	.	hexdigest	not-found	クラス自体が解決できず、名前が類似するクラスも見つからなかった / 4.0でも同様に not-found(クラス自体が解決できず、名前が類似するクラスも見つからなかった)
openssl	OpenSSL::Digest::SHA	.	new	not-found	クラス自体が解決できず、名前が類似するクラスも見つからなかった / 4.0でも同様に not-found(クラス自体が解決できず、名前が類似するクラスも見つからなかった)
openssl	OpenSSL::PKCS7::SignerInfo	#	name	not-found	OpenSSL::PKCS7::SignerInfo は存在するが name はどの形(instance/singleton/const)でも存在しない / 4.0でも同様に not-found(OpenSSL::PKCS7::SignerInfo は存在するが name はどの形(instance/singleton/const)でも存在しない)
openssl	OpenSSL::PKey::DH	#	g=	not-found	OpenSSL::PKey::DH 自身に綴り/構造の近いメソッドが存在(ドキュメントの誤字、またはメソッド名自体の変更(接頭辞付与など)の可能性): p, q / 4.0でも同様に not-found(OpenSSL::PKey::DH 自身に綴り/構造の近いメソッドが存在(ドキュメントの誤字、またはメソッド名自体の変更(接頭辞付与など)の可能性): p, q)
openssl	OpenSSL::PKey::DH	#	p=	not-found	OpenSSL::PKey::DH 自身に綴り/構造の近いメソッドが存在(ドキュメントの誤字、またはメソッド名自体の変更(接頭辞付与など)の可能性): g, q / 4.0でも同様に not-found(OpenSSL::PKey::DH 自身に綴り/構造の近いメソッドが存在(ドキュメントの誤字、またはメソッド名自体の変更(接頭辞付与など)の可能性): g, q)
openssl	OpenSSL::PKey::DH	#	priv_key=	not-found	OpenSSL::PKey::DH 自身に綴り/構造の近いメソッドが存在(ドキュメントの誤字、またはメソッド名自体の変更(接頭辞付与など)の可能性): p / 4.0でも同様に not-found(OpenSSL::PKey::DH 自身に綴り/構造の近いメソッドが存在(ドキュメントの誤字、またはメソッド名自体の変更(接頭辞付与など)の可能性): p)
openssl	OpenSSL::PKey::DH	#	pub_key=	not-found	OpenSSL::PKey::DH 自身に綴り/構造の近いメソッドが存在(ドキュメントの誤字、またはメソッド名自体の変更(接頭辞付与など)の可能性): p / 4.0でも同様に not-found(OpenSSL::PKey::DH 自身に綴り/構造の近いメソッドが存在(ドキュメントの誤字、またはメソッド名自体の変更(接頭辞付与など)の可能性): p)
openssl	OpenSSL::PKey::DSA	#	g=	not-found	OpenSSL::PKey::DSA 自身に綴り/構造の近いメソッドが存在(ドキュメントの誤字、またはメソッド名自体の変更(接頭辞付与など)の可能性): p, q / 4.0でも同様に not-found(OpenSSL::PKey::DSA 自身に綴り/構造の近いメソッドが存在(ドキュメントの誤字、またはメソッド名自体の変更(接頭辞付与など)の可能性): p, q)
openssl	OpenSSL::PKey::DSA	#	p=	not-found	OpenSSL::PKey::DSA 自身に綴り/構造の近いメソッドが存在(ドキュメントの誤字、またはメソッド名自体の変更(接頭辞付与など)の可能性): g, q / 4.0でも同様に not-found(OpenSSL::PKey::DSA 自身に綴り/構造の近いメソッドが存在(ドキュメントの誤字、またはメソッド名自体の変更(接頭辞付与など)の可能性): g, q)
openssl	OpenSSL::PKey::DSA	#	priv_key=	not-found	OpenSSL::PKey::DSA 自身に綴り/構造の近いメソッドが存在(ドキュメントの誤字、またはメソッド名自体の変更(接頭辞付与など)の可能性): p / 4.0でも同様に not-found(OpenSSL::PKey::DSA 自身に綴り/構造の近いメソッドが存在(ドキュメントの誤字、またはメソッド名自体の変更(接頭辞付与など)の可能性): p)
openssl	OpenSSL::PKey::DSA	#	pub_key=	not-found	OpenSSL::PKey::DSA 自身に綴り/構造の近いメソッドが存在(ドキュメントの誤字、またはメソッド名自体の変更(接頭辞付与など)の可能性): p / 4.0でも同様に not-found(OpenSSL::PKey::DSA 自身に綴り/構造の近いメソッドが存在(ドキュメントの誤字、またはメソッド名自体の変更(接頭辞付与など)の可能性): p)
openssl	OpenSSL::PKey::DSA	#	q=	not-found	OpenSSL::PKey::DSA 自身に綴り/構造の近いメソッドが存在(ドキュメントの誤字、またはメソッド名自体の変更(接頭辞付与など)の可能性): g, p / 4.0でも同様に not-found(OpenSSL::PKey::DSA 自身に綴り/構造の近いメソッドが存在(ドキュメントの誤字、またはメソッド名自体の変更(接頭辞付与など)の可能性): g, p)
openssl	OpenSSL::PKey::RSA	#	d=	not-found	OpenSSL::PKey::RSA 自身に綴り/構造の近いメソッドが存在(ドキュメントの誤字、またはメソッド名自体の変更(接頭辞付与など)の可能性): e, n, p / 4.0でも同様に not-found(OpenSSL::PKey::RSA 自身に綴り/構造の近いメソッドが存在(ドキュメントの誤字、またはメソッド名自体の変更(接頭辞付与など)の可能性): e, n, p)
openssl	OpenSSL::PKey::RSA	#	dmp1=	not-found	OpenSSL::PKey::RSA 自身に綴り/構造の近いメソッドが存在(ドキュメントの誤字、またはメソッド名自体の変更(接頭辞付与など)の可能性): dmq1, p, d / 4.0でも同様に not-found(OpenSSL::PKey::RSA 自身に綴り/構造の近いメソッドが存在(ドキュメントの誤字、またはメソッド名自体の変更(接頭辞付与など)の可能性): dmq1, p, d)
openssl	OpenSSL::PKey::RSA	#	dmq1=	not-found	OpenSSL::PKey::RSA 自身に綴り/構造の近いメソッドが存在(ドキュメントの誤字、またはメソッド名自体の変更(接頭辞付与など)の可能性): dmp1, q, d / 4.0でも同様に not-found(OpenSSL::PKey::RSA 自身に綴り/構造の近いメソッドが存在(ドキュメントの誤字、またはメソッド名自体の変更(接頭辞付与など)の可能性): dmp1, q, d)
openssl	OpenSSL::PKey::RSA	#	e=	not-found	OpenSSL::PKey::RSA 自身に綴り/構造の近いメソッドが存在(ドキュメントの誤字、またはメソッド名自体の変更(接頭辞付与など)の可能性): d, n, p / 4.0でも同様に not-found(OpenSSL::PKey::RSA 自身に綴り/構造の近いメソッドが存在(ドキュメントの誤字、またはメソッド名自体の変更(接頭辞付与など)の可能性): d, n, p)
openssl	OpenSSL::PKey::RSA	#	iqmp=	not-found	OpenSSL::PKey::RSA 自身に綴り/構造の近いメソッドが存在(ドキュメントの誤字、またはメソッド名自体の変更(接頭辞付与など)の可能性): q, p / 4.0でも同様に not-found(OpenSSL::PKey::RSA 自身に綴り/構造の近いメソッドが存在(ドキュメントの誤字、またはメソッド名自体の変更(接頭辞付与など)の可能性): q, p)
openssl	OpenSSL::PKey::RSA	#	n=	not-found	OpenSSL::PKey::RSA 自身に綴り/構造の近いメソッドが存在(ドキュメントの誤字、またはメソッド名自体の変更(接頭辞付与など)の可能性): d, e, p / 4.0でも同様に not-found(OpenSSL::PKey::RSA 自身に綴り/構造の近いメソッドが存在(ドキュメントの誤字、またはメソッド名自体の変更(接頭辞付与など)の可能性): d, e, p)
openssl	OpenSSL::PKey::RSA	#	p=	not-found	OpenSSL::PKey::RSA 自身に綴り/構造の近いメソッドが存在(ドキュメントの誤字、またはメソッド名自体の変更(接頭辞付与など)の可能性): d, e, n / 4.0でも同様に not-found(OpenSSL::PKey::RSA 自身に綴り/構造の近いメソッドが存在(ドキュメントの誤字、またはメソッド名自体の変更(接頭辞付与など)の可能性): d, e, n)
openssl	OpenSSL::PKey::RSA	#	q=	not-found	OpenSSL::PKey::RSA 自身に綴り/構造の近いメソッドが存在(ドキュメントの誤字、またはメソッド名自体の変更(接頭辞付与など)の可能性): d, e, n / 4.0でも同様に not-found(OpenSSL::PKey::RSA 自身に綴り/構造の近いメソッドが存在(ドキュメントの誤字、またはメソッド名自体の変更(接頭辞付与など)の可能性): d, e, n)
openssl	OpenSSL::Random	.#	egd	not-found	OpenSSL::Random は存在するが egd はどの形(instance/singleton/const)でも存在しない / 4.0でも同様に not-found(OpenSSL::Random は存在するが egd はどの形(instance/singleton/const)でも存在しない)
openssl	OpenSSL::Random	.#	egd_bytes	not-found	OpenSSL::Random は存在するが egd_bytes はどの形(instance/singleton/const)でも存在しない / 4.0でも同様に not-found(OpenSSL::Random は存在するが egd_bytes はどの形(instance/singleton/const)でも存在しない)
ostruct	OpenStruct	#	modifiable	not-found	OpenStruct は存在するが modifiable はどの形(instance/singleton/const)でも存在しない / 4.0でも同様に not-found(OpenStruct は存在するが modifiable はどの形(instance/singleton/const)でも存在しない)
ostruct	OpenStruct	#	new_ostruct_member	not-found	OpenStruct は存在するが new_ostruct_member はどの形(instance/singleton/const)でも存在しない / 4.0でも同様に not-found(OpenStruct は存在するが new_ostruct_member はどの形(instance/singleton/const)でも存在しない)
prism	Prism::Node	#	copy	not-found	Prism::Node は存在するが copy はどの形(instance/singleton/const)でも存在しない / 4.0でも同様に not-found(Prism::Node は存在するが copy はどの形(instance/singleton/const)でも存在しない)
prism	Prism::Node	#	deconstruct_keys	not-found	Prism::Node 自身に綴り/構造の近いメソッドが存在(ドキュメントの誤字、またはメソッド名自体の変更(接頭辞付与など)の可能性): deconstruct / 4.0でも同様に not-found(Prism::Node 自身に綴り/構造の近いメソッドが存在(ドキュメントの誤字、またはメソッド名自体の変更(接頭辞付与など)の可能性): deconstruct)
pstore	PStore::DummyMutex	#	synchronize	not-found	クラス自体が解決できず、名前が類似するクラスも見つからなかった / 4.0でも同様に not-found(クラス自体が解決できず、名前が類似するクラスも見つからなかった)
psych	Kernel	#	y	needs-require:psych/y	base require のみでは no-method だったが、追加 require (psych/y) 適用後は Kernel#y が # として解決した
rake	Kernel	#	desc	renamed-class:Rake::DSL	Kernel の関数として文書化されているが、plain require だけでは Kernel/Object に現れない。実体は Rake::DSL(自身で定義する private メソッド)。実行文脈(コマンド実行時に self へ extend される等)で初めてトップレベルから呼べる種類のメソッドと推定(他に無関係な同名メソッドを持つモジュールが1件あるが除外)
rake	Kernel	#	directory	renamed-class:Rake::DSL	Kernel の関数として文書化されているが、plain require だけでは Kernel/Object に現れない。実体は Rake::DSL(自身で定義する private メソッド)。実行文脈(コマンド実行時に self へ extend される等)で初めてトップレベルから呼べる種類のメソッドと推定(他に無関係な同名メソッドを持つモジュールが1件あるが除外)
rake	Kernel	#	file	renamed-class:Rake::DSL	Kernel の関数として文書化されているが、plain require だけでは Kernel/Object に現れない。実体は Rake::DSL(自身で定義する private メソッド)。実行文脈(コマンド実行時に self へ extend される等)で初めてトップレベルから呼べる種類のメソッドと推定(他に無関係な同名メソッドを持つモジュールが1件あるが除外)
rake	Kernel	#	file_create	renamed-class:Rake::DSL	Kernel の関数として文書化されているが、plain require だけでは Kernel/Object に現れない。実体は Rake::DSL(自身で定義する private メソッド)。実行文脈(コマンド実行時に self へ extend される等)で初めてトップレベルから呼べる種類のメソッドと推定
rake	Kernel	#	import	renamed-class:Rake::DSL	Kernel の関数として文書化されているが、plain require だけでは Kernel/Object に現れない。実体は Rake::DSL, Rake::FileList(自身で定義する private メソッド)。実行文脈(コマンド実行時に self へ extend される等)で初めてトップレベルから呼べる種類のメソッドと推定
rake	Kernel	#	multitask	renamed-class:Rake::DSL	Kernel の関数として文書化されているが、plain require だけでは Kernel/Object に現れない。実体は Rake::DSL(自身で定義する private メソッド)。実行文脈(コマンド実行時に self へ extend される等)で初めてトップレベルから呼べる種類のメソッドと推定
rake	Kernel	#	namespace	renamed-class:Rake::DSL	Kernel の関数として文書化されているが、plain require だけでは Kernel/Object に現れない。実体は Rake::DSL(自身で定義する private メソッド)。実行文脈(コマンド実行時に self へ extend される等)で初めてトップレベルから呼べる種類のメソッドと推定(他に無関係な同名メソッドを持つモジュールが1件あるが除外)
rake	Kernel	#	rule	renamed-class:Rake::DSL	Kernel の関数として文書化されているが、plain require だけでは Kernel/Object に現れない。実体は Rake::DSL(自身で定義する private メソッド)。実行文脈(コマンド実行時に self へ extend される等)で初めてトップレベルから呼べる種類のメソッドと推定
rake	Kernel	#	task	renamed-class:Rake::DSL	Kernel の関数として文書化されているが、plain require だけでは Kernel/Object に現れない。実体は Rake::DSL(自身で定義する private メソッド)。実行文脈(コマンド実行時に self へ extend される等)で初めてトップレベルから呼べる種類のメソッドと推定
rake	Rake::Cloneable	#	clone	not-found	クラス自体は存在するが直接の method_defined? では不在(mixin/append_features 由来と推定)。Rake::Cloneable を include する具象クラス(Rake::FileList)では実際に機能している= ドキュメント自体は妥当な可能性が高い(自動チェックの限界) / 4.0でも同様に not-found(クラス自体は存在するが直接の method_defined? では不在(mixin/append_features 由来と推定)。Rake::Cloneable を include する具象クラス(Rake::FileList)では実際に機能している= ドキュメント自体は妥当な可能性が高い(自動チェックの限界))
rake	Rake::Cloneable	#	dup	not-found	クラス自体は存在するが直接の method_defined? では不在(mixin/append_features 由来と推定)。Rake::Cloneable を include する具象クラス(Rake::FileList)では実際に機能している= ドキュメント自体は妥当な可能性が高い(自動チェックの限界) / 4.0でも同様に not-found(クラス自体は存在するが直接の method_defined? では不在(mixin/append_features 由来と推定)。Rake::Cloneable を include する具象クラス(Rake::FileList)では実際に機能している= ドキュメント自体は妥当な可能性が高い(自動チェックの限界))
rake	Rake::TaskManager	#	last_comment	not-found	Rake::TaskManager は存在するが last_comment はどの形(instance/singleton/const)でも存在しない / 4.0でも同様に not-found(Rake::TaskManager は存在するが last_comment はどの形(instance/singleton/const)でも存在しない)
resolv-replace	SOCKSSocket	.	new	not-found	クラス自体が解決できず、名前が類似するクラスも見つからなかった / 4.0でも同様に not-found(クラス自体が解決できず、名前が類似するクラスも見つからなかった)
rexml/document	REXML::Formatters::Transitive	.	new	not-found	クラス自体が解決できず、名前が類似するクラスも見つからなかった / 4.0でも同様に not-found(クラス自体が解決できず、名前が類似するクラスも見つからなかった)
ripper/filter	Ripper::Filter	#	on_XXX	not-found	Ripper::Filter は存在するが on_XXX はどの形(instance/singleton/const)でも存在しない / 4.0でも同様に not-found(Ripper::Filter は存在するが on_XXX はどの形(instance/singleton/const)でも存在しない)
rss	DublinCoreModel	#	dc_contributor	renamed-class:RSS::DublinCoreModel	RSS::DublinCoreModel 自体への method_defined? では不在だが、これを include する具象クラス(RSS::Atom::Feed, RSS::Rss::Channel::Item, RSS::Atom::Entry, RSS::TaxonomyTopicModel::TaxonomyTopic, RSS::RDF::Channel, RSS::ImageItemModel::ImageItem, RSS::Rss::Channel, RSS::RDF::Textinput, RSS::RDF::Item, RSS::RDF::Image, RSS::ImageFaviconModel::ImageFavicon, RSS::Atom::Feed::Entry)では実在(append_features 等の動的注入によるものと推定)
rss	DublinCoreModel	#	dc_contributor=	renamed-class:RSS::DublinCoreModel	RSS::DublinCoreModel 自体への method_defined? では不在だが、これを include する具象クラス(RSS::Atom::Feed, RSS::Rss::Channel::Item, RSS::Atom::Entry, RSS::TaxonomyTopicModel::TaxonomyTopic, RSS::RDF::Channel, RSS::ImageItemModel::ImageItem, RSS::Rss::Channel, RSS::RDF::Textinput, RSS::RDF::Item, RSS::RDF::Image, RSS::ImageFaviconModel::ImageFavicon, RSS::Atom::Feed::Entry)では実在(append_features 等の動的注入によるものと推定)
rss	DublinCoreModel	#	dc_contributors	renamed-class:RSS::DublinCoreModel	RSS::DublinCoreModel 自体への method_defined? では不在だが、これを include する具象クラス(RSS::Atom::Feed, RSS::Rss::Channel::Item, RSS::Atom::Entry, RSS::TaxonomyTopicModel::TaxonomyTopic, RSS::RDF::Channel, RSS::ImageItemModel::ImageItem, RSS::Rss::Channel, RSS::RDF::Textinput, RSS::RDF::Item, RSS::RDF::Image, RSS::ImageFaviconModel::ImageFavicon, RSS::Atom::Feed::Entry)では実在(append_features 等の動的注入によるものと推定)
rss	DublinCoreModel	#	dc_coverage	renamed-class:RSS::DublinCoreModel	RSS::DublinCoreModel 自体への method_defined? では不在だが、これを include する具象クラス(RSS::Atom::Feed, RSS::Rss::Channel::Item, RSS::Atom::Entry, RSS::TaxonomyTopicModel::TaxonomyTopic, RSS::RDF::Channel, RSS::ImageItemModel::ImageItem, RSS::Rss::Channel, RSS::RDF::Textinput, RSS::RDF::Item, RSS::RDF::Image, RSS::ImageFaviconModel::ImageFavicon, RSS::Atom::Feed::Entry)では実在(append_features 等の動的注入によるものと推定)
rss	DublinCoreModel	#	dc_coverage=	renamed-class:RSS::DublinCoreModel	RSS::DublinCoreModel 自体への method_defined? では不在だが、これを include する具象クラス(RSS::Atom::Feed, RSS::Rss::Channel::Item, RSS::Atom::Entry, RSS::TaxonomyTopicModel::TaxonomyTopic, RSS::RDF::Channel, RSS::ImageItemModel::ImageItem, RSS::Rss::Channel, RSS::RDF::Textinput, RSS::RDF::Item, RSS::RDF::Image, RSS::ImageFaviconModel::ImageFavicon, RSS::Atom::Feed::Entry)では実在(append_features 等の動的注入によるものと推定)
rss	DublinCoreModel	#	dc_coverages	renamed-class:RSS::DublinCoreModel	RSS::DublinCoreModel 自体への method_defined? では不在だが、これを include する具象クラス(RSS::Atom::Feed, RSS::Rss::Channel::Item, RSS::Atom::Entry, RSS::TaxonomyTopicModel::TaxonomyTopic, RSS::RDF::Channel, RSS::ImageItemModel::ImageItem, RSS::Rss::Channel, RSS::RDF::Textinput, RSS::RDF::Item, RSS::RDF::Image, RSS::ImageFaviconModel::ImageFavicon, RSS::Atom::Feed::Entry)では実在(append_features 等の動的注入によるものと推定)
rss	DublinCoreModel	#	dc_creator	renamed-class:RSS::DublinCoreModel	RSS::DublinCoreModel 自体への method_defined? では不在だが、これを include する具象クラス(RSS::Atom::Feed, RSS::Rss::Channel::Item, RSS::Atom::Entry, RSS::TaxonomyTopicModel::TaxonomyTopic, RSS::RDF::Channel, RSS::ImageItemModel::ImageItem, RSS::Rss::Channel, RSS::RDF::Textinput, RSS::RDF::Item, RSS::RDF::Image, RSS::ImageFaviconModel::ImageFavicon, RSS::Atom::Feed::Entry)では実在(append_features 等の動的注入によるものと推定)
rss	DublinCoreModel	#	dc_creator=	renamed-class:RSS::DublinCoreModel	RSS::DublinCoreModel 自体への method_defined? では不在だが、これを include する具象クラス(RSS::Atom::Feed, RSS::Rss::Channel::Item, RSS::Atom::Entry, RSS::TaxonomyTopicModel::TaxonomyTopic, RSS::RDF::Channel, RSS::ImageItemModel::ImageItem, RSS::Rss::Channel, RSS::RDF::Textinput, RSS::RDF::Item, RSS::RDF::Image, RSS::ImageFaviconModel::ImageFavicon, RSS::Atom::Feed::Entry)では実在(append_features 等の動的注入によるものと推定)
rss	DublinCoreModel	#	dc_creators	renamed-class:RSS::DublinCoreModel	RSS::DublinCoreModel 自体への method_defined? では不在だが、これを include する具象クラス(RSS::Atom::Feed, RSS::Rss::Channel::Item, RSS::Atom::Entry, RSS::TaxonomyTopicModel::TaxonomyTopic, RSS::RDF::Channel, RSS::ImageItemModel::ImageItem, RSS::Rss::Channel, RSS::RDF::Textinput, RSS::RDF::Item, RSS::RDF::Image, RSS::ImageFaviconModel::ImageFavicon, RSS::Atom::Feed::Entry)では実在(append_features 等の動的注入によるものと推定)
rss	DublinCoreModel	#	dc_date	renamed-class:RSS::DublinCoreModel	RSS::DublinCoreModel 自体への method_defined? では不在だが、これを include する具象クラス(RSS::Atom::Feed, RSS::Rss::Channel::Item, RSS::Atom::Entry, RSS::TaxonomyTopicModel::TaxonomyTopic, RSS::RDF::Channel, RSS::ImageItemModel::ImageItem, RSS::Rss::Channel, RSS::RDF::Textinput, RSS::RDF::Item, RSS::RDF::Image, RSS::ImageFaviconModel::ImageFavicon, RSS::Atom::Feed::Entry)では実在(append_features 等の動的注入によるものと推定)
rss	DublinCoreModel	#	dc_date=	renamed-class:RSS::DublinCoreModel	RSS::DublinCoreModel 自体への method_defined? では不在だが、これを include する具象クラス(RSS::Atom::Feed, RSS::Rss::Channel::Item, RSS::Atom::Entry, RSS::TaxonomyTopicModel::TaxonomyTopic, RSS::RDF::Channel, RSS::ImageItemModel::ImageItem, RSS::Rss::Channel, RSS::RDF::Textinput, RSS::RDF::Item, RSS::RDF::Image, RSS::ImageFaviconModel::ImageFavicon, RSS::Atom::Feed::Entry)では実在(append_features 等の動的注入によるものと推定)
rss	DublinCoreModel	#	dc_dates	renamed-class:RSS::DublinCoreModel	RSS::DublinCoreModel 自体への method_defined? では不在だが、これを include する具象クラス(RSS::Atom::Feed, RSS::Rss::Channel::Item, RSS::Atom::Entry, RSS::TaxonomyTopicModel::TaxonomyTopic, RSS::RDF::Channel, RSS::ImageItemModel::ImageItem, RSS::Rss::Channel, RSS::RDF::Textinput, RSS::RDF::Item, RSS::RDF::Image, RSS::ImageFaviconModel::ImageFavicon, RSS::Atom::Feed::Entry)では実在(append_features 等の動的注入によるものと推定)
rss	DublinCoreModel	#	dc_description	renamed-class:RSS::DublinCoreModel	RSS::DublinCoreModel 自体への method_defined? では不在だが、これを include する具象クラス(RSS::Atom::Feed, RSS::Rss::Channel::Item, RSS::Atom::Entry, RSS::TaxonomyTopicModel::TaxonomyTopic, RSS::RDF::Channel, RSS::ImageItemModel::ImageItem, RSS::Rss::Channel, RSS::RDF::Textinput, RSS::RDF::Item, RSS::RDF::Image, RSS::ImageFaviconModel::ImageFavicon, RSS::Atom::Feed::Entry)では実在(append_features 等の動的注入によるものと推定)
rss	DublinCoreModel	#	dc_description=	renamed-class:RSS::DublinCoreModel	RSS::DublinCoreModel 自体への method_defined? では不在だが、これを include する具象クラス(RSS::Atom::Feed, RSS::Rss::Channel::Item, RSS::Atom::Entry, RSS::TaxonomyTopicModel::TaxonomyTopic, RSS::RDF::Channel, RSS::ImageItemModel::ImageItem, RSS::Rss::Channel, RSS::RDF::Textinput, RSS::RDF::Item, RSS::RDF::Image, RSS::ImageFaviconModel::ImageFavicon, RSS::Atom::Feed::Entry)では実在(append_features 等の動的注入によるものと推定)
rss	DublinCoreModel	#	dc_descriptions	renamed-class:RSS::DublinCoreModel	RSS::DublinCoreModel 自体への method_defined? では不在だが、これを include する具象クラス(RSS::Atom::Feed, RSS::Rss::Channel::Item, RSS::Atom::Entry, RSS::TaxonomyTopicModel::TaxonomyTopic, RSS::RDF::Channel, RSS::ImageItemModel::ImageItem, RSS::Rss::Channel, RSS::RDF::Textinput, RSS::RDF::Item, RSS::RDF::Image, RSS::ImageFaviconModel::ImageFavicon, RSS::Atom::Feed::Entry)では実在(append_features 等の動的注入によるものと推定)
rss	DublinCoreModel	#	dc_format	renamed-class:RSS::DublinCoreModel	RSS::DublinCoreModel 自体への method_defined? では不在だが、これを include する具象クラス(RSS::Atom::Feed, RSS::Rss::Channel::Item, RSS::Atom::Entry, RSS::TaxonomyTopicModel::TaxonomyTopic, RSS::RDF::Channel, RSS::ImageItemModel::ImageItem, RSS::Rss::Channel, RSS::RDF::Textinput, RSS::RDF::Item, RSS::RDF::Image, RSS::ImageFaviconModel::ImageFavicon, RSS::Atom::Feed::Entry)では実在(append_features 等の動的注入によるものと推定)
rss	DublinCoreModel	#	dc_format=	renamed-class:RSS::DublinCoreModel	RSS::DublinCoreModel 自体への method_defined? では不在だが、これを include する具象クラス(RSS::Atom::Feed, RSS::Rss::Channel::Item, RSS::Atom::Entry, RSS::TaxonomyTopicModel::TaxonomyTopic, RSS::RDF::Channel, RSS::ImageItemModel::ImageItem, RSS::Rss::Channel, RSS::RDF::Textinput, RSS::RDF::Item, RSS::RDF::Image, RSS::ImageFaviconModel::ImageFavicon, RSS::Atom::Feed::Entry)では実在(append_features 等の動的注入によるものと推定)
rss	DublinCoreModel	#	dc_formats	renamed-class:RSS::DublinCoreModel	RSS::DublinCoreModel 自体への method_defined? では不在だが、これを include する具象クラス(RSS::Atom::Feed, RSS::Rss::Channel::Item, RSS::Atom::Entry, RSS::TaxonomyTopicModel::TaxonomyTopic, RSS::RDF::Channel, RSS::ImageItemModel::ImageItem, RSS::Rss::Channel, RSS::RDF::Textinput, RSS::RDF::Item, RSS::RDF::Image, RSS::ImageFaviconModel::ImageFavicon, RSS::Atom::Feed::Entry)では実在(append_features 等の動的注入によるものと推定)
rss	DublinCoreModel	#	dc_identifier	renamed-class:RSS::DublinCoreModel	RSS::DublinCoreModel 自体への method_defined? では不在だが、これを include する具象クラス(RSS::Atom::Feed, RSS::Rss::Channel::Item, RSS::Atom::Entry, RSS::TaxonomyTopicModel::TaxonomyTopic, RSS::RDF::Channel, RSS::ImageItemModel::ImageItem, RSS::Rss::Channel, RSS::RDF::Textinput, RSS::RDF::Item, RSS::RDF::Image, RSS::ImageFaviconModel::ImageFavicon, RSS::Atom::Feed::Entry)では実在(append_features 等の動的注入によるものと推定)
rss	DublinCoreModel	#	dc_identifier=	renamed-class:RSS::DublinCoreModel	RSS::DublinCoreModel 自体への method_defined? では不在だが、これを include する具象クラス(RSS::Atom::Feed, RSS::Rss::Channel::Item, RSS::Atom::Entry, RSS::TaxonomyTopicModel::TaxonomyTopic, RSS::RDF::Channel, RSS::ImageItemModel::ImageItem, RSS::Rss::Channel, RSS::RDF::Textinput, RSS::RDF::Item, RSS::RDF::Image, RSS::ImageFaviconModel::ImageFavicon, RSS::Atom::Feed::Entry)では実在(append_features 等の動的注入によるものと推定)
rss	DublinCoreModel	#	dc_identifiers	renamed-class:RSS::DublinCoreModel	RSS::DublinCoreModel 自体への method_defined? では不在だが、これを include する具象クラス(RSS::Atom::Feed, RSS::Rss::Channel::Item, RSS::Atom::Entry, RSS::TaxonomyTopicModel::TaxonomyTopic, RSS::RDF::Channel, RSS::ImageItemModel::ImageItem, RSS::Rss::Channel, RSS::RDF::Textinput, RSS::RDF::Item, RSS::RDF::Image, RSS::ImageFaviconModel::ImageFavicon, RSS::Atom::Feed::Entry)では実在(append_features 等の動的注入によるものと推定)
rss	DublinCoreModel	#	dc_language	renamed-class:RSS::DublinCoreModel	RSS::DublinCoreModel 自体への method_defined? では不在だが、これを include する具象クラス(RSS::Atom::Feed, RSS::Rss::Channel::Item, RSS::Atom::Entry, RSS::TaxonomyTopicModel::TaxonomyTopic, RSS::RDF::Channel, RSS::ImageItemModel::ImageItem, RSS::Rss::Channel, RSS::RDF::Textinput, RSS::RDF::Item, RSS::RDF::Image, RSS::ImageFaviconModel::ImageFavicon, RSS::Atom::Feed::Entry)では実在(append_features 等の動的注入によるものと推定)
rss	DublinCoreModel	#	dc_language=	renamed-class:RSS::DublinCoreModel	RSS::DublinCoreModel 自体への method_defined? では不在だが、これを include する具象クラス(RSS::Atom::Feed, RSS::Rss::Channel::Item, RSS::Atom::Entry, RSS::TaxonomyTopicModel::TaxonomyTopic, RSS::RDF::Channel, RSS::ImageItemModel::ImageItem, RSS::Rss::Channel, RSS::RDF::Textinput, RSS::RDF::Item, RSS::RDF::Image, RSS::ImageFaviconModel::ImageFavicon, RSS::Atom::Feed::Entry)では実在(append_features 等の動的注入によるものと推定)
rss	DublinCoreModel	#	dc_languages	renamed-class:RSS::DublinCoreModel	RSS::DublinCoreModel 自体への method_defined? では不在だが、これを include する具象クラス(RSS::Atom::Feed, RSS::Rss::Channel::Item, RSS::Atom::Entry, RSS::TaxonomyTopicModel::TaxonomyTopic, RSS::RDF::Channel, RSS::ImageItemModel::ImageItem, RSS::Rss::Channel, RSS::RDF::Textinput, RSS::RDF::Item, RSS::RDF::Image, RSS::ImageFaviconModel::ImageFavicon, RSS::Atom::Feed::Entry)では実在(append_features 等の動的注入によるものと推定)
rss	DublinCoreModel	#	dc_publisher	renamed-class:RSS::DublinCoreModel	RSS::DublinCoreModel 自体への method_defined? では不在だが、これを include する具象クラス(RSS::Atom::Feed, RSS::Rss::Channel::Item, RSS::Atom::Entry, RSS::TaxonomyTopicModel::TaxonomyTopic, RSS::RDF::Channel, RSS::ImageItemModel::ImageItem, RSS::Rss::Channel, RSS::RDF::Textinput, RSS::RDF::Item, RSS::RDF::Image, RSS::ImageFaviconModel::ImageFavicon, RSS::Atom::Feed::Entry)では実在(append_features 等の動的注入によるものと推定)
rss	DublinCoreModel	#	dc_publisher=	renamed-class:RSS::DublinCoreModel	RSS::DublinCoreModel 自体への method_defined? では不在だが、これを include する具象クラス(RSS::Atom::Feed, RSS::Rss::Channel::Item, RSS::Atom::Entry, RSS::TaxonomyTopicModel::TaxonomyTopic, RSS::RDF::Channel, RSS::ImageItemModel::ImageItem, RSS::Rss::Channel, RSS::RDF::Textinput, RSS::RDF::Item, RSS::RDF::Image, RSS::ImageFaviconModel::ImageFavicon, RSS::Atom::Feed::Entry)では実在(append_features 等の動的注入によるものと推定)
rss	DublinCoreModel	#	dc_publishers	renamed-class:RSS::DublinCoreModel	RSS::DublinCoreModel 自体への method_defined? では不在だが、これを include する具象クラス(RSS::Atom::Feed, RSS::Rss::Channel::Item, RSS::Atom::Entry, RSS::TaxonomyTopicModel::TaxonomyTopic, RSS::RDF::Channel, RSS::ImageItemModel::ImageItem, RSS::Rss::Channel, RSS::RDF::Textinput, RSS::RDF::Item, RSS::RDF::Image, RSS::ImageFaviconModel::ImageFavicon, RSS::Atom::Feed::Entry)では実在(append_features 等の動的注入によるものと推定)
rss	DublinCoreModel	#	dc_relation	renamed-class:RSS::DublinCoreModel	RSS::DublinCoreModel 自体への method_defined? では不在だが、これを include する具象クラス(RSS::Atom::Feed, RSS::Rss::Channel::Item, RSS::Atom::Entry, RSS::TaxonomyTopicModel::TaxonomyTopic, RSS::RDF::Channel, RSS::ImageItemModel::ImageItem, RSS::Rss::Channel, RSS::RDF::Textinput, RSS::RDF::Item, RSS::RDF::Image, RSS::ImageFaviconModel::ImageFavicon, RSS::Atom::Feed::Entry)では実在(append_features 等の動的注入によるものと推定)
rss	DublinCoreModel	#	dc_relation=	renamed-class:RSS::DublinCoreModel	RSS::DublinCoreModel 自体への method_defined? では不在だが、これを include する具象クラス(RSS::Atom::Feed, RSS::Rss::Channel::Item, RSS::Atom::Entry, RSS::TaxonomyTopicModel::TaxonomyTopic, RSS::RDF::Channel, RSS::ImageItemModel::ImageItem, RSS::Rss::Channel, RSS::RDF::Textinput, RSS::RDF::Item, RSS::RDF::Image, RSS::ImageFaviconModel::ImageFavicon, RSS::Atom::Feed::Entry)では実在(append_features 等の動的注入によるものと推定)
rss	DublinCoreModel	#	dc_relations	renamed-class:RSS::DublinCoreModel	RSS::DublinCoreModel 自体への method_defined? では不在だが、これを include する具象クラス(RSS::Atom::Feed, RSS::Rss::Channel::Item, RSS::Atom::Entry, RSS::TaxonomyTopicModel::TaxonomyTopic, RSS::RDF::Channel, RSS::ImageItemModel::ImageItem, RSS::Rss::Channel, RSS::RDF::Textinput, RSS::RDF::Item, RSS::RDF::Image, RSS::ImageFaviconModel::ImageFavicon, RSS::Atom::Feed::Entry)では実在(append_features 等の動的注入によるものと推定)
rss	DublinCoreModel	#	dc_rights	renamed-class:RSS::DublinCoreModel	RSS::DublinCoreModel 自体への method_defined? では不在だが、これを include する具象クラス(RSS::Atom::Feed, RSS::Rss::Channel::Item, RSS::Atom::Entry, RSS::TaxonomyTopicModel::TaxonomyTopic, RSS::RDF::Channel, RSS::ImageItemModel::ImageItem, RSS::Rss::Channel, RSS::RDF::Textinput, RSS::RDF::Item, RSS::RDF::Image, RSS::ImageFaviconModel::ImageFavicon, RSS::Atom::Feed::Entry)では実在(append_features 等の動的注入によるものと推定)
rss	DublinCoreModel	#	dc_rights=	renamed-class:RSS::DublinCoreModel	RSS::DublinCoreModel 自体への method_defined? では不在だが、これを include する具象クラス(RSS::Atom::Feed, RSS::Rss::Channel::Item, RSS::Atom::Entry, RSS::TaxonomyTopicModel::TaxonomyTopic, RSS::RDF::Channel, RSS::ImageItemModel::ImageItem, RSS::Rss::Channel, RSS::RDF::Textinput, RSS::RDF::Item, RSS::RDF::Image, RSS::ImageFaviconModel::ImageFavicon, RSS::Atom::Feed::Entry)では実在(append_features 等の動的注入によるものと推定)
rss	DublinCoreModel	#	dc_rightses	renamed-class:RSS::DublinCoreModel	RSS::DublinCoreModel 自体への method_defined? では不在だが、これを include する具象クラス(RSS::Atom::Feed, RSS::Rss::Channel::Item, RSS::Atom::Entry, RSS::TaxonomyTopicModel::TaxonomyTopic, RSS::RDF::Channel, RSS::ImageItemModel::ImageItem, RSS::Rss::Channel, RSS::RDF::Textinput, RSS::RDF::Item, RSS::RDF::Image, RSS::ImageFaviconModel::ImageFavicon, RSS::Atom::Feed::Entry)では実在(append_features 等の動的注入によるものと推定)
rss	DublinCoreModel	#	dc_source	renamed-class:RSS::DublinCoreModel	RSS::DublinCoreModel 自体への method_defined? では不在だが、これを include する具象クラス(RSS::Atom::Feed, RSS::Rss::Channel::Item, RSS::Atom::Entry, RSS::TaxonomyTopicModel::TaxonomyTopic, RSS::RDF::Channel, RSS::ImageItemModel::ImageItem, RSS::Rss::Channel, RSS::RDF::Textinput, RSS::RDF::Item, RSS::RDF::Image, RSS::ImageFaviconModel::ImageFavicon, RSS::Atom::Feed::Entry)では実在(append_features 等の動的注入によるものと推定)
rss	DublinCoreModel	#	dc_source=	renamed-class:RSS::DublinCoreModel	RSS::DublinCoreModel 自体への method_defined? では不在だが、これを include する具象クラス(RSS::Atom::Feed, RSS::Rss::Channel::Item, RSS::Atom::Entry, RSS::TaxonomyTopicModel::TaxonomyTopic, RSS::RDF::Channel, RSS::ImageItemModel::ImageItem, RSS::Rss::Channel, RSS::RDF::Textinput, RSS::RDF::Item, RSS::RDF::Image, RSS::ImageFaviconModel::ImageFavicon, RSS::Atom::Feed::Entry)では実在(append_features 等の動的注入によるものと推定)
rss	DublinCoreModel	#	dc_sources	renamed-class:RSS::DublinCoreModel	RSS::DublinCoreModel 自体への method_defined? では不在だが、これを include する具象クラス(RSS::Atom::Feed, RSS::Rss::Channel::Item, RSS::Atom::Entry, RSS::TaxonomyTopicModel::TaxonomyTopic, RSS::RDF::Channel, RSS::ImageItemModel::ImageItem, RSS::Rss::Channel, RSS::RDF::Textinput, RSS::RDF::Item, RSS::RDF::Image, RSS::ImageFaviconModel::ImageFavicon, RSS::Atom::Feed::Entry)では実在(append_features 等の動的注入によるものと推定)
rss	DublinCoreModel	#	dc_subject	renamed-class:RSS::DublinCoreModel	RSS::DublinCoreModel 自体への method_defined? では不在だが、これを include する具象クラス(RSS::Atom::Feed, RSS::Rss::Channel::Item, RSS::Atom::Entry, RSS::TaxonomyTopicModel::TaxonomyTopic, RSS::RDF::Channel, RSS::ImageItemModel::ImageItem, RSS::Rss::Channel, RSS::RDF::Textinput, RSS::RDF::Item, RSS::RDF::Image, RSS::ImageFaviconModel::ImageFavicon, RSS::Atom::Feed::Entry)では実在(append_features 等の動的注入によるものと推定)
rss	DublinCoreModel	#	dc_subject=	renamed-class:RSS::DublinCoreModel	RSS::DublinCoreModel 自体への method_defined? では不在だが、これを include する具象クラス(RSS::Atom::Feed, RSS::Rss::Channel::Item, RSS::Atom::Entry, RSS::TaxonomyTopicModel::TaxonomyTopic, RSS::RDF::Channel, RSS::ImageItemModel::ImageItem, RSS::Rss::Channel, RSS::RDF::Textinput, RSS::RDF::Item, RSS::RDF::Image, RSS::ImageFaviconModel::ImageFavicon, RSS::Atom::Feed::Entry)では実在(append_features 等の動的注入によるものと推定)
rss	DublinCoreModel	#	dc_subjects	renamed-class:RSS::DublinCoreModel	RSS::DublinCoreModel 自体への method_defined? では不在だが、これを include する具象クラス(RSS::Atom::Feed, RSS::Rss::Channel::Item, RSS::Atom::Entry, RSS::TaxonomyTopicModel::TaxonomyTopic, RSS::RDF::Channel, RSS::ImageItemModel::ImageItem, RSS::Rss::Channel, RSS::RDF::Textinput, RSS::RDF::Item, RSS::RDF::Image, RSS::ImageFaviconModel::ImageFavicon, RSS::Atom::Feed::Entry)では実在(append_features 等の動的注入によるものと推定)
rss	DublinCoreModel	#	dc_title	renamed-class:RSS::DublinCoreModel	RSS::DublinCoreModel 自体への method_defined? では不在だが、これを include する具象クラス(RSS::Atom::Feed, RSS::Rss::Channel::Item, RSS::Atom::Entry, RSS::TaxonomyTopicModel::TaxonomyTopic, RSS::RDF::Channel, RSS::ImageItemModel::ImageItem, RSS::Rss::Channel, RSS::RDF::Textinput, RSS::RDF::Item, RSS::RDF::Image, RSS::ImageFaviconModel::ImageFavicon, RSS::Atom::Feed::Entry)では実在(append_features 等の動的注入によるものと推定)
rss	DublinCoreModel	#	dc_title=	renamed-class:RSS::DublinCoreModel	RSS::DublinCoreModel 自体への method_defined? では不在だが、これを include する具象クラス(RSS::Atom::Feed, RSS::Rss::Channel::Item, RSS::Atom::Entry, RSS::TaxonomyTopicModel::TaxonomyTopic, RSS::RDF::Channel, RSS::ImageItemModel::ImageItem, RSS::Rss::Channel, RSS::RDF::Textinput, RSS::RDF::Item, RSS::RDF::Image, RSS::ImageFaviconModel::ImageFavicon, RSS::Atom::Feed::Entry)では実在(append_features 等の動的注入によるものと推定)
rss	DublinCoreModel	#	dc_titles	renamed-class:RSS::DublinCoreModel	RSS::DublinCoreModel 自体への method_defined? では不在だが、これを include する具象クラス(RSS::Atom::Feed, RSS::Rss::Channel::Item, RSS::Atom::Entry, RSS::TaxonomyTopicModel::TaxonomyTopic, RSS::RDF::Channel, RSS::ImageItemModel::ImageItem, RSS::Rss::Channel, RSS::RDF::Textinput, RSS::RDF::Item, RSS::RDF::Image, RSS::ImageFaviconModel::ImageFavicon, RSS::Atom::Feed::Entry)では実在(append_features 等の動的注入によるものと推定)
rss	DublinCoreModel	#	dc_type	renamed-class:RSS::DublinCoreModel	RSS::DublinCoreModel 自体への method_defined? では不在だが、これを include する具象クラス(RSS::Atom::Feed, RSS::Rss::Channel::Item, RSS::Atom::Entry, RSS::TaxonomyTopicModel::TaxonomyTopic, RSS::RDF::Channel, RSS::ImageItemModel::ImageItem, RSS::Rss::Channel, RSS::RDF::Textinput, RSS::RDF::Item, RSS::RDF::Image, RSS::ImageFaviconModel::ImageFavicon, RSS::Atom::Feed::Entry)では実在(append_features 等の動的注入によるものと推定)
rss	DublinCoreModel	#	dc_type=	renamed-class:RSS::DublinCoreModel	RSS::DublinCoreModel 自体への method_defined? では不在だが、これを include する具象クラス(RSS::Atom::Feed, RSS::Rss::Channel::Item, RSS::Atom::Entry, RSS::TaxonomyTopicModel::TaxonomyTopic, RSS::RDF::Channel, RSS::ImageItemModel::ImageItem, RSS::Rss::Channel, RSS::RDF::Textinput, RSS::RDF::Item, RSS::RDF::Image, RSS::ImageFaviconModel::ImageFavicon, RSS::Atom::Feed::Entry)では実在(append_features 等の動的注入によるものと推定)
rss	DublinCoreModel	#	dc_types	renamed-class:RSS::DublinCoreModel	RSS::DublinCoreModel 自体への method_defined? では不在だが、これを include する具象クラス(RSS::Atom::Feed, RSS::Rss::Channel::Item, RSS::Atom::Entry, RSS::TaxonomyTopicModel::TaxonomyTopic, RSS::RDF::Channel, RSS::ImageItemModel::ImageItem, RSS::Rss::Channel, RSS::RDF::Textinput, RSS::RDF::Item, RSS::RDF::Image, RSS::ImageFaviconModel::ImageFavicon, RSS::Atom::Feed::Entry)では実在(append_features 等の動的注入によるものと推定)
rss	RSS::BaseTrackBackModel	#	trackback_about	not-found	RSS::BaseTrackBackModel は存在するが trackback_about はどの形(instance/singleton/const)でも存在しない / 4.0でも同様に not-found(RSS::BaseTrackBackModel は存在するが trackback_about はどの形(instance/singleton/const)でも存在しない)
rss	RSS::BaseTrackBackModel	#	trackback_about=	not-found	RSS::BaseTrackBackModel は存在するが trackback_about= はどの形(instance/singleton/const)でも存在しない / 4.0でも同様に not-found(RSS::BaseTrackBackModel は存在するが trackback_about= はどの形(instance/singleton/const)でも存在しない)
rss	RSS::BaseTrackBackModel	#	trackback_abouts	not-found	RSS::BaseTrackBackModel は存在するが trackback_abouts はどの形(instance/singleton/const)でも存在しない / 4.0でも同様に not-found(RSS::BaseTrackBackModel は存在するが trackback_abouts はどの形(instance/singleton/const)でも存在しない)
rss	RSS::BaseTrackBackModel	#	trackback_ping	not-found	RSS::BaseTrackBackModel は存在するが trackback_ping はどの形(instance/singleton/const)でも存在しない / 4.0でも同様に not-found(RSS::BaseTrackBackModel は存在するが trackback_ping はどの形(instance/singleton/const)でも存在しない)
rss	RSS::BaseTrackBackModel	#	trackback_ping=	not-found	RSS::BaseTrackBackModel は存在するが trackback_ping= はどの形(instance/singleton/const)でも存在しない / 4.0でも同様に not-found(RSS::BaseTrackBackModel は存在するが trackback_ping= はどの形(instance/singleton/const)でも存在しない)
rss	RSS::ContentModel	#	content_encoded	not-found	クラス自体は存在するが直接の method_defined? では不在(mixin/append_features 由来と推定)。RSS::ContentModel を include する具象クラス(RSS::Rss::Channel::Item, RSS::RDF::Item)では実際に機能している= ドキュメント自体は妥当な可能性が高い(自動チェックの限界) / 4.0でも同様に not-found(クラス自体は存在するが直接の method_defined? では不在(mixin/append_features 由来と推定)。RSS::ContentModel を include する具象クラス(RSS::RDF::Item, RSS::Rss::Channel::Item)では実際に機能している= ドキュメント自体は妥当な可能性が高い(自動チェックの限界))
rss	RSS::ContentModel	#	content_encoded=	not-found	クラス自体は存在するが直接の method_defined? では不在(mixin/append_features 由来と推定)。RSS::ContentModel を include する具象クラス(RSS::Rss::Channel::Item, RSS::RDF::Item)では実際に機能している= ドキュメント自体は妥当な可能性が高い(自動チェックの限界) / 4.0でも同様に not-found(クラス自体は存在するが直接の method_defined? では不在(mixin/append_features 由来と推定)。RSS::ContentModel を include する具象クラス(RSS::RDF::Item, RSS::Rss::Channel::Item)では実際に機能している= ドキュメント自体は妥当な可能性が高い(自動チェックの限界))
rss	RSS::ImageFaviconModel	#	image_favicon	not-found	クラス自体は存在するが直接の method_defined? では不在(mixin/append_features 由来と推定)。RSS::ImageFaviconModel を include する具象クラス(RSS::RDF::Channel)では実際に機能している= ドキュメント自体は妥当な可能性が高い(自動チェックの限界) / 4.0でも同様に not-found(クラス自体は存在するが直接の method_defined? では不在(mixin/append_features 由来と推定)。RSS::ImageFaviconModel を include する具象クラス(RSS::RDF::Channel)では実際に機能している= ドキュメント自体は妥当な可能性が高い(自動チェックの限界))
rss	RSS::ImageFaviconModel	#	image_favicon=	not-found	クラス自体は存在するが直接の method_defined? では不在(mixin/append_features 由来と推定)。RSS::ImageFaviconModel を include する具象クラス(RSS::RDF::Channel)では実際に機能している= ドキュメント自体は妥当な可能性が高い(自動チェックの限界) / 4.0でも同様に not-found(クラス自体は存在するが直接の method_defined? では不在(mixin/append_features 由来と推定)。RSS::ImageFaviconModel を include する具象クラス(RSS::RDF::Channel)では実際に機能している= ドキュメント自体は妥当な可能性が高い(自動チェックの限界))
rss	RSS::ImageItemModel	#	image_item	not-found	クラス自体は存在するが直接の method_defined? では不在(mixin/append_features 由来と推定)。RSS::ImageItemModel を include する具象クラス(RSS::RDF::Item)では実際に機能している= ドキュメント自体は妥当な可能性が高い(自動チェックの限界) / 4.0でも同様に not-found(クラス自体は存在するが直接の method_defined? では不在(mixin/append_features 由来と推定)。RSS::ImageItemModel を include する具象クラス(RSS::RDF::Item)では実際に機能している= ドキュメント自体は妥当な可能性が高い(自動チェックの限界))
rss	RSS::ImageItemModel	#	image_item=	not-found	クラス自体は存在するが直接の method_defined? では不在(mixin/append_features 由来と推定)。RSS::ImageItemModel を include する具象クラス(RSS::RDF::Item)では実際に機能している= ドキュメント自体は妥当な可能性が高い(自動チェックの限界) / 4.0でも同様に not-found(クラス自体は存在するが直接の method_defined? では不在(mixin/append_features 由来と推定)。RSS::ImageItemModel を include する具象クラス(RSS::RDF::Item)では実際に機能している= ドキュメント自体は妥当な可能性が高い(自動チェックの限界))
rss	RSS::RDF	#	rss_version=	not-found	RSS::RDF は存在するが rss_version= はどの形(instance/singleton/const)でも存在しない / 4.0でも同様に not-found(RSS::RDF は存在するが rss_version= はどの形(instance/singleton/const)でも存在しない)
rss	RSS::RDF::Channel::ImageFavicon	#	about	renamed-class:RSS::ImageFaviconModel::ImageFavicon	候補(# で一致): RSS::ImageFaviconModel::ImageFavicon, RSS::Maker::RSS10::Channel::ImageFavicon, RSS::Maker::Atom::Entry::Channel::ImageFavicon, RSS::Maker::Atom::Feed::Channel::ImageFavicon, RSS::Maker::RSS20::Channel::ImageFavicon, RSS::Maker::RSS091::Channel::ImageFavicon, RSS::Maker::RSS092::Channel::ImageFavicon / 追加 require: rss/taxonomy, rss/image, rss/content, rss/trackback, rss/syndication, rss/dublincore
rss	RSS::RDF::Channel::ImageFavicon	#	about=	renamed-class:RSS::ImageFaviconModel::ImageFavicon	候補(# で一致): RSS::ImageFaviconModel::ImageFavicon, RSS::Maker::RSS10::Channel::ImageFavicon, RSS::Maker::Atom::Entry::Channel::ImageFavicon, RSS::Maker::Atom::Feed::Channel::ImageFavicon, RSS::Maker::RSS20::Channel::ImageFavicon, RSS::Maker::RSS091::Channel::ImageFavicon, RSS::Maker::RSS092::Channel::ImageFavicon / 追加 require: rss/taxonomy, rss/image, rss/content, rss/trackback, rss/syndication, rss/dublincore
rss	RSS::RDF::Channel::ImageFavicon	#	date	renamed-class:RSS::ImageFaviconModel::ImageFavicon	候補(# で一致): RSS::ImageFaviconModel::ImageFavicon / 追加 require: rss/taxonomy, rss/image, rss/content, rss/trackback, rss/syndication, rss/dublincore
rss	RSS::RDF::Channel::ImageFavicon	#	date=	renamed-class:RSS::ImageFaviconModel::ImageFavicon	候補(# で一致): RSS::ImageFaviconModel::ImageFavicon / 追加 require: rss/taxonomy, rss/image, rss/content, rss/trackback, rss/syndication, rss/dublincore
rss	RSS::RDF::Channel::ImageFavicon	#	image_size	renamed-class:RSS::ImageFaviconModel::ImageFavicon	候補(# で一致): RSS::ImageFaviconModel::ImageFavicon, RSS::Maker::RSS10::Channel::ImageFavicon, RSS::Maker::Atom::Entry::Channel::ImageFavicon, RSS::Maker::Atom::Feed::Channel::ImageFavicon, RSS::Maker::RSS20::Channel::ImageFavicon, RSS::Maker::RSS091::Channel::ImageFavicon, RSS::Maker::RSS092::Channel::ImageFavicon / 追加 require: rss/taxonomy, rss/image, rss/content, rss/trackback, rss/syndication, rss/dublincore
rss	RSS::RDF::Channel::ImageFavicon	#	image_size=	renamed-class:RSS::ImageFaviconModel::ImageFavicon	候補(# で一致): RSS::ImageFaviconModel::ImageFavicon, RSS::Maker::RSS10::Channel::ImageFavicon, RSS::Maker::Atom::Entry::Channel::ImageFavicon, RSS::Maker::Atom::Feed::Channel::ImageFavicon, RSS::Maker::RSS20::Channel::ImageFavicon, RSS::Maker::RSS091::Channel::ImageFavicon, RSS::Maker::RSS092::Channel::ImageFavicon / 追加 require: rss/taxonomy, rss/image, rss/content, rss/trackback, rss/syndication, rss/dublincore
rss	RSS::RDF::Channel::ImageFavicon	#	size	renamed-class:RSS::ImageFaviconModel::ImageFavicon	候補(# で一致): RSS::ImageFaviconModel::ImageFavicon, RSS::Maker::RSS10::Channel::ImageFavicon, RSS::Maker::Atom::Entry::Channel::ImageFavicon, RSS::Maker::Atom::Feed::Channel::ImageFavicon, RSS::Maker::RSS20::Channel::ImageFavicon, RSS::Maker::RSS091::Channel::ImageFavicon, RSS::Maker::RSS092::Channel::ImageFavicon, RSS::Maker::Atom::Entry::Channel::ImageFavicon::DublinCoreDates / 追加 require: rss/taxonomy, rss/image, rss/content, rss/trackback, rss/syndication, rss/dublincore
rss	RSS::RDF::Channel::ImageFavicon	#	size=	renamed-class:RSS::ImageFaviconModel::ImageFavicon	候補(# で一致): RSS::ImageFaviconModel::ImageFavicon, RSS::Maker::RSS10::Channel::ImageFavicon, RSS::Maker::Atom::Entry::Channel::ImageFavicon, RSS::Maker::Atom::Feed::Channel::ImageFavicon, RSS::Maker::RSS20::Channel::ImageFavicon, RSS::Maker::RSS091::Channel::ImageFavicon, RSS::Maker::RSS092::Channel::ImageFavicon / 追加 require: rss/taxonomy, rss/image, rss/content, rss/trackback, rss/syndication, rss/dublincore
rss	RSS::Rss::SkipDays	#	day	renamed-class:RSS::Rss::Channel::SkipDays	候補(# で一致): RSS::Rss::Channel::SkipDays / 追加 require: rss/taxonomy, rss/image, rss/content, rss/trackback, rss/syndication, rss/dublincore
rss	RSS::Rss::SkipDays	#	day=	renamed-class:RSS::Rss::Channel::SkipDays	候補(# で一致): RSS::Rss::Channel::SkipDays / 追加 require: rss/taxonomy, rss/image, rss/content, rss/trackback, rss/syndication, rss/dublincore
rss	RSS::Rss::SkipDays	#	days	renamed-class:RSS::Rss::Channel::SkipDays	候補(# で一致): RSS::Rss::Channel::SkipDays / 追加 require: rss/taxonomy, rss/image, rss/content, rss/trackback, rss/syndication, rss/dublincore
rss	RSS::Rss::SkipHours	#	hour	renamed-class:RSS::Rss::Channel::SkipHours	候補(# で一致): RSS::Rss::Channel::SkipHours / 追加 require: rss/taxonomy, rss/image, rss/content, rss/trackback, rss/syndication, rss/dublincore
rss	RSS::Rss::SkipHours	#	hour=	renamed-class:RSS::Rss::Channel::SkipHours	候補(# で一致): RSS::Rss::Channel::SkipHours / 追加 require: rss/taxonomy, rss/image, rss/content, rss/trackback, rss/syndication, rss/dublincore
rss	RSS::Rss::SkipHours	#	hours	renamed-class:RSS::Rss::Channel::SkipHours	候補(# で一致): RSS::Rss::Channel::SkipHours / 追加 require: rss/taxonomy, rss/image, rss/content, rss/trackback, rss/syndication, rss/dublincore
rss	RSS::SyndicationModel	#	sy_updateBase	not-found	クラス自体は存在するが直接の method_defined? では不在(mixin/append_features 由来と推定)。RSS::SyndicationModel を include する具象クラス(RSS::RDF::Channel)では実際に機能している= ドキュメント自体は妥当な可能性が高い(自動チェックの限界) / 4.0でも同様に not-found(クラス自体は存在するが直接の method_defined? では不在(mixin/append_features 由来と推定)。RSS::SyndicationModel を include する具象クラス(RSS::RDF::Channel)では実際に機能している= ドキュメント自体は妥当な可能性が高い(自動チェックの限界))
rss	RSS::SyndicationModel	#	sy_updateBase=	not-found	クラス自体は存在するが直接の method_defined? では不在(mixin/append_features 由来と推定)。RSS::SyndicationModel を include する具象クラス(RSS::RDF::Channel)では実際に機能している= ドキュメント自体は妥当な可能性が高い(自動チェックの限界) / 4.0でも同様に not-found(クラス自体は存在するが直接の method_defined? では不在(mixin/append_features 由来と推定)。RSS::SyndicationModel を include する具象クラス(RSS::RDF::Channel)では実際に機能している= ドキュメント自体は妥当な可能性が高い(自動チェックの限界))
rss	RSS::SyndicationModel	#	sy_updateFrequency	not-found	クラス自体は存在するが直接の method_defined? では不在(mixin/append_features 由来と推定)。RSS::SyndicationModel を include する具象クラス(RSS::RDF::Channel)では実際に機能している= ドキュメント自体は妥当な可能性が高い(自動チェックの限界) / 4.0でも同様に not-found(クラス自体は存在するが直接の method_defined? では不在(mixin/append_features 由来と推定)。RSS::SyndicationModel を include する具象クラス(RSS::RDF::Channel)では実際に機能している= ドキュメント自体は妥当な可能性が高い(自動チェックの限界))
rss	RSS::SyndicationModel	#	sy_updateFrequency=	not-found	クラス自体は存在するが直接の method_defined? では不在(mixin/append_features 由来と推定)。RSS::SyndicationModel を include する具象クラス(RSS::RDF::Channel)では実際に機能している= ドキュメント自体は妥当な可能性が高い(自動チェックの限界) / 4.0でも同様に not-found(クラス自体は存在するが直接の method_defined? では不在(mixin/append_features 由来と推定)。RSS::SyndicationModel を include する具象クラス(RSS::RDF::Channel)では実際に機能している= ドキュメント自体は妥当な可能性が高い(自動チェックの限界))
rss	RSS::SyndicationModel	#	sy_updatePeriod	not-found	クラス自体は存在するが直接の method_defined? では不在(mixin/append_features 由来と推定)。RSS::SyndicationModel を include する具象クラス(RSS::RDF::Channel)では実際に機能している= ドキュメント自体は妥当な可能性が高い(自動チェックの限界) / 4.0でも同様に not-found(クラス自体は存在するが直接の method_defined? では不在(mixin/append_features 由来と推定)。RSS::SyndicationModel を include する具象クラス(RSS::RDF::Channel)では実際に機能している= ドキュメント自体は妥当な可能性が高い(自動チェックの限界))
rss	RSS::SyndicationModel	#	sy_updatePeriod=	not-found	クラス自体は存在するが直接の method_defined? では不在(mixin/append_features 由来と推定)。RSS::SyndicationModel を include する具象クラス(RSS::RDF::Channel)では実際に機能している= ドキュメント自体は妥当な可能性が高い(自動チェックの限界) / 4.0でも同様に not-found(クラス自体は存在するが直接の method_defined? では不在(mixin/append_features 由来と推定)。RSS::SyndicationModel を include する具象クラス(RSS::RDF::Channel)では実際に機能している= ドキュメント自体は妥当な可能性が高い(自動チェックの限界))
rss	RSS::TaxonomyTopicModel	#	taxo_topic	not-found	クラス自体は存在するが直接の method_defined? では不在(mixin/append_features 由来と推定)。RSS::TaxonomyTopicModel を include する具象クラス(RSS::RDF)では実際に機能している= ドキュメント自体は妥当な可能性が高い(自動チェックの限界) / 4.0でも同様に not-found(クラス自体は存在するが直接の method_defined? では不在(mixin/append_features 由来と推定)。RSS::TaxonomyTopicModel を include する具象クラス(RSS::RDF)では実際に機能している= ドキュメント自体は妥当な可能性が高い(自動チェックの限界))
rss	RSS::TaxonomyTopicModel	#	taxo_topic=	not-found	クラス自体は存在するが直接の method_defined? では不在(mixin/append_features 由来と推定)。RSS::TaxonomyTopicModel を include する具象クラス(RSS::RDF)では実際に機能している= ドキュメント自体は妥当な可能性が高い(自動チェックの限界) / 4.0でも同様に not-found(クラス自体は存在するが直接の method_defined? では不在(mixin/append_features 由来と推定)。RSS::TaxonomyTopicModel を include する具象クラス(RSS::RDF)では実際に機能している= ドキュメント自体は妥当な可能性が高い(自動チェックの限界))
rss	RSS::TaxonomyTopicsModel	#	taxo_topics	not-found	クラス自体は存在するが直接の method_defined? では不在(mixin/append_features 由来と推定)。RSS::TaxonomyTopicsModel を include する具象クラス(RSS::TaxonomyTopicModel::TaxonomyTopic, RSS::RDF::Channel, RSS::RDF::Item)では実際に機能している= ドキュメント自体は妥当な可能性が高い(自動チェックの限界) / 4.0でも同様に not-found(クラス自体は存在するが直接の method_defined? では不在(mixin/append_features 由来と推定)。RSS::TaxonomyTopicsModel を include する具象クラス(RSS::RDF::Item, RSS::RDF::Channel, RSS::TaxonomyTopicModel::TaxonomyTopic)では実際に機能している= ドキュメント自体は妥当な可能性が高い(自動チェックの限界))
rubygems	Gem	::	DIRECTORIES	not-found	Gem は存在するが DIRECTORIES はどの形(instance/singleton/const)でも存在しない / 4.0でも同様に not-found(Gem は存在するが DIRECTORIES はどの形(instance/singleton/const)でも存在しない)
rubygems	Gem	::	RubyGemsPackageVersion	not-found	Gem は存在するが RubyGemsPackageVersion はどの形(instance/singleton/const)でも存在しない / 4.0でも同様に not-found(Gem は存在するが RubyGemsPackageVersion はどの形(instance/singleton/const)でも存在しない)
rubygems	Gem	.#	set_home	not-found	Gem 自身に綴り/構造の近いメソッドが存在(ドキュメントの誤字、またはメソッド名自体の変更(接頭辞付与など)の可能性): user_home / 4.0でも同様に not-found(Gem 自身に綴り/構造の近いメソッドが存在(ドキュメントの誤字、またはメソッド名自体の変更(接頭辞付与など)の可能性): user_home)
rubygems	Gem	.#	set_paths	not-found	Gem 自身に綴り/構造の近いメソッドが存在(ドキュメントの誤字、またはメソッド名自体の変更(接頭辞付与など)の可能性): use_paths, paths, paths= / 4.0でも同様に not-found(Gem 自身に綴り/構造の近いメソッドが存在(ドキュメントの誤字、またはメソッド名自体の変更(接頭辞付与など)の可能性): use_paths, paths, paths=)
rubygems	Gem	.#	source_index	not-found	Gem は存在するが source_index はどの形(instance/singleton/const)でも存在しない / 4.0でも同様に not-found(Gem は存在するが source_index はどの形(instance/singleton/const)でも存在しない)
rubygems	Gem::LoadError	#	version_requirement	not-found	Gem::LoadError 自身に綴り/構造の近いメソッドが存在(ドキュメントの誤字、またはメソッド名自体の変更(接頭辞付与など)の可能性): requirement, requirement= / 4.0でも同様に not-found(Gem::LoadError 自身に綴り/構造の近いメソッドが存在(ドキュメントの誤字、またはメソッド名自体の変更(接頭辞付与など)の可能性): requirement=, requirement)
rubygems	Gem::LoadError	#	version_requirement=	not-found	Gem::LoadError 自身に綴り/構造の近いメソッドが存在(ドキュメントの誤字、またはメソッド名自体の変更(接頭辞付与など)の可能性): requirement, requirement= / 4.0でも同様に not-found(Gem::LoadError 自身に綴り/構造の近いメソッドが存在(ドキュメントの誤字、またはメソッド名自体の変更(接頭辞付与など)の可能性): requirement=, requirement)
rubygems	Gem::QuickLoader	::	GemPaths	not-found	クラス自体が解決できず、名前が類似するクラスも見つからなかった / 4.0でも同様に not-found(クラス自体が解決できず、名前が類似するクラスも見つからなかった)
rubygems	Gem::QuickLoader	::	GemVersions	not-found	クラス自体が解決できず、名前が類似するクラスも見つからなかった / 4.0でも同様に not-found(クラス自体が解決できず、名前が類似するクラスも見つからなかった)
rubygems	Gem::QuickLoader	#	calculate_integers_for_gem_version	not-found	クラス自体が解決できず、名前が類似するクラスも見つからなかった / 4.0でも同様に not-found(クラス自体が解決できず、名前が類似するクラスも見つからなかった)
rubygems	Gem::QuickLoader	#	const_missing	not-found	クラス自体が解決できず、名前が類似するクラスも見つからなかった / 4.0でも同様に not-found(クラス自体が解決できず、名前が類似するクラスも見つからなかった)
rubygems	Gem::QuickLoader	.	load_full_rubygems_library	not-found	クラス自体が解決できず、名前が類似するクラスも見つからなかった / 4.0でも同様に not-found(クラス自体が解決できず、名前が類似するクラスも見つからなかった)
rubygems	Gem::QuickLoader	#	method_missing	not-found	クラス自体が解決できず、名前が類似するクラスも見つからなかった / 4.0でも同様に not-found(クラス自体が解決できず、名前が類似するクラスも見つからなかった)
rubygems	Gem::QuickLoader	#	push_all_highest_version_gems_on_load_path	not-found	クラス自体が解決できず、名前が類似するクラスも見つからなかった / 4.0でも同様に not-found(クラス自体が解決できず、名前が類似するクラスも見つからなかった)
rubygems	Gem::QuickLoader	#	push_gem_version_on_load_path	not-found	クラス自体が解決できず、名前が類似するクラスも見つからなかった / 4.0でも同様に not-found(クラス自体が解決できず、名前が類似するクラスも見つからなかった)
rubygems/commands/build_command	Gem::Commands::BuildCommand	#	load_gemspecs	not-found	Gem::Commands::BuildCommand は存在するが load_gemspecs はどの形(instance/singleton/const)でも存在しない / 4.0でも同様に not-found(Gem::Commands::BuildCommand は存在するが load_gemspecs はどの形(instance/singleton/const)でも存在しない)
rubygems/commands/build_command	Gem::Commands::BuildCommand	#	yaml?	not-found	Gem::Commands::BuildCommand は存在するが yaml? はどの形(instance/singleton/const)でも存在しない / 4.0でも同様に not-found(Gem::Commands::BuildCommand は存在するが yaml? はどの形(instance/singleton/const)でも存在しない)
rubygems/commands/dependency_command	Gem::Commands::DependencyCommand	#	find_gems	not-found	Gem::Commands::DependencyCommand は存在するが find_gems はどの形(instance/singleton/const)でも存在しない / 4.0でも同様に not-found(Gem::Commands::DependencyCommand は存在するが find_gems はどの形(instance/singleton/const)でも存在しない)
rubygems/commands/update_command	Gem::Commands::UpdateCommand	#	do_rubygems_update	not-found	Gem::Commands::UpdateCommand は存在するが do_rubygems_update はどの形(instance/singleton/const)でも存在しない / 4.0でも同様に not-found(Gem::Commands::UpdateCommand は存在するが do_rubygems_update はどの形(instance/singleton/const)でも存在しない)
rubygems/commands/which_command	Gem::Commands::WhichCommand	::	EXT	not-found	Gem::Commands::WhichCommand は存在するが EXT はどの形(instance/singleton/const)でも存在しない / 4.0でも同様に not-found(Gem::Commands::WhichCommand は存在するが EXT はどの形(instance/singleton/const)でも存在しない)
rubygems/commands/which_command	Gem::Commands::WhichCommand	#	gem_paths	not-found	Gem::Commands::WhichCommand は存在するが gem_paths はどの形(instance/singleton/const)でも存在しない / 4.0でも同様に not-found(Gem::Commands::WhichCommand は存在するが gem_paths はどの形(instance/singleton/const)でも存在しない)
rubygems/config_file	Gem::ConfigFile	::	DEFAULT_BENCHMARK	not-found	Gem::ConfigFile は存在するが DEFAULT_BENCHMARK はどの形(instance/singleton/const)でも存在しない / 4.0でも同様に not-found(Gem::ConfigFile は存在するが DEFAULT_BENCHMARK はどの形(instance/singleton/const)でも存在しない)
rubygems/config_file	Gem::ConfigFile	#	benchmark	not-found	Gem::ConfigFile は存在するが benchmark はどの形(instance/singleton/const)でも存在しない / 4.0でも同様に not-found(Gem::ConfigFile は存在するが benchmark はどの形(instance/singleton/const)でも存在しない)
rubygems/config_file	Gem::ConfigFile	#	benchmark=	not-found	Gem::ConfigFile は存在するが benchmark= はどの形(instance/singleton/const)でも存在しない / 4.0でも同様に not-found(Gem::ConfigFile は存在するが benchmark= はどの形(instance/singleton/const)でも存在しない)
rubygems/defaults	Gem	.	default_system_source_cache_dir	not-found	Gem 自身に綴り/構造の近いメソッドが存在(ドキュメントの誤字、またはメソッド名自体の変更(接頭辞付与など)の可能性): dir / 4.0でも同様に not-found(Gem 自身に綴り/構造の近いメソッドが存在(ドキュメントの誤字、またはメソッド名自体の変更(接頭辞付与など)の可能性): dir)
rubygems/defaults	Gem	.	default_user_source_cache_dir	not-found	Gem 自身に綴り/構造の近いメソッドが存在(ドキュメントの誤字、またはメソッド名自体の変更(接頭辞付与など)の可能性): dir / 4.0でも同様に not-found(Gem 自身に綴り/構造の近いメソッドが存在(ドキュメントの誤字、またはメソッド名自体の変更(接頭辞付与など)の可能性): dir)
rubygems/dependency	Gem::Dependency	#	version_requirements	not-found	Gem::Dependency 自身に綴り/構造の近いメソッドが存在(ドキュメントの誤字、またはメソッド名自体の変更(接頭辞付与など)の可能性): requirement / 4.0でも同様に not-found(Gem::Dependency 自身に綴り/構造の近いメソッドが存在(ドキュメントの誤字、またはメソッド名自体の変更(接頭辞付与など)の可能性): requirement)
rubygems/dependency	Gem::Dependency	#	version_requirements=	not-found	Gem::Dependency 自身に綴り/構造の近いメソッドが存在(ドキュメントの誤字、またはメソッド名自体の変更(接頭辞付与など)の可能性): requirement / 4.0でも同様に not-found(Gem::Dependency 自身に綴り/構造の近いメソッドが存在(ドキュメントの誤字、またはメソッド名自体の変更(接頭辞付与など)の可能性): requirement)
rubygems/dependency_installer	Gem::DependencyInstaller	#	find_spec_by_name_and_version	not-found	Gem::DependencyInstaller は存在するが find_spec_by_name_and_version はどの形(instance/singleton/const)でも存在しない / 4.0でも同様に not-found(Gem::DependencyInstaller は存在するが find_spec_by_name_and_version はどの形(instance/singleton/const)でも存在しない)
rubygems/dependency_installer	Gem::DependencyInstaller	#	gather_dependencies	not-found	Gem::DependencyInstaller は存在するが gather_dependencies はどの形(instance/singleton/const)でも存在しない / 4.0でも同様に not-found(Gem::DependencyInstaller は存在するが gather_dependencies はどの形(instance/singleton/const)でも存在しない)
rubygems/dependency_installer	Gem::DependencyInstaller	#	gems_to_install	not-found	Gem::DependencyInstaller 自身に綴り/構造の近いメソッドが存在(ドキュメントの誤字、またはメソッド名自体の変更(接頭辞付与など)の可能性): install / 4.0でも同様に not-found(Gem::DependencyInstaller 自身に綴り/構造の近いメソッドが存在(ドキュメントの誤字、またはメソッド名自体の変更(接頭辞付与など)の可能性): install)
rubygems/dependency_list	Gem::DependencyList	.	from_source_index	not-found	Gem::DependencyList は存在するが from_source_index はどの形(instance/singleton/const)でも存在しない / 4.0でも同様に not-found(Gem::DependencyList は存在するが from_source_index はどの形(instance/singleton/const)でも存在しない)
rubygems/indexer	Gem::Indexer	#	abbreviate	not-found	クラス自体が解決できず、名前が類似するクラスも見つからなかった / 4.0でも同様に not-found(クラス自体が解決できず、名前が類似するクラスも見つからなかった)
rubygems/indexer	Gem::Indexer	#	collect_specs	not-found	クラス自体が解決できず、名前が類似するクラスも見つからなかった / 4.0でも同様に not-found(クラス自体が解決できず、名前が類似するクラスも見つからなかった)
rubygems/indexer	Gem::Indexer	#	sanitize	not-found	クラス自体が解決できず、名前が類似するクラスも見つからなかった / 4.0でも同様に not-found(クラス自体が解決できず、名前が類似するクラスも見つからなかった)
rubygems/indexer	Gem::Indexer	#	sanitize_string	not-found	クラス自体が解決できず、名前が類似するクラスも見つからなかった / 4.0でも同様に not-found(クラス自体が解決できず、名前が類似するクラスも見つからなかった)
rubygems/installer	Gem::Installer	.	home_install_warning	not-found	Gem::Installer 自身に綴り/構造の近いメソッドが存在(ドキュメントの誤字、またはメソッド名自体の変更(接頭辞付与など)の可能性): install / 4.0でも同様に not-found(Gem::Installer 自身に綴り/構造の近いメソッドが存在(ドキュメントの誤字、またはメソッド名自体の変更(接頭辞付与など)の可能性): install)
rubygems/installer	Gem::Installer	.	home_install_warning=	not-found	Gem::Installer 自身に綴り/構造の近いメソッドが存在(ドキュメントの誤字、またはメソッド名自体の変更(接頭辞付与など)の可能性): install / 4.0でも同様に not-found(Gem::Installer 自身に綴り/構造の近いメソッドが存在(ドキュメントの誤字、またはメソッド名自体の変更(接頭辞付与など)の可能性): install)
rubygems/package	Gem::FileOperations	.	new	not-found	クラス自体が解決できず、名前が類似するクラスも見つからなかった / 4.0でも同様に not-found(クラス自体が解決できず、名前が類似するクラスも見つからなかった)
rubygems/package	Gem::Package	.	pack	not-found	Gem::Package は存在するが pack はどの形(instance/singleton/const)でも存在しない / 4.0でも同様に not-found(Gem::Package は存在するが pack はどの形(instance/singleton/const)でも存在しない)
rubygems/security	Gem::Security	::	OPT	not-found	Gem::Security は存在するが OPT はどの形(instance/singleton/const)でも存在しない / 4.0でも同様に not-found(Gem::Security は存在するが OPT はどの形(instance/singleton/const)でも存在しない)
rubygems/security	Gem::Security	.	add_trusted_cert	not-found	Gem::Security は存在するが add_trusted_cert はどの形(instance/singleton/const)でも存在しない / 4.0でも同様に not-found(Gem::Security は存在するが add_trusted_cert はどの形(instance/singleton/const)でも存在しない)
rubygems/security	Gem::Security	.	build_cert	not-found	Gem::Security は存在するが build_cert はどの形(instance/singleton/const)でも存在しない / 4.0でも同様に not-found(Gem::Security は存在するが build_cert はどの形(instance/singleton/const)でも存在しない)
rubygems/security	Gem::Security	.	build_self_signed_cert	not-found	Gem::Security 自身に綴り/構造の近いメソッドが存在(ドキュメントの誤字、またはメソッド名自体の変更(接頭辞付与など)の可能性): sign / 4.0でも同様に not-found(Gem::Security 自身に綴り/構造の近いメソッドが存在(ドキュメントの誤字、またはメソッド名自体の変更(接頭辞付与など)の可能性): sign)
rubygems/security	Gem::Security	.	sign_cert	not-found	Gem::Security 自身に綴り/構造の近いメソッドが存在(ドキュメントの誤字、またはメソッド名自体の変更(接頭辞付与など)の可能性): sign / 4.0でも同様に not-found(Gem::Security 自身に綴り/構造の近いメソッドが存在(ドキュメントの誤字、またはメソッド名自体の変更(接頭辞付与など)の可能性): sign)
rubygems/security	Gem::Security	.	verify_trust_dir	not-found	Gem::Security 自身に綴り/構造の近いメソッドが存在(ドキュメントの誤字、またはメソッド名自体の変更(接頭辞付与など)の可能性): trust_dir / 4.0でも同様に not-found(Gem::Security 自身に綴り/構造の近いメソッドが存在(ドキュメントの誤字、またはメソッド名自体の変更(接頭辞付与など)の可能性): trust_dir)
rubygems/security	Gem::Security::Policy	.	trusted_cert_path	not-found	Gem::Security::Policy は存在するが trusted_cert_path はどの形(instance/singleton/const)でも存在しない / 4.0でも同様に not-found(Gem::Security::Policy は存在するが trusted_cert_path はどの形(instance/singleton/const)でも存在しない)
rubygems/security	Gem::Security::Policy	#	verify_gem	not-found	Gem::Security::Policy 自身に綴り/構造の近いメソッドが存在(ドキュメントの誤字、またはメソッド名自体の変更(接頭辞付与など)の可能性): verify / 4.0でも同様に not-found(Gem::Security::Policy 自身に綴り/構造の近いメソッドが存在(ドキュメントの誤字、またはメソッド名自体の変更(接頭辞付与など)の可能性): verify)
rubygems/server	Gem::Server	#	Marshal	not-found	クラス自体が解決できず、名前が類似するクラスも見つからなかった / 4.0でも同様に not-found(クラス自体が解決できず、名前が類似するクラスも見つからなかった)
rubygems/server	Gem::Server	#	yaml	not-found	クラス自体が解決できず、名前が類似するクラスも見つからなかった / 4.0でも同様に not-found(クラス自体が解決できず、名前が類似するクラスも見つからなかった)
rubygems/spec_fetcher	Gem::SpecFetcher	#	cache_dir	not-found	Gem::SpecFetcher は存在するが cache_dir はどの形(instance/singleton/const)でも存在しない / 4.0でも同様に not-found(Gem::SpecFetcher は存在するが cache_dir はどの形(instance/singleton/const)でも存在しない)
rubygems/spec_fetcher	Gem::SpecFetcher	#	dir	not-found	Gem::SpecFetcher は存在するが dir はどの形(instance/singleton/const)でも存在しない / 4.0でも同様に not-found(Gem::SpecFetcher は存在するが dir はどの形(instance/singleton/const)でも存在しない)
rubygems/spec_fetcher	Gem::SpecFetcher	#	fetch	not-found	Gem::SpecFetcher 自身に綴り/構造の近いメソッドが存在(ドキュメントの誤字、またはメソッド名自体の変更(接頭辞付与など)の可能性): fetcher=, fetcher / 4.0でも同様に not-found(Gem::SpecFetcher 自身に綴り/構造の近いメソッドが存在(ドキュメントの誤字、またはメソッド名自体の変更(接頭辞付与など)の可能性): fetcher, fetcher=)
rubygems/spec_fetcher	Gem::SpecFetcher	#	fetch_spec	not-found	Gem::SpecFetcher は存在するが fetch_spec はどの形(instance/singleton/const)でも存在しない / 4.0でも同様に not-found(Gem::SpecFetcher は存在するが fetch_spec はどの形(instance/singleton/const)でも存在しない)
rubygems/spec_fetcher	Gem::SpecFetcher	#	find_matching	not-found	Gem::SpecFetcher は存在するが find_matching はどの形(instance/singleton/const)でも存在しない / 4.0でも同様に not-found(Gem::SpecFetcher は存在するが find_matching はどの形(instance/singleton/const)でも存在しない)
rubygems/spec_fetcher	Gem::SpecFetcher	#	legacy_repos	not-found	Gem::SpecFetcher は存在するが legacy_repos はどの形(instance/singleton/const)でも存在しない / 4.0でも同様に not-found(Gem::SpecFetcher は存在するが legacy_repos はどの形(instance/singleton/const)でも存在しない)
rubygems/spec_fetcher	Gem::SpecFetcher	#	list	not-found	Gem::SpecFetcher は存在するが list はどの形(instance/singleton/const)でも存在しない / 4.0でも同様に not-found(Gem::SpecFetcher は存在するが list はどの形(instance/singleton/const)でも存在しない)
rubygems/spec_fetcher	Gem::SpecFetcher	#	load_specs	not-found	Gem::SpecFetcher 自身に綴り/構造の近いメソッドが存在(ドキュメントの誤字、またはメソッド名自体の変更(接頭辞付与など)の可能性): specs / 4.0でも同様に not-found(Gem::SpecFetcher 自身に綴り/構造の近いメソッドが存在(ドキュメントの誤字、またはメソッド名自体の変更(接頭辞付与など)の可能性): specs)
rubygems/spec_fetcher	Gem::SpecFetcher	#	warn_legacy	not-found	Gem::SpecFetcher は存在するが warn_legacy はどの形(instance/singleton/const)でも存在しない / 4.0でも同様に not-found(Gem::SpecFetcher は存在するが warn_legacy はどの形(instance/singleton/const)でも存在しない)
rubygems/specification	Gem::Specification	.	array_attribute	not-found	Gem::Specification 自身に綴り/構造の近いメソッドが存在(ドキュメントの誤字、またはメソッド名自体の変更(接頭辞付与など)の可能性): array_attributes / 4.0でも同様に not-found(Gem::Specification 自身に綴り/構造の近いメソッドが存在(ドキュメントの誤字、またはメソッド名自体の変更(接頭辞付与など)の可能性): array_attributes)
rubygems/specification	Gem::Specification	#	assign_defaults	not-found	Gem::Specification は存在するが assign_defaults はどの形(instance/singleton/const)でも存在しない / 4.0でも同様に not-found(Gem::Specification は存在するが assign_defaults はどの形(instance/singleton/const)でも存在しない)
rubygems/specification	Gem::Specification	.	attribute	not-found	Gem::Specification 自身に綴り/構造の近いメソッドが存在(ドキュメントの誤字、またはメソッド名自体の変更(接頭辞付与など)の可能性): reset_nil_attributes_to_default, invalidate_memoized_attributes, same_attributes? / 4.0でも同様に not-found(Gem::Specification 自身に綴り/構造の近いメソッドが存在(ドキュメントの誤字、またはメソッド名自体の変更(接頭辞付与など)の可能性): reset_nil_attributes_to_default, set_not_nil_attributes_to_default_values, set_nil_attributes_to_nil)
rubygems/specification	Gem::Specification	.	attribute_alias_singular	not-found	Gem::Specification は存在するが attribute_alias_singular はどの形(instance/singleton/const)でも存在しない / 4.0でも同様に not-found(Gem::Specification は存在するが attribute_alias_singular はどの形(instance/singleton/const)でも存在しない)
rubygems/specification	Gem::Specification	.	attribute_defaults	not-found	Gem::Specification は存在するが attribute_defaults はどの形(instance/singleton/const)でも存在しない / 4.0でも同様に not-found(Gem::Specification は存在するが attribute_defaults はどの形(instance/singleton/const)でも存在しない)
rubygems/specification	Gem::Specification	.	attributes	not-found	Gem::Specification 自身に綴り/構造の近いメソッドが存在(ドキュメントの誤字、またはメソッド名自体の変更(接頭辞付与など)の可能性): reset_nil_attributes_to_default, invalidate_memoized_attributes, same_attributes? / 4.0でも同様に not-found(Gem::Specification 自身に綴り/構造の近いメソッドが存在(ドキュメントの誤字、またはメソッド名自体の変更(接頭辞付与など)の可能性): reset_nil_attributes_to_default, set_not_nil_attributes_to_default_values, set_nil_attributes_to_nil)
rubygems/specification	Gem::Specification	.	default_value	wrong-type:instance	ドキュメントは .(singleton)だが、実際は instance として存在する(Gem::Specification)
rubygems/specification	Gem::Specification	#	installation_path	not-found	Gem::Specification 自身に綴り/構造の近いメソッドが存在(ドキュメントの誤字、またはメソッド名自体の変更(接頭辞付与など)の可能性): all, all= / 4.0でも同様に not-found(Gem::Specification 自身に綴り/構造の近いメソッドが存在(ドキュメントの誤字、またはメソッド名自体の変更(接頭辞付与など)の可能性): all, all=)
rubygems/specification	Gem::Specification	.	list	not-found	Gem::Specification は存在するが list はどの形(instance/singleton/const)でも存在しない / 4.0でも同様に not-found(Gem::Specification は存在するが list はどの形(instance/singleton/const)でも存在しない)
rubygems/specification	Gem::Specification	#	loaded=	not-found	Gem::Specification 自身に綴り/構造の近いメソッドが存在(ドキュメントの誤字、またはメソッド名自体の変更(接頭辞付与など)の可能性): load, conficts_when_loaded_with? / 4.0でも同様に not-found(Gem::Specification 自身に綴り/構造の近いメソッドが存在(ドキュメントの誤字、またはメソッド名自体の変更(接頭辞付与など)の可能性): load, conflicts_when_loaded_with?, find_unloaded_by_path)
rubygems/specification	Gem::Specification	#	loaded?	not-found	Gem::Specification 自身に綴り/構造の近いメソッドが存在(ドキュメントの誤字、またはメソッド名自体の変更(接頭辞付与など)の可能性): load, conficts_when_loaded_with? / 4.0でも同様に not-found(Gem::Specification 自身に綴り/構造の近いメソッドが存在(ドキュメントの誤字、またはメソッド名自体の変更(接頭辞付与など)の可能性): load, conflicts_when_loaded_with?, find_unloaded_by_path)
rubygems/specification	Gem::Specification	.	overwrite_accessor	not-found	Gem::Specification は存在するが overwrite_accessor はどの形(instance/singleton/const)でも存在しない / 4.0でも同様に not-found(Gem::Specification は存在するが overwrite_accessor はどの形(instance/singleton/const)でも存在しない)
rubygems/specification	Gem::Specification	.	read_only	not-found	Gem::Specification は存在するが read_only はどの形(instance/singleton/const)でも存在しない / 4.0でも同様に not-found(Gem::Specification は存在するが read_only はどの形(instance/singleton/const)でも存在しない)
rubygems/specification	Gem::Specification	.	required_attribute	not-found	Gem::Specification 自身に綴り/構造の近いメソッドが存在(ドキュメントの誤字、またはメソッド名自体の変更(接頭辞付与など)の可能性): required_attributes / 4.0でも同様に not-found(Gem::Specification 自身に綴り/構造の近いメソッドが存在(ドキュメントの誤字、またはメソッド名自体の変更(接頭辞付与など)の可能性): required_attributes)
rubygems/specification	Gem::Specification	#	test_suite_file	not-found	Gem::Specification は存在するが test_suite_file はどの形(instance/singleton/const)でも存在しない / 4.0でも同様に not-found(Gem::Specification は存在するが test_suite_file はどの形(instance/singleton/const)でも存在しない)
rubygems/specification	Gem::Specification	#	test_suite_file=	not-found	Gem::Specification は存在するが test_suite_file= はどの形(instance/singleton/const)でも存在しない / 4.0でも同様に not-found(Gem::Specification は存在するが test_suite_file= はどの形(instance/singleton/const)でも存在しない)
rubygems/validator	Gem::Validator	#	remove_leading_dot_dir	not-found	Gem::Validator は存在するが remove_leading_dot_dir はどの形(instance/singleton/const)でも存在しない / 4.0でも同様に not-found(Gem::Validator は存在するが remove_leading_dot_dir はどの形(instance/singleton/const)でも存在しない)
rubygems/validator	Gem::Validator	#	unit_test	not-found	Gem::Validator は存在するが unit_test はどの形(instance/singleton/const)でも存在しない / 4.0でも同様に not-found(Gem::Validator は存在するが unit_test はどの形(instance/singleton/const)でも存在しない)
rubygems/validator	Gem::Validator	#	verify_gem	not-found	Gem::Validator は存在するが verify_gem はどの形(instance/singleton/const)でも存在しない / 4.0でも同様に not-found(Gem::Validator は存在するが verify_gem はどの形(instance/singleton/const)でも存在しない)
rubygems/validator	Gem::Validator	#	verify_gem_file	not-found	Gem::Validator は存在するが verify_gem_file はどの形(instance/singleton/const)でも存在しない / 4.0でも同様に not-found(Gem::Validator は存在するが verify_gem_file はどの形(instance/singleton/const)でも存在しない)
singleton	Singleton	.	instance	not-found	Singleton は存在するが instance はどの形(instance/singleton/const)でも存在しない / 4.0でも同様に not-found(Singleton は存在するが instance はどの形(instance/singleton/const)でも存在しない)
socket	SOCKSSocket	#	close	not-found	クラス自体が解決できず、名前が類似するクラスも見つからなかった / 4.0でも同様に not-found(クラス自体が解決できず、名前が類似するクラスも見つからなかった)
socket	SOCKSSocket	.	new	not-found	クラス自体が解決できず、名前が類似するクラスも見つからなかった / 4.0でも同様に not-found(クラス自体が解決できず、名前が類似するクラスも見つからなかった)
socket	SOCKSSocket	.	open	not-found	クラス自体が解決できず、名前が類似するクラスも見つからなかった / 4.0でも同様に not-found(クラス自体が解決できず、名前が類似するクラスも見つからなかった)
socket	Socket::Ifaddr	#	vhid	env	Socket::Ifaddr は libc 由来の Struct でメンバー構成が OS 依存(例: age/change/comment/expire/quota/uclass は BSD 系のみ、vhid は FreeBSD の CARP 関連フィールド)。このサンドボックス(Linux)には無いだけで、対象 OS では存在しうる。aggregate.rb の PLATFORM_CLASSES(Socket/Etc の `::` 定数)と同種の環境要因。実測: Socket::Ifaddr.members(またはinstance_methods) に vhid が含まれない / 元判定: Socket::Ifaddr は存在するが vhid はどの形(instance/singleton/const)でも存在しない / 4.0でも同様に not-found(Socket::Ifaddr は存在するが vhid はどの形(instance/singleton/const)でも存在しない)
strscan	StringScanner	#	matchedsize	not-found	StringScanner 自身に綴り/構造の近いメソッドが存在(ドキュメントの誤字、またはメソッド名自体の変更(接頭辞付与など)の可能性): matched_size, match?, size / 4.0でも同様に not-found(StringScanner 自身に綴り/構造の近いメソッドが存在(ドキュメントの誤字、またはメソッド名自体の変更(接頭辞付与など)の可能性): matched_size, matched?, match?)
syslog	Syslog::Facility	::	LOG_CONSOLE	not-found	Syslog::Facility は存在するが LOG_CONSOLE はどの形(instance/singleton/const)でも存在しない / 4.0でも同様に not-found(Syslog::Facility は存在するが LOG_CONSOLE はどの形(instance/singleton/const)でも存在しない)
syslog	Syslog::Facility	::	LOG_NTP	not-found	Syslog::Facility は存在するが LOG_NTP はどの形(instance/singleton/const)でも存在しない / 4.0でも同様に not-found(Syslog::Facility は存在するが LOG_NTP はどの形(instance/singleton/const)でも存在しない)
syslog	Syslog::Facility	::	LOG_SECURITY	not-found	Syslog::Facility は存在するが LOG_SECURITY はどの形(instance/singleton/const)でも存在しない / 4.0でも同様に not-found(Syslog::Facility は存在するが LOG_SECURITY はどの形(instance/singleton/const)でも存在しない)
zlib	Zlib::GzipFile	#	path	not-found	Zlib::GzipFile は存在するが path はどの形(instance/singleton/const)でも存在しない / 4.0でも同様に not-found(Zlib::GzipFile は存在するが path はどの形(instance/singleton/const)でも存在しない)
