bucket	lib	class	type	name	3.03.13.23.33.44.0
new-only-ng	English	Kernel	$	IGNORECASE	oooXXX
new-only-ng	bigdecimal	BigDecimal	#	precs	ooooXX
new-only-ng	cgi/util	CGI	::	RFC822_DAYS	oXXXXX
new-only-ng	cgi/util	CGI	::	RFC822_MONTHS	oXXXXX
new-only-ng	io/wait	IO	#	nread	oooooX
new-only-ng	io/wait	IO	#	ready?	oooooX
new-only-ng	irb	IRB	.	irb_at_exit	oooXXX
new-only-ng	irb/cmd/nop	IRB::ExtendCommand::Nop	#	execute	oooCCC
new-only-ng	irb/cmd/nop	IRB::ExtendCommand::Nop	.	execute	oooCCC
new-only-ng	irb/cmd/nop	IRB::ExtendCommand::Nop	#	irb_context	oooCCC
new-only-ng	irb/cmd/nop	IRB::ExtendCommand::Nop	.	new	oooCCC
new-only-ng	irb/context	IRB::Context	#	workspace=	orrXXX
new-only-ng	irb/ext/tracer	IRB::Context	#	use_tracer=	rooCCC
new-only-ng	irb/input-method	IRB	::	STDIN_FILE_NAME	oooXXX
new-only-ng	irb/input-method	IRB::InputMethod	#	file_name	oooXXX
new-only-ng	json	Class	#	json_creatable?	ooooXX
new-only-ng	net/imap	Net::IMAP	#	client_thread	ooroXX
new-only-ng	net/imap	Net::IMAP	#	client_thread=	oorXXX
new-only-ng	net/imap	Net::IMAP	.	max_flag_count	oXrXXX
new-only-ng	net/imap	Net::IMAP	.	max_flag_count=	oXrXXX
new-only-ng	net/smtp	Net::SMTP	::	Revision	oooXXX
new-only-ng	net/smtp	Net::SMTP	#	auth_cram_md5	oooXXX
new-only-ng	net/smtp	Net::SMTP	#	auth_login	oooXXX
new-only-ng	net/smtp	Net::SMTP	#	auth_plain	oooXXX
new-only-ng	openssl	OpenSSL::Config	#	[]=	oXXXXX
new-only-ng	openssl	OpenSSL::Config	#	add_value	oXXXXX
new-only-ng	openssl	OpenSSL::Config	#	section	oXXXXX
new-only-ng	openssl	OpenSSL::Config	#	value	oXXXXX
new-only-ng	openssl	OpenSSL::Engine	::	METHOD_ALL	oCCCCC
new-only-ng	openssl	OpenSSL::Engine	::	METHOD_CIPHERS	oCCCCC
new-only-ng	openssl	OpenSSL::Engine	::	METHOD_DH	oCCCCC
new-only-ng	openssl	OpenSSL::Engine	::	METHOD_DIGESTS	oCCCCC
new-only-ng	openssl	OpenSSL::Engine	::	METHOD_DSA	oCCCCC
new-only-ng	openssl	OpenSSL::Engine	::	METHOD_NONE	oCCCCC
new-only-ng	openssl	OpenSSL::Engine	::	METHOD_RAND	oCCCCC
new-only-ng	openssl	OpenSSL::Engine	::	METHOD_RSA	oCCCCC
new-only-ng	openssl	OpenSSL::Engine	.	by_id	oCCCCC
new-only-ng	openssl	OpenSSL::Engine	#	cipher	oCCCCC
new-only-ng	openssl	OpenSSL::Engine	.	cleanup	oCCCCC
new-only-ng	openssl	OpenSSL::Engine	#	cmds	oCCCCC
new-only-ng	openssl	OpenSSL::Engine	#	ctrl_cmd	oCCCCC
new-only-ng	openssl	OpenSSL::Engine	#	digest	oCCCCC
new-only-ng	openssl	OpenSSL::Engine	.	engines	oCCCCC
new-only-ng	openssl	OpenSSL::Engine	#	finish	oCCCCC
new-only-ng	openssl	OpenSSL::Engine	#	id	oCCCCC
new-only-ng	openssl	OpenSSL::Engine	.	load	oCCCCC
new-only-ng	openssl	OpenSSL::Engine	#	load_private_key	oCCCCC
new-only-ng	openssl	OpenSSL::Engine	#	load_public_key	oCCCCC
new-only-ng	openssl	OpenSSL::Engine	#	name	oCCCCC
new-only-ng	openssl	OpenSSL::Engine	#	set_default	oCCCCC
new-only-ng	pathname	Pathname	::	TO_PATH	oooooX
new-only-ng	prism	Prism::Source	#	byte_offset	----oX
new-only-ng	readline	Readline	.	set_screen_size	oooXXX
new-only-ng	rubygems	Gem	::	ConfigMap	oooooX
new-only-ng	rubygems	Gem	::	RubyGemsVersion	oooooX
new-only-ng	rubygems/dependency_installer	Gem::DependencyInstaller	#	find_gems_with_sources	oooooX
new-only-ng	rubygems/installer	Gem::Installer	.	path_warning	oooXXX
new-only-ng	rubygems/installer	Gem::Installer	.	path_warning=	oooXXX
new-only-ng	rubygems/installer	Gem::Installer	#	unpack	oooooX
new-only-ng	rubygems/platform	Gem::Platform	.	match	oooooX
new-only-ng	rubygems/specification	Gem::Specification	#	default_executable	oooooX
new-only-ng	rubygems/specification	Gem::Specification	#	default_executable=	oooooX
new-only-ng	rubygems/specification	Gem::Specification	#	has_rdoc	oooooX
new-only-ng	rubygems/specification	Gem::Specification	#	has_rdoc=	oooooX
new-only-ng	rubygems/specification	Gem::Specification	#	has_rdoc?	oooooX
new-only-ng	rubygems/specification	Gem::Specification	#	mark_version	oooXXX
new-only-ng	strscan	StringScanner	#	clear	ooooXX
new-only-ng	strscan	StringScanner	#	empty?	ooooXX
new-only-ng	strscan	StringScanner	#	getbyte	ooooXX
new-only-ng	strscan	StringScanner	#	peep	ooooXX
new-only-ng	strscan	StringScanner	#	restsize	ooooXX
new-only-ng	uri	URI	::	UNSAFE	ooooXX
old-only-ng	openssl	OpenSSL::Random	.#	pseudo_bytes	XXXXXo
old-only-ng	prism	Prism::Node	#	accept	---Xoo
old-only-ng	prism	Prism::Node	#	child_nodes	---Xoo
old-only-ng	prism	Prism::Node	#	comment_targets	---Xoo
old-only-ng	prism	Prism::Node	#	compact_child_nodes	---Xoo
old-only-ng	prism	Prism::Node	#	deconstruct	---Xoo
old-only-ng	prism	Prism::Node	#	type	---Xoo
old-only-ng	prism	Prism::Node	.	type	---Xoo
old-only-ng	readline	Readline	.	basic_quote_characters	Xooooo
old-only-ng	readline	Readline	.	basic_quote_characters=	Xooooo
old-only-ng	readline	Readline	.	emacs_editing_mode	XXXooo
old-only-ng	readline	Readline	.	filename_quote_characters	XXXooo
old-only-ng	readline	Readline	.	filename_quote_characters=	XXXooo
old-only-ng	readline	Readline	.	vi_editing_mode	XXXooo
always-ng	bigdecimal	BigDecimal	#	save_exception_mode	XXXXXX
always-ng	bigdecimal	BigDecimal	#	save_limit	XXXXXX
always-ng	bigdecimal	BigDecimal	#	save_rounding_mode	XXXXXX
always-ng	cgi/cookie	CGI::Cookie	#	httopnly	XXXXXr
always-ng	cgi/cookie	CGI::Cookie	#	httopnly=	XXXXXr
always-ng	cgi/core	CGI	::	MAX_MULTIPART_LENGTH	XXXXXr
always-ng	cgi/core	CGI::QueryExtension::Value	#	[]	CCCCCr
always-ng	cgi/core	CGI::QueryExtension::Value	#	first	CCCCCr
always-ng	cgi/core	CGI::QueryExtension::Value	#	last	CCCCCr
always-ng	cgi/core	CGI::QueryExtension::Value	#	set_params	CCCCCr
always-ng	cgi/core	CGI::QueryExtension::Value	#	to_a	CCCCCr
always-ng	cgi/core	CGI::QueryExtension::Value	#	to_ary	CCCCCr
always-ng	cgi/html	CGI::Html3	#	element_init	XXXXXr
always-ng	cgi/html	CGI::Html4	#	element_init	XXXXXr
always-ng	cgi/html	CGI::Html4Fr	#	element_init	XXXXXr
always-ng	cgi/html	CGI::Html4Tr	#	element_init	XXXXXr
always-ng	date	DateTime	.	today	XXXXXX
always-ng	etc	Etc::Passwd	#	age	XXXXXX
always-ng	etc	Etc::Passwd	#	age=	XXXXXX
always-ng	etc	Etc::Passwd	#	change	XXXXXX
always-ng	etc	Etc::Passwd	#	change=	XXXXXX
always-ng	etc	Etc::Passwd	#	comment	XXXXXX
always-ng	etc	Etc::Passwd	#	comment=	XXXXXX
always-ng	etc	Etc::Passwd	#	expire	XXXXXX
always-ng	etc	Etc::Passwd	#	expire=	XXXXXX
always-ng	etc	Etc::Passwd	#	quota	XXXXXX
always-ng	etc	Etc::Passwd	#	quota=	XXXXXX
always-ng	etc	Etc::Passwd	#	uclass	XXXXXX
always-ng	etc	Etc::Passwd	#	uclass=	XXXXXX
always-ng	fiddle	Fiddle	.	win32_last_error	rXXXXX
always-ng	fiddle	Fiddle	.	win32_last_error=	rXXXXX
always-ng	fiddle	Fiddle::Function	::	STDCALL	rXXXXX
always-ng	fiddle/import	Fiddle::CStruct	.	malloc	rXXXXX
always-ng	fiddle/import	Fiddle::CStruct	.	size	rXXXXX
always-ng	fiddle/import	Fiddle::CStruct	#	to_i	rXXXXX
always-ng	fiddle/import	Fiddle::CStruct	#	to_ptr	rXXXXX
always-ng	irb/context	IRB::Context	#	debug?	XrrXXX
always-ng	irb/context	IRB::Context	#	debug_level	XrrXXX
always-ng	irb/context	IRB::Context	#	debug_level=	XrrXXX
always-ng	irb/ext/tracer	IRB::Context	#	use_tracer	rXXCCC
always-ng	irb/ext/tracer	IRB::Context	#	use_tracer?	rXXCCC
always-ng	irb/input-method	IRB::InputMethod	#	readable_atfer_eof?	XXXXXX
always-ng	irb/input-method	IRB::ReadlineInputMethod	#	readable_atfer_eof?	XXXXXX
always-ng	irb/input-method	IRB::StdioInputMethod	#	readable_atfer_eof?	XXXXXX
always-ng	irb/magic-file	IRB::MagicFile	.	ENCODING_SPEC_RE	XXX---
always-ng	json	JSON	::	VARIANT_BINARY	XXXXXX
always-ng	json	JSON::Generator::GeneratorMethods::Array	#	to_json	CCCCCC
always-ng	json	JSON::Generator::GeneratorMethods::FalseClass	#	to_json	CCCCCC
always-ng	json	JSON::Generator::GeneratorMethods::Float	#	to_json	CCCCCC
always-ng	json	JSON::Generator::GeneratorMethods::Hash	#	to_json	CCCCCC
always-ng	json	JSON::Generator::GeneratorMethods::Integer	#	to_json	CCCCCC
always-ng	json	JSON::Generator::GeneratorMethods::NilClass	#	to_json	CCCCCC
always-ng	json	JSON::Generator::GeneratorMethods::Object	#	to_json	CCCCCC
always-ng	json	JSON::Generator::GeneratorMethods::String	#	to_json	CCCCCC
always-ng	json	JSON::Generator::GeneratorMethods::String	#	to_json_raw	CCCCCC
always-ng	json	JSON::Generator::GeneratorMethods::String	#	to_json_raw_object	CCCCCC
always-ng	json	JSON::Generator::GeneratorMethods::String::Extend	.	json_create	CCCCCC
always-ng	json	JSON::Generator::GeneratorMethods::TrueClass	#	to_json	CCCCCC
always-ng	mutex_m	Mutex_m	#	lock	XXXXXX
always-ng	mutex_m	Mutex_m	#	locked?	XXXXXX
always-ng	mutex_m	Mutex_m	#	synchronize	XXXXXX
always-ng	mutex_m	Mutex_m	#	try_lock	XXXXXX
always-ng	mutex_m	Mutex_m	#	unlock	XXXXXX
always-ng	net/http	Net::HTTPHeader	#	method	XXXXXX
always-ng	net/http	Net::HTTPResponse	#	reader_header	XXXXXX
always-ng	net/pop	Net::POP3	::	Revision	XXXXXX
always-ng	openssl	OpenSSL::Digest::DSS	.	digest	CCCCCC
always-ng	openssl	OpenSSL::Digest::DSS	.	hexdigest	CCCCCC
always-ng	openssl	OpenSSL::Digest::DSS	.	new	CCCCCC
always-ng	openssl	OpenSSL::Digest::DSS1	.	digest	CCCCCC
always-ng	openssl	OpenSSL::Digest::DSS1	.	hexdigest	CCCCCC
always-ng	openssl	OpenSSL::Digest::DSS1	.	new	CCCCCC
always-ng	openssl	OpenSSL::Digest::MD2	.	digest	CCCCCC
always-ng	openssl	OpenSSL::Digest::MD2	.	hexdigest	CCCCCC
always-ng	openssl	OpenSSL::Digest::MD2	.	new	CCCCCC
always-ng	openssl	OpenSSL::Digest::MDC2	.	digest	CCCCCC
always-ng	openssl	OpenSSL::Digest::MDC2	.	hexdigest	CCCCCC
always-ng	openssl	OpenSSL::Digest::MDC2	.	new	CCCCCC
always-ng	openssl	OpenSSL::Digest::SHA	.	digest	CCCCCC
always-ng	openssl	OpenSSL::Digest::SHA	.	hexdigest	CCCCCC
always-ng	openssl	OpenSSL::Digest::SHA	.	new	CCCCCC
always-ng	openssl	OpenSSL::PKCS7::SignerInfo	#	name	XXXXXX
always-ng	openssl	OpenSSL::PKey::DH	#	g=	XXXXXX
always-ng	openssl	OpenSSL::PKey::DH	#	p=	XXXXXX
always-ng	openssl	OpenSSL::PKey::DH	#	priv_key=	XXXXXX
always-ng	openssl	OpenSSL::PKey::DH	#	pub_key=	XXXXXX
always-ng	openssl	OpenSSL::PKey::DSA	#	g=	XXXXXX
always-ng	openssl	OpenSSL::PKey::DSA	#	p=	XXXXXX
always-ng	openssl	OpenSSL::PKey::DSA	#	priv_key=	XXXXXX
always-ng	openssl	OpenSSL::PKey::DSA	#	pub_key=	XXXXXX
always-ng	openssl	OpenSSL::PKey::DSA	#	q=	XXXXXX
always-ng	openssl	OpenSSL::PKey::RSA	#	d=	XXXXXX
always-ng	openssl	OpenSSL::PKey::RSA	#	dmp1=	XXXXXX
always-ng	openssl	OpenSSL::PKey::RSA	#	dmq1=	XXXXXX
always-ng	openssl	OpenSSL::PKey::RSA	#	e=	XXXXXX
always-ng	openssl	OpenSSL::PKey::RSA	#	iqmp=	XXXXXX
always-ng	openssl	OpenSSL::PKey::RSA	#	n=	XXXXXX
always-ng	openssl	OpenSSL::PKey::RSA	#	p=	XXXXXX
always-ng	openssl	OpenSSL::PKey::RSA	#	q=	XXXXXX
always-ng	openssl	OpenSSL::Random	.#	egd	XXXXXX
always-ng	openssl	OpenSSL::Random	.#	egd_bytes	XXXXXX
always-ng	ostruct	OpenStruct	#	modifiable	XXXXXX
always-ng	ostruct	OpenStruct	#	new_ostruct_member	XXXXXX
always-ng	prism	Prism::Node	#	copy	---XXX
always-ng	prism	Prism::Node	#	deconstruct_keys	---XXX
always-ng	pstore	PStore::DummyMutex	#	synchronize	CCCCCC
always-ng	psych	Kernel	#	y	XXXXXX
always-ng	rake	Kernel	#	desc	XXXXXX
always-ng	rake	Kernel	#	directory	XXXXXX
always-ng	rake	Kernel	#	file	XXXXXX
always-ng	rake	Kernel	#	file_create	XXXXXX
always-ng	rake	Kernel	#	import	XXXXXX
always-ng	rake	Kernel	#	multitask	XXXXXX
always-ng	rake	Kernel	#	namespace	XXXXXX
always-ng	rake	Kernel	#	rule	XXXXXX
always-ng	rake	Kernel	#	task	XXXXXX
always-ng	rake	Rake::Cloneable	#	clone	XXXXXX
always-ng	rake	Rake::Cloneable	#	dup	XXXXXX
always-ng	rake	Rake::TaskManager	#	last_comment	XXXXXX
always-ng	resolv-replace	SOCKSSocket	.	new	CCCCCC
always-ng	rexml/document	REXML::Formatters::Transitive	.	new	CCCCCC
always-ng	ripper/filter	Ripper::Filter	#	on_XXX	XXXXXX
always-ng	rss	DublinCoreModel	#	dc_contributor	CCCCCC
always-ng	rss	DublinCoreModel	#	dc_contributor=	CCCCCC
always-ng	rss	DublinCoreModel	#	dc_contributors	CCCCCC
always-ng	rss	DublinCoreModel	#	dc_coverage	CCCCCC
always-ng	rss	DublinCoreModel	#	dc_coverage=	CCCCCC
always-ng	rss	DublinCoreModel	#	dc_coverages	CCCCCC
always-ng	rss	DublinCoreModel	#	dc_creator	CCCCCC
always-ng	rss	DublinCoreModel	#	dc_creator=	CCCCCC
always-ng	rss	DublinCoreModel	#	dc_creators	CCCCCC
always-ng	rss	DublinCoreModel	#	dc_date	CCCCCC
always-ng	rss	DublinCoreModel	#	dc_date=	CCCCCC
always-ng	rss	DublinCoreModel	#	dc_dates	CCCCCC
always-ng	rss	DublinCoreModel	#	dc_description	CCCCCC
always-ng	rss	DublinCoreModel	#	dc_description=	CCCCCC
always-ng	rss	DublinCoreModel	#	dc_descriptions	CCCCCC
always-ng	rss	DublinCoreModel	#	dc_format	CCCCCC
always-ng	rss	DublinCoreModel	#	dc_format=	CCCCCC
always-ng	rss	DublinCoreModel	#	dc_formats	CCCCCC
always-ng	rss	DublinCoreModel	#	dc_identifier	CCCCCC
always-ng	rss	DublinCoreModel	#	dc_identifier=	CCCCCC
always-ng	rss	DublinCoreModel	#	dc_identifiers	CCCCCC
always-ng	rss	DublinCoreModel	#	dc_language	CCCCCC
always-ng	rss	DublinCoreModel	#	dc_language=	CCCCCC
always-ng	rss	DublinCoreModel	#	dc_languages	CCCCCC
always-ng	rss	DublinCoreModel	#	dc_publisher	CCCCCC
always-ng	rss	DublinCoreModel	#	dc_publisher=	CCCCCC
always-ng	rss	DublinCoreModel	#	dc_publishers	CCCCCC
always-ng	rss	DublinCoreModel	#	dc_relation	CCCCCC
always-ng	rss	DublinCoreModel	#	dc_relation=	CCCCCC
always-ng	rss	DublinCoreModel	#	dc_relations	CCCCCC
always-ng	rss	DublinCoreModel	#	dc_rights	CCCCCC
always-ng	rss	DublinCoreModel	#	dc_rights=	CCCCCC
always-ng	rss	DublinCoreModel	#	dc_rightses	CCCCCC
always-ng	rss	DublinCoreModel	#	dc_source	CCCCCC
always-ng	rss	DublinCoreModel	#	dc_source=	CCCCCC
always-ng	rss	DublinCoreModel	#	dc_sources	CCCCCC
always-ng	rss	DublinCoreModel	#	dc_subject	CCCCCC
always-ng	rss	DublinCoreModel	#	dc_subject=	CCCCCC
always-ng	rss	DublinCoreModel	#	dc_subjects	CCCCCC
always-ng	rss	DublinCoreModel	#	dc_title	CCCCCC
always-ng	rss	DublinCoreModel	#	dc_title=	CCCCCC
always-ng	rss	DublinCoreModel	#	dc_titles	CCCCCC
always-ng	rss	DublinCoreModel	#	dc_type	CCCCCC
always-ng	rss	DublinCoreModel	#	dc_type=	CCCCCC
always-ng	rss	DublinCoreModel	#	dc_types	CCCCCC
always-ng	rss	RSS::BaseTrackBackModel	#	trackback_about	XXXXXX
always-ng	rss	RSS::BaseTrackBackModel	#	trackback_about=	XXXXXX
always-ng	rss	RSS::BaseTrackBackModel	#	trackback_abouts	XXXXXX
always-ng	rss	RSS::BaseTrackBackModel	#	trackback_ping	XXXXXX
always-ng	rss	RSS::BaseTrackBackModel	#	trackback_ping=	XXXXXX
always-ng	rss	RSS::ContentModel	#	content_encoded	XXXXXX
always-ng	rss	RSS::ContentModel	#	content_encoded=	XXXXXX
always-ng	rss	RSS::ImageFaviconModel	#	image_favicon	XXXXXX
always-ng	rss	RSS::ImageFaviconModel	#	image_favicon=	XXXXXX
always-ng	rss	RSS::ImageItemModel	#	image_item	XXXXXX
always-ng	rss	RSS::ImageItemModel	#	image_item=	XXXXXX
always-ng	rss	RSS::RDF	#	rss_version=	XXXXXX
always-ng	rss	RSS::RDF::Channel::ImageFavicon	#	about	CCCCCC
always-ng	rss	RSS::RDF::Channel::ImageFavicon	#	about=	CCCCCC
always-ng	rss	RSS::RDF::Channel::ImageFavicon	#	date	CCCCCC
always-ng	rss	RSS::RDF::Channel::ImageFavicon	#	date=	CCCCCC
always-ng	rss	RSS::RDF::Channel::ImageFavicon	#	image_size	CCCCCC
always-ng	rss	RSS::RDF::Channel::ImageFavicon	#	image_size=	CCCCCC
always-ng	rss	RSS::RDF::Channel::ImageFavicon	#	size	CCCCCC
always-ng	rss	RSS::RDF::Channel::ImageFavicon	#	size=	CCCCCC
always-ng	rss	RSS::Rss::SkipDays	#	day	CCCCCC
always-ng	rss	RSS::Rss::SkipDays	#	day=	CCCCCC
always-ng	rss	RSS::Rss::SkipDays	#	days	CCCCCC
always-ng	rss	RSS::Rss::SkipHours	#	hour	CCCCCC
always-ng	rss	RSS::Rss::SkipHours	#	hour=	CCCCCC
always-ng	rss	RSS::Rss::SkipHours	#	hours	CCCCCC
always-ng	rss	RSS::SyndicationModel	#	sy_updateBase	XXXXXX
always-ng	rss	RSS::SyndicationModel	#	sy_updateBase=	XXXXXX
always-ng	rss	RSS::SyndicationModel	#	sy_updateFrequency	XXXXXX
always-ng	rss	RSS::SyndicationModel	#	sy_updateFrequency=	XXXXXX
always-ng	rss	RSS::SyndicationModel	#	sy_updatePeriod	XXXXXX
always-ng	rss	RSS::SyndicationModel	#	sy_updatePeriod=	XXXXXX
always-ng	rss	RSS::TaxonomyTopicModel	#	taxo_topic	XXXXXX
always-ng	rss	RSS::TaxonomyTopicModel	#	taxo_topic=	XXXXXX
always-ng	rss	RSS::TaxonomyTopicsModel	#	taxo_topics	XXXXXX
always-ng	rubygems	Gem	::	DIRECTORIES	XXXXXX
always-ng	rubygems	Gem	::	RubyGemsPackageVersion	XXXXXX
always-ng	rubygems	Gem	.#	set_home	XXXXXX
always-ng	rubygems	Gem	.#	set_paths	XXXXXX
always-ng	rubygems	Gem	.#	source_index	XXXXXX
always-ng	rubygems	Gem::LoadError	#	version_requirement	XXXXXX
always-ng	rubygems	Gem::LoadError	#	version_requirement=	XXXXXX
always-ng	rubygems	Gem::QuickLoader	::	GemPaths	CCCCCC
always-ng	rubygems	Gem::QuickLoader	::	GemVersions	CCCCCC
always-ng	rubygems	Gem::QuickLoader	#	calculate_integers_for_gem_version	CCCCCC
always-ng	rubygems	Gem::QuickLoader	#	const_missing	CCCCCC
always-ng	rubygems	Gem::QuickLoader	.	load_full_rubygems_library	CCCCCC
always-ng	rubygems	Gem::QuickLoader	#	method_missing	CCCCCC
always-ng	rubygems	Gem::QuickLoader	#	push_all_highest_version_gems_on_load_path	CCCCCC
always-ng	rubygems	Gem::QuickLoader	#	push_gem_version_on_load_path	CCCCCC
always-ng	rubygems/commands/build_command	Gem::Commands::BuildCommand	#	load_gemspecs	XXXXXX
always-ng	rubygems/commands/build_command	Gem::Commands::BuildCommand	#	yaml?	XXXXXX
always-ng	rubygems/commands/dependency_command	Gem::Commands::DependencyCommand	#	find_gems	XXXXXX
always-ng	rubygems/commands/update_command	Gem::Commands::UpdateCommand	#	do_rubygems_update	XXXXXX
always-ng	rubygems/commands/which_command	Gem::Commands::WhichCommand	::	EXT	XXXXXX
always-ng	rubygems/commands/which_command	Gem::Commands::WhichCommand	#	gem_paths	XXXXXX
always-ng	rubygems/config_file	Gem::ConfigFile	::	DEFAULT_BENCHMARK	XXXXXX
always-ng	rubygems/config_file	Gem::ConfigFile	#	benchmark	XXXXXX
always-ng	rubygems/config_file	Gem::ConfigFile	#	benchmark=	XXXXXX
always-ng	rubygems/defaults	Gem	.	default_system_source_cache_dir	XXXXXX
always-ng	rubygems/defaults	Gem	.	default_user_source_cache_dir	XXXXXX
always-ng	rubygems/dependency	Gem::Dependency	#	version_requirements	XXXXXX
always-ng	rubygems/dependency	Gem::Dependency	#	version_requirements=	XXXXXX
always-ng	rubygems/dependency_installer	Gem::DependencyInstaller	#	find_spec_by_name_and_version	XXXXXX
always-ng	rubygems/dependency_installer	Gem::DependencyInstaller	#	gather_dependencies	XXXXXX
always-ng	rubygems/dependency_installer	Gem::DependencyInstaller	#	gems_to_install	XXXXXX
always-ng	rubygems/dependency_list	Gem::DependencyList	.	from_source_index	XXXXXX
always-ng	rubygems/indexer	Gem::Indexer	#	abbreviate	XXXrrr
always-ng	rubygems/indexer	Gem::Indexer	#	collect_specs	XXXrrr
always-ng	rubygems/indexer	Gem::Indexer	#	sanitize	XXXrrr
always-ng	rubygems/indexer	Gem::Indexer	#	sanitize_string	XXXrrr
always-ng	rubygems/installer	Gem::Installer	.	home_install_warning	XXXXXX
always-ng	rubygems/installer	Gem::Installer	.	home_install_warning=	XXXXXX
always-ng	rubygems/package	Gem::FileOperations	.	new	CCCCCC
always-ng	rubygems/package	Gem::Package	.	pack	XXXXXX
always-ng	rubygems/security	Gem::Security	::	OPT	XXXXXX
always-ng	rubygems/security	Gem::Security	.	add_trusted_cert	XXXXXX
always-ng	rubygems/security	Gem::Security	.	build_cert	XXXXXX
always-ng	rubygems/security	Gem::Security	.	build_self_signed_cert	XXXXXX
always-ng	rubygems/security	Gem::Security	.	sign_cert	XXXXXX
always-ng	rubygems/security	Gem::Security	.	verify_trust_dir	XXXXXX
always-ng	rubygems/security	Gem::Security::Policy	.	trusted_cert_path	XXXXXX
always-ng	rubygems/security	Gem::Security::Policy	#	verify_gem	XXXXXX
always-ng	rubygems/server	Gem::Server	#	Marshal	X-----
always-ng	rubygems/server	Gem::Server	#	yaml	X-----
always-ng	rubygems/spec_fetcher	Gem::SpecFetcher	#	cache_dir	XXXXXX
always-ng	rubygems/spec_fetcher	Gem::SpecFetcher	#	dir	XXXXXX
always-ng	rubygems/spec_fetcher	Gem::SpecFetcher	#	fetch	XXXXXX
always-ng	rubygems/spec_fetcher	Gem::SpecFetcher	#	fetch_spec	XXXXXX
always-ng	rubygems/spec_fetcher	Gem::SpecFetcher	#	find_matching	XXXXXX
always-ng	rubygems/spec_fetcher	Gem::SpecFetcher	#	legacy_repos	XXXXXX
always-ng	rubygems/spec_fetcher	Gem::SpecFetcher	#	list	XXXXXX
always-ng	rubygems/spec_fetcher	Gem::SpecFetcher	#	load_specs	XXXXXX
always-ng	rubygems/spec_fetcher	Gem::SpecFetcher	#	warn_legacy	XXXXXX
always-ng	rubygems/specification	Gem::Specification	.	array_attribute	XXXXXX
always-ng	rubygems/specification	Gem::Specification	#	assign_defaults	XXXXXX
always-ng	rubygems/specification	Gem::Specification	.	attribute	XXXXXX
always-ng	rubygems/specification	Gem::Specification	.	attribute_alias_singular	XXXXXX
always-ng	rubygems/specification	Gem::Specification	.	attribute_defaults	XXXXXX
always-ng	rubygems/specification	Gem::Specification	.	attributes	XXXXXX
always-ng	rubygems/specification	Gem::Specification	.	default_value	XXXXXX
always-ng	rubygems/specification	Gem::Specification	#	installation_path	XXXXXX
always-ng	rubygems/specification	Gem::Specification	.	list	XXXXXX
always-ng	rubygems/specification	Gem::Specification	#	loaded=	XXXXXX
always-ng	rubygems/specification	Gem::Specification	#	loaded?	XXXXXX
always-ng	rubygems/specification	Gem::Specification	.	overwrite_accessor	XXXXXX
always-ng	rubygems/specification	Gem::Specification	.	read_only	XXXXXX
always-ng	rubygems/specification	Gem::Specification	.	required_attribute	XXXXXX
always-ng	rubygems/specification	Gem::Specification	#	test_suite_file	XXXXXX
always-ng	rubygems/specification	Gem::Specification	#	test_suite_file=	XXXXXX
always-ng	rubygems/validator	Gem::Validator	#	remove_leading_dot_dir	XXXXXX
always-ng	rubygems/validator	Gem::Validator	#	unit_test	XXXXXX
always-ng	rubygems/validator	Gem::Validator	#	verify_gem	XXXXXX
always-ng	rubygems/validator	Gem::Validator	#	verify_gem_file	XXXXXX
always-ng	singleton	Singleton	.	instance	XXXXXX
always-ng	socket	SOCKSSocket	#	close	CCCCCC
always-ng	socket	SOCKSSocket	.	new	CCCCCC
always-ng	socket	SOCKSSocket	.	open	CCCCCC
always-ng	socket	Socket::Ifaddr	#	vhid	XXXXXX
always-ng	strscan	StringScanner	#	matchedsize	XXXXXX
always-ng	syslog	Syslog::Facility	::	LOG_CONSOLE	XXXXXX
always-ng	syslog	Syslog::Facility	::	LOG_NTP	XXXXXX
always-ng	syslog	Syslog::Facility	::	LOG_SECURITY	XXXXXX
always-ng	yaml/dbm	YAML::DBM	::	VERSION	rrrrCC
always-ng	yaml/dbm	YAML::DBM	#	[]	rrrrCC
always-ng	yaml/dbm	YAML::DBM	#	[]=	rrrrCC
always-ng	yaml/dbm	YAML::DBM	#	delete	rrrrCC
always-ng	yaml/dbm	YAML::DBM	#	delete_if	rrrrCC
always-ng	yaml/dbm	YAML::DBM	#	each	rrrrCC
always-ng	yaml/dbm	YAML::DBM	#	each_pair	rrrrCC
always-ng	yaml/dbm	YAML::DBM	#	each_value	rrrrCC
always-ng	yaml/dbm	YAML::DBM	#	fetch	rrrrCC
always-ng	yaml/dbm	YAML::DBM	#	has_value?	rrrrCC
always-ng	yaml/dbm	YAML::DBM	#	index	rrrrCC
always-ng	yaml/dbm	YAML::DBM	#	invert	rrrrCC
always-ng	yaml/dbm	YAML::DBM	#	key	rrrrCC
always-ng	yaml/dbm	YAML::DBM	#	reject	rrrrCC
always-ng	yaml/dbm	YAML::DBM	#	replace	rrrrCC
always-ng	yaml/dbm	YAML::DBM	#	select	rrrrCC
always-ng	yaml/dbm	YAML::DBM	#	shift	rrrrCC
always-ng	yaml/dbm	YAML::DBM	#	store	rrrrCC
always-ng	yaml/dbm	YAML::DBM	#	to_a	rrrrCC
always-ng	yaml/dbm	YAML::DBM	#	to_hash	rrrrCC
always-ng	yaml/dbm	YAML::DBM	#	update	rrrrCC
always-ng	yaml/dbm	YAML::DBM	#	values	rrrrCC
always-ng	yaml/dbm	YAML::DBM	#	values_at	rrrrCC
always-ng	zlib	Zlib::GzipFile	#	path	XXXXXX
platform-const	etc	Etc	::	CS_POSIX_V7_THREADS_CFLAGS	XXXXXX
platform-const	etc	Etc	::	CS_POSIX_V7_THREADS_LDFLAGS	XXXXXX
platform-const	etc	Etc	::	PC_TIMESTAMP_RESOLUTION	XXXXXX
platform-const	etc	Etc	::	SC_CPUSET_SIZE	XXXXXX
platform-const	etc	Etc	::	SC_XOPEN_UUCP	XXXXXX
platform-const	socket	Socket	::	AF_ATM	XXXXXX
platform-const	socket	Socket	::	AF_CCITT	XXXXXX
platform-const	socket	Socket	::	AF_CHAOS	XXXXXX
platform-const	socket	Socket	::	AF_CNT	XXXXXX
platform-const	socket	Socket	::	AF_COIP	XXXXXX
platform-const	socket	Socket	::	AF_DATAKIT	XXXXXX
platform-const	socket	Socket	::	AF_DEC	XXXXXX
platform-const	socket	Socket	::	AF_DLI	XXXXXX
platform-const	socket	Socket	::	AF_E164	XXXXXX
platform-const	socket	Socket	::	AF_ECMA	XXXXXX
platform-const	socket	Socket	::	AF_HYLINK	XXXXXX
platform-const	socket	Socket	::	AF_IMPLINK	XXXXXX
platform-const	socket	Socket	::	AF_ISO	XXXXXX
platform-const	socket	Socket	::	AF_LAT	XXXXXX
platform-const	socket	Socket	::	AF_LINK	XXXXXX
platform-const	socket	Socket	::	AF_NATM	XXXXXX
platform-const	socket	Socket	::	AF_NDRV	XXXXXX
platform-const	socket	Socket	::	AF_NETBIOS	XXXXXX
platform-const	socket	Socket	::	AF_NETGRAPH	XXXXXX
platform-const	socket	Socket	::	AF_NS	XXXXXX
platform-const	socket	Socket	::	AF_OSI	XXXXXX
platform-const	socket	Socket	::	AF_PPP	XXXXXX
platform-const	socket	Socket	::	AF_PUP	XXXXXX
platform-const	socket	Socket	::	AF_SIP	XXXXXX
platform-const	socket	Socket	::	AF_SYSTEM	XXXXXX
platform-const	socket	Socket	::	AI_DEFAULT	XXXXXX
platform-const	socket	Socket	::	AI_MASK	XXXXXX
platform-const	socket	Socket	::	AI_V4MAPPED_CFG	XXXXXX
platform-const	socket	Socket	::	EAI_BADHINTS	XXXXXX
platform-const	socket	Socket	::	EAI_MAX	XXXXXX
platform-const	socket	Socket	::	EAI_PROTOCOL	XXXXXX
platform-const	socket	Socket	::	IFF_802_1Q_VLAN	XXXXXX
platform-const	socket	Socket	::	IFF_ALTPHYS	XXXXXX
platform-const	socket	Socket	::	IFF_BONDING	XXXXXX
platform-const	socket	Socket	::	IFF_BRIDGE_PORT	XXXXXX
platform-const	socket	Socket	::	IFF_CANTCHANGE	XXXXXX
platform-const	socket	Socket	::	IFF_CANTCONFIG	XXXXXX
platform-const	socket	Socket	::	IFF_DISABLE_NETPOLL	XXXXXX
platform-const	socket	Socket	::	IFF_DONT_BRIDGE	XXXXXX
platform-const	socket	Socket	::	IFF_DORMANT	XXXXXX
platform-const	socket	Socket	::	IFF_DRV_OACTIVE	XXXXXX
platform-const	socket	Socket	::	IFF_DRV_RUNNING	XXXXXX
platform-const	socket	Socket	::	IFF_DYING	XXXXXX
platform-const	socket	Socket	::	IFF_EBRIDGE	XXXXXX
platform-const	socket	Socket	::	IFF_ECHO	XXXXXX
platform-const	socket	Socket	::	IFF_ISATAP	XXXXXX
platform-const	socket	Socket	::	IFF_LINK0	XXXXXX
platform-const	socket	Socket	::	IFF_LINK1	XXXXXX
platform-const	socket	Socket	::	IFF_LINK2	XXXXXX
platform-const	socket	Socket	::	IFF_LIVE_ADDR_CHANGE	XXXXXX
platform-const	socket	Socket	::	IFF_LOWER_UP	XXXXXX
platform-const	socket	Socket	::	IFF_MACVLAN_PORT	XXXXXX
platform-const	socket	Socket	::	IFF_MASTER_8023AD	XXXXXX
platform-const	socket	Socket	::	IFF_MASTER_ALB	XXXXXX
platform-const	socket	Socket	::	IFF_MASTER_ARPMON	XXXXXX
platform-const	socket	Socket	::	IFF_MONITOR	XXXXXX
platform-const	socket	Socket	::	IFF_OACTIVE	XXXXXX
platform-const	socket	Socket	::	IFF_OVS_DATAPATH	XXXXXX
platform-const	socket	Socket	::	IFF_PPROMISC	XXXXXX
platform-const	socket	Socket	::	IFF_RENAMING	XXXXXX
platform-const	socket	Socket	::	IFF_ROUTE	XXXXXX
platform-const	socket	Socket	::	IFF_SIMPLEX	XXXXXX
platform-const	socket	Socket	::	IFF_SLAVE_INACTIVE	XXXXXX
platform-const	socket	Socket	::	IFF_SLAVE_NEEDARP	XXXXXX
platform-const	socket	Socket	::	IFF_SMART	XXXXXX
platform-const	socket	Socket	::	IFF_STATICARP	XXXXXX
platform-const	socket	Socket	::	IFF_SUPP_NOFCS	XXXXXX
platform-const	socket	Socket	::	IFF_TEAM_PORT	XXXXXX
platform-const	socket	Socket	::	IFF_TX_SKB_SHARING	XXXXXX
platform-const	socket	Socket	::	IFF_UNICAST_FLT	XXXXXX
platform-const	socket	Socket	::	IFF_VOLATILE	XXXXXX
platform-const	socket	Socket	::	IFF_WAN_HDLC	XXXXXX
platform-const	socket	Socket	::	IFF_XMIT_DST_RELEASE	XXXXXX
platform-const	socket	Socket	::	IPPROTO_BIP	XXXXXX
platform-const	socket	Socket	::	IPPROTO_EON	XXXXXX
platform-const	socket	Socket	::	IPPROTO_GGP	XXXXXX
platform-const	socket	Socket	::	IPPROTO_HELLO	XXXXXX
platform-const	socket	Socket	::	IPPROTO_MAX	XXXXXX
platform-const	socket	Socket	::	IPPROTO_ND	XXXXXX
platform-const	socket	Socket	::	IPPROTO_XTP	XXXXXX
platform-const	socket	Socket	::	IPV6_DONTFRAG	oooooX
platform-const	socket	Socket	::	IPV6_PATHMTU	oooooX
platform-const	socket	Socket	::	IPV6_RECVPATHMTU	oooooX
platform-const	socket	Socket	::	IPV6_USE_MIN_MTU	XXXXXX
platform-const	socket	Socket	::	IPX_TYPE	XXXXXX
platform-const	socket	Socket	::	IP_DONTFRAG	XXXXXX
platform-const	socket	Socket	::	IP_ONESBCAST	XXXXXX
platform-const	socket	Socket	::	IP_PORTRANGE	XXXXXX
platform-const	socket	Socket	::	IP_RECVDSTADDR	XXXXXX
platform-const	socket	Socket	::	IP_RECVIF	XXXXXX
platform-const	socket	Socket	::	IP_RECVSLLA	XXXXXX
platform-const	socket	Socket	::	IP_SENDSRCADDR	XXXXXX
platform-const	socket	Socket	::	LOCAL_CONNWAIT	XXXXXX
platform-const	socket	Socket	::	LOCAL_CREDS	XXXXXX
platform-const	socket	Socket	::	LOCAL_PEERCRED	XXXXXX
platform-const	socket	Socket	::	MSG_COMPAT	XXXXXX
platform-const	socket	Socket	::	MSG_EOF	XXXXXX
platform-const	socket	Socket	::	MSG_FLUSH	XXXXXX
platform-const	socket	Socket	::	MSG_HAVEMORE	XXXXXX
platform-const	socket	Socket	::	MSG_HOLD	XXXXXX
platform-const	socket	Socket	::	MSG_RCVMORE	XXXXXX
platform-const	socket	Socket	::	MSG_SEND	XXXXXX
platform-const	socket	Socket	::	PF_ATM	XXXXXX
platform-const	socket	Socket	::	PF_CCITT	XXXXXX
platform-const	socket	Socket	::	PF_CHAOS	XXXXXX
platform-const	socket	Socket	::	PF_CNT	XXXXXX
platform-const	socket	Socket	::	PF_COIP	XXXXXX
platform-const	socket	Socket	::	PF_DATAKIT	XXXXXX
platform-const	socket	Socket	::	PF_DEC	XXXXXX
platform-const	socket	Socket	::	PF_DLI	XXXXXX
platform-const	socket	Socket	::	PF_ECMA	XXXXXX
platform-const	socket	Socket	::	PF_HYLINK	XXXXXX
platform-const	socket	Socket	::	PF_IMPLINK	XXXXXX
platform-const	socket	Socket	::	PF_ISO	XXXXXX
platform-const	socket	Socket	::	PF_LAT	XXXXXX
platform-const	socket	Socket	::	PF_LINK	XXXXXX
platform-const	socket	Socket	::	PF_NATM	XXXXXX
platform-const	socket	Socket	::	PF_NDRV	XXXXXX
platform-const	socket	Socket	::	PF_NETBIOS	XXXXXX
platform-const	socket	Socket	::	PF_NETGRAPH	XXXXXX
platform-const	socket	Socket	::	PF_NS	XXXXXX
platform-const	socket	Socket	::	PF_OSI	XXXXXX
platform-const	socket	Socket	::	PF_PIP	XXXXXX
platform-const	socket	Socket	::	PF_PPP	XXXXXX
platform-const	socket	Socket	::	PF_PUP	XXXXXX
platform-const	socket	Socket	::	PF_RTIP	XXXXXX
platform-const	socket	Socket	::	PF_SIP	XXXXXX
platform-const	socket	Socket	::	PF_SYSTEM	XXXXXX
platform-const	socket	Socket	::	PF_XTP	XXXXXX
platform-const	socket	Socket	::	SCM_BINTIME	XXXXXX
platform-const	socket	Socket	::	SCM_CREDS	XXXXXX
platform-const	socket	Socket	::	SCM_UCRED	XXXXXX
platform-const	socket	Socket	::	SOL_ATALK	XXXXXX
platform-const	socket	Socket	::	SOL_AX25	XXXXXX
platform-const	socket	Socket	::	SOL_IPX	XXXXXX
platform-const	socket	Socket	::	SOPRI_BACKGROUND	XXXXXX
platform-const	socket	Socket	::	SOPRI_INTERACTIVE	XXXXXX
platform-const	socket	Socket	::	SOPRI_NORMAL	XXXXXX
platform-const	socket	Socket	::	SO_ACCEPTFILTER	XXXXXX
platform-const	socket	Socket	::	SO_ALLZONES	XXXXXX
platform-const	socket	Socket	::	SO_BINTIME	XXXXXX
platform-const	socket	Socket	::	SO_DONTTRUNC	XXXXXX
platform-const	socket	Socket	::	SO_MAC_EXEMPT	XXXXXX
platform-const	socket	Socket	::	SO_NKE	XXXXXX
platform-const	socket	Socket	::	SO_NOSIGPIPE	XXXXXX
platform-const	socket	Socket	::	SO_NREAD	XXXXXX
platform-const	socket	Socket	::	SO_RECVUCRED	XXXXXX
platform-const	socket	Socket	::	SO_USELOOPBACK	XXXXXX
platform-const	socket	Socket	::	SO_WANTMORE	XXXXXX
platform-const	socket	Socket	::	SO_WANTOOBFLAG	XXXXXX
platform-const	socket	Socket	::	TCP_NOOPT	XXXXXX
platform-const	socket	Socket	::	TCP_NOPUSH	XXXXXX
platform-const	socket	Socket::Constants	::	AF_ATM	XXXXXX
platform-const	socket	Socket::Constants	::	AF_CCITT	XXXXXX
platform-const	socket	Socket::Constants	::	AF_CHAOS	XXXXXX
platform-const	socket	Socket::Constants	::	AF_CNT	XXXXXX
platform-const	socket	Socket::Constants	::	AF_COIP	XXXXXX
platform-const	socket	Socket::Constants	::	AF_DATAKIT	XXXXXX
platform-const	socket	Socket::Constants	::	AF_DEC	XXXXXX
platform-const	socket	Socket::Constants	::	AF_DLI	XXXXXX
platform-const	socket	Socket::Constants	::	AF_E164	XXXXXX
platform-const	socket	Socket::Constants	::	AF_ECMA	XXXXXX
platform-const	socket	Socket::Constants	::	AF_HYLINK	XXXXXX
platform-const	socket	Socket::Constants	::	AF_IMPLINK	XXXXXX
platform-const	socket	Socket::Constants	::	AF_ISO	XXXXXX
platform-const	socket	Socket::Constants	::	AF_LAT	XXXXXX
platform-const	socket	Socket::Constants	::	AF_LINK	XXXXXX
platform-const	socket	Socket::Constants	::	AF_NATM	XXXXXX
platform-const	socket	Socket::Constants	::	AF_NDRV	XXXXXX
platform-const	socket	Socket::Constants	::	AF_NETBIOS	XXXXXX
platform-const	socket	Socket::Constants	::	AF_NETGRAPH	XXXXXX
platform-const	socket	Socket::Constants	::	AF_NS	XXXXXX
platform-const	socket	Socket::Constants	::	AF_OSI	XXXXXX
platform-const	socket	Socket::Constants	::	AF_PPP	XXXXXX
platform-const	socket	Socket::Constants	::	AF_PUP	XXXXXX
platform-const	socket	Socket::Constants	::	AF_SIP	XXXXXX
platform-const	socket	Socket::Constants	::	AF_SYSTEM	XXXXXX
platform-const	socket	Socket::Constants	::	AI_DEFAULT	XXXXXX
platform-const	socket	Socket::Constants	::	AI_MASK	XXXXXX
platform-const	socket	Socket::Constants	::	AI_V4MAPPED_CFG	XXXXXX
platform-const	socket	Socket::Constants	::	EAI_BADHINTS	XXXXXX
platform-const	socket	Socket::Constants	::	EAI_MAX	XXXXXX
platform-const	socket	Socket::Constants	::	EAI_PROTOCOL	XXXXXX
platform-const	socket	Socket::Constants	::	IFF_802_1Q_VLAN	XXXXXX
platform-const	socket	Socket::Constants	::	IFF_ALTPHYS	XXXXXX
platform-const	socket	Socket::Constants	::	IFF_BONDING	XXXXXX
platform-const	socket	Socket::Constants	::	IFF_BRIDGE_PORT	XXXXXX
platform-const	socket	Socket::Constants	::	IFF_CANTCHANGE	XXXXXX
platform-const	socket	Socket::Constants	::	IFF_CANTCONFIG	XXXXXX
platform-const	socket	Socket::Constants	::	IFF_DISABLE_NETPOLL	XXXXXX
platform-const	socket	Socket::Constants	::	IFF_DONT_BRIDGE	XXXXXX
platform-const	socket	Socket::Constants	::	IFF_DORMANT	XXXXXX
platform-const	socket	Socket::Constants	::	IFF_DRV_OACTIVE	XXXXXX
platform-const	socket	Socket::Constants	::	IFF_DRV_RUNNING	XXXXXX
platform-const	socket	Socket::Constants	::	IFF_DYING	XXXXXX
platform-const	socket	Socket::Constants	::	IFF_EBRIDGE	XXXXXX
platform-const	socket	Socket::Constants	::	IFF_ECHO	XXXXXX
platform-const	socket	Socket::Constants	::	IFF_ISATAP	XXXXXX
platform-const	socket	Socket::Constants	::	IFF_LINK0	XXXXXX
platform-const	socket	Socket::Constants	::	IFF_LINK1	XXXXXX
platform-const	socket	Socket::Constants	::	IFF_LINK2	XXXXXX
platform-const	socket	Socket::Constants	::	IFF_LIVE_ADDR_CHANGE	XXXXXX
platform-const	socket	Socket::Constants	::	IFF_LOWER_UP	XXXXXX
platform-const	socket	Socket::Constants	::	IFF_MACVLAN_PORT	XXXXXX
platform-const	socket	Socket::Constants	::	IFF_MASTER_8023AD	XXXXXX
platform-const	socket	Socket::Constants	::	IFF_MASTER_ALB	XXXXXX
platform-const	socket	Socket::Constants	::	IFF_MASTER_ARPMON	XXXXXX
platform-const	socket	Socket::Constants	::	IFF_MONITOR	XXXXXX
platform-const	socket	Socket::Constants	::	IFF_OACTIVE	XXXXXX
platform-const	socket	Socket::Constants	::	IFF_OVS_DATAPATH	XXXXXX
platform-const	socket	Socket::Constants	::	IFF_PPROMISC	XXXXXX
platform-const	socket	Socket::Constants	::	IFF_RENAMING	XXXXXX
platform-const	socket	Socket::Constants	::	IFF_ROUTE	XXXXXX
platform-const	socket	Socket::Constants	::	IFF_SIMPLEX	XXXXXX
platform-const	socket	Socket::Constants	::	IFF_SLAVE_INACTIVE	XXXXXX
platform-const	socket	Socket::Constants	::	IFF_SLAVE_NEEDARP	XXXXXX
platform-const	socket	Socket::Constants	::	IFF_SMART	XXXXXX
platform-const	socket	Socket::Constants	::	IFF_STATICARP	XXXXXX
platform-const	socket	Socket::Constants	::	IFF_SUPP_NOFCS	XXXXXX
platform-const	socket	Socket::Constants	::	IFF_TEAM_PORT	XXXXXX
platform-const	socket	Socket::Constants	::	IFF_TX_SKB_SHARING	XXXXXX
platform-const	socket	Socket::Constants	::	IFF_UNICAST_FLT	XXXXXX
platform-const	socket	Socket::Constants	::	IFF_VOLATILE	XXXXXX
platform-const	socket	Socket::Constants	::	IFF_WAN_HDLC	XXXXXX
platform-const	socket	Socket::Constants	::	IFF_XMIT_DST_RELEASE	XXXXXX
platform-const	socket	Socket::Constants	::	IPPROTO_BIP	XXXXXX
platform-const	socket	Socket::Constants	::	IPPROTO_EON	XXXXXX
platform-const	socket	Socket::Constants	::	IPPROTO_GGP	XXXXXX
platform-const	socket	Socket::Constants	::	IPPROTO_HELLO	XXXXXX
platform-const	socket	Socket::Constants	::	IPPROTO_MAX	XXXXXX
platform-const	socket	Socket::Constants	::	IPPROTO_ND	XXXXXX
platform-const	socket	Socket::Constants	::	IPPROTO_XTP	XXXXXX
platform-const	socket	Socket::Constants	::	IPV6_DONTFRAG	oooooX
platform-const	socket	Socket::Constants	::	IPV6_PATHMTU	oooooX
platform-const	socket	Socket::Constants	::	IPV6_RECVPATHMTU	oooooX
platform-const	socket	Socket::Constants	::	IPV6_USE_MIN_MTU	XXXXXX
platform-const	socket	Socket::Constants	::	IPX_TYPE	XXXXXX
platform-const	socket	Socket::Constants	::	IP_DONTFRAG	XXXXXX
platform-const	socket	Socket::Constants	::	IP_ONESBCAST	XXXXXX
platform-const	socket	Socket::Constants	::	IP_PORTRANGE	XXXXXX
platform-const	socket	Socket::Constants	::	IP_RECVDSTADDR	XXXXXX
platform-const	socket	Socket::Constants	::	IP_RECVIF	XXXXXX
platform-const	socket	Socket::Constants	::	IP_RECVSLLA	XXXXXX
platform-const	socket	Socket::Constants	::	IP_SENDSRCADDR	XXXXXX
platform-const	socket	Socket::Constants	::	LOCAL_CONNWAIT	XXXXXX
platform-const	socket	Socket::Constants	::	LOCAL_CREDS	XXXXXX
platform-const	socket	Socket::Constants	::	LOCAL_PEERCRED	XXXXXX
platform-const	socket	Socket::Constants	::	MSG_COMPAT	XXXXXX
platform-const	socket	Socket::Constants	::	MSG_EOF	XXXXXX
platform-const	socket	Socket::Constants	::	MSG_FLUSH	XXXXXX
platform-const	socket	Socket::Constants	::	MSG_HAVEMORE	XXXXXX
platform-const	socket	Socket::Constants	::	MSG_HOLD	XXXXXX
platform-const	socket	Socket::Constants	::	MSG_RCVMORE	XXXXXX
platform-const	socket	Socket::Constants	::	MSG_SEND	XXXXXX
platform-const	socket	Socket::Constants	::	PF_ATM	XXXXXX
platform-const	socket	Socket::Constants	::	PF_CCITT	XXXXXX
platform-const	socket	Socket::Constants	::	PF_CHAOS	XXXXXX
platform-const	socket	Socket::Constants	::	PF_CNT	XXXXXX
platform-const	socket	Socket::Constants	::	PF_COIP	XXXXXX
platform-const	socket	Socket::Constants	::	PF_DATAKIT	XXXXXX
platform-const	socket	Socket::Constants	::	PF_DEC	XXXXXX
platform-const	socket	Socket::Constants	::	PF_DLI	XXXXXX
platform-const	socket	Socket::Constants	::	PF_ECMA	XXXXXX
platform-const	socket	Socket::Constants	::	PF_HYLINK	XXXXXX
platform-const	socket	Socket::Constants	::	PF_IMPLINK	XXXXXX
platform-const	socket	Socket::Constants	::	PF_ISO	XXXXXX
platform-const	socket	Socket::Constants	::	PF_LAT	XXXXXX
platform-const	socket	Socket::Constants	::	PF_LINK	XXXXXX
platform-const	socket	Socket::Constants	::	PF_NATM	XXXXXX
platform-const	socket	Socket::Constants	::	PF_NDRV	XXXXXX
platform-const	socket	Socket::Constants	::	PF_NETBIOS	XXXXXX
platform-const	socket	Socket::Constants	::	PF_NETGRAPH	XXXXXX
platform-const	socket	Socket::Constants	::	PF_NS	XXXXXX
platform-const	socket	Socket::Constants	::	PF_OSI	XXXXXX
platform-const	socket	Socket::Constants	::	PF_PIP	XXXXXX
platform-const	socket	Socket::Constants	::	PF_PPP	XXXXXX
platform-const	socket	Socket::Constants	::	PF_PUP	XXXXXX
platform-const	socket	Socket::Constants	::	PF_RTIP	XXXXXX
platform-const	socket	Socket::Constants	::	PF_SIP	XXXXXX
platform-const	socket	Socket::Constants	::	PF_SYSTEM	XXXXXX
platform-const	socket	Socket::Constants	::	PF_XTP	XXXXXX
platform-const	socket	Socket::Constants	::	SCM_BINTIME	XXXXXX
platform-const	socket	Socket::Constants	::	SCM_CREDS	XXXXXX
platform-const	socket	Socket::Constants	::	SCM_UCRED	XXXXXX
platform-const	socket	Socket::Constants	::	SOL_ATALK	XXXXXX
platform-const	socket	Socket::Constants	::	SOL_AX25	XXXXXX
platform-const	socket	Socket::Constants	::	SOL_IPX	XXXXXX
platform-const	socket	Socket::Constants	::	SOPRI_BACKGROUND	XXXXXX
platform-const	socket	Socket::Constants	::	SOPRI_INTERACTIVE	XXXXXX
platform-const	socket	Socket::Constants	::	SOPRI_NORMAL	XXXXXX
platform-const	socket	Socket::Constants	::	SO_ACCEPTFILTER	XXXXXX
platform-const	socket	Socket::Constants	::	SO_ALLZONES	XXXXXX
platform-const	socket	Socket::Constants	::	SO_BINTIME	XXXXXX
platform-const	socket	Socket::Constants	::	SO_DONTTRUNC	XXXXXX
platform-const	socket	Socket::Constants	::	SO_MAC_EXEMPT	XXXXXX
platform-const	socket	Socket::Constants	::	SO_NKE	XXXXXX
platform-const	socket	Socket::Constants	::	SO_NOSIGPIPE	XXXXXX
platform-const	socket	Socket::Constants	::	SO_NREAD	XXXXXX
platform-const	socket	Socket::Constants	::	SO_RECVUCRED	XXXXXX
platform-const	socket	Socket::Constants	::	SO_USELOOPBACK	XXXXXX
platform-const	socket	Socket::Constants	::	SO_WANTMORE	XXXXXX
platform-const	socket	Socket::Constants	::	SO_WANTOOBFLAG	XXXXXX
platform-const	socket	Socket::Constants	::	TCP_NOOPT	XXXXXX
platform-const	socket	Socket::Constants	::	TCP_NOPUSH	XXXXXX
