name	type
base64/Base64	
base64/Base64__Deprecated	
bigdecimal/BigDecimal	
bigdecimal/BigMath	
cgi/core/CGI	
cgi/core/CGI__InvalidEncoding	
cgi/core/CGI__QueryExtension	
cgi/core/CGI__QueryExtension__Value	
csv/Array	
csv/CSV	
csv/CSV__FieldInfo	
csv/CSV__MalformedCSVError	
csv/CSV__Row	
csv/CSV__Table	
csv/String	
date/Date	
date/DateTime	
date/Time	
dbm/DBM	
dbm/DBMError	
delegate/SimpleDelegator	
digest/Digest	
digest/Digest__Base	
digest/Digest__Class	
digest/Digest__Instance	
digest/Kernel	
drb/DRbIdConv	
drb/DRbObject	
drb/DRbProtocol	
drb/DRbServer	
drb/DRbUNIXSocket	
drb/DRbUndumped	
drb/DRbUnknown	
drb/start-service	(no front matter)
e2mmap/Exception2MessageMapper	
e2mmap/Exception2MessageMapper__ErrNotRegisteredException	
enumerator	(no front matter)
etc/Etc	
etc/Etc__Group	
etc/Etc__Passwd	
etc/IO	
fiddle/1.9/fiddle.lib	(no front matter)
fiddle/2.0/Fiddle	
fiddle/2.0/Fiddle__CStruct	
fiddle/2.0/Fiddle__Function	
fiddle/2.0/Fiddle__Handle	
fiddle/2.0/Fiddle__Importer	
fiddle/2.0/Fiddle__MemoryView	
fiddle/2.0/Fiddle__Pointer	
fiddle/2.0/callargs	(no front matter)
fiddle/2.0/fiddle.lib	(no front matter)
fiddle/2.0/import	
fiddle/2.0/types	(no front matter)
fileutils/FileUtils	
fileutils/FileUtils__DryRun	
fileutils/FileUtils__NoWrite	
fileutils/FileUtils__Verbose	
gdbm/GDBM	
gdbm/GDBMError	
gdbm/GDBMFatalError	
irb/cmd/load/IRB__ExtendCommand__Load	
irb/cmd/load/IRB__ExtendCommand__Require	
irb/cmd/load/IRB__ExtendCommand__Source	
irb/ext/save-history/IRB__Context	
irb/ext/save-history/IRB__HistorySavingAbility	
irb/input-method/IRB	
irb/input-method/IRB__FileInputMethod	
irb/input-method/IRB__InputMethod	
irb/input-method/IRB__ReadlineInputMethod	
irb/input-method/IRB__RelineInputMethod	
irb/input-method/IRB__StdioInputMethod	
json/Array	
json/Class	
json/FalseClass	
json/Float	
json/Hash	
json/Integer	
json/JSON	
json/JSON__CircularDatastructure	
json/JSON__Coder	
json/JSON__GeneratorError	
json/JSON__Generator__GeneratorMethods__Array	
json/JSON__Generator__GeneratorMethods__FalseClass	
json/JSON__Generator__GeneratorMethods__Float	
json/JSON__Generator__GeneratorMethods__Hash	
json/JSON__Generator__GeneratorMethods__Integer	
json/JSON__Generator__GeneratorMethods__NilClass	
json/JSON__Generator__GeneratorMethods__Object	
json/JSON__Generator__GeneratorMethods__String	
json/JSON__Generator__GeneratorMethods__String__Extend	
json/JSON__Generator__GeneratorMethods__TrueClass	
json/JSON__JSONError	
json/JSON__MissingUnicodeSupport	
json/JSON__NestingError	
json/JSON__Parser	
json/JSON__ParserError	
json/JSON__State	
json/Kernel	
json/NilClass	
json/Object	
json/String	
json/TrueClass	
logger/Logger	
logger/Logger__Application	
logger/Logger__Error	
logger/Logger__Formatter	
logger/Logger__LogDevice	
logger/Logger__LogDevice__LogDeviceMutex	
logger/Logger__Severity	
logger/Logger__ShiftingError	
matrix/Matrix	
matrix/Matrix__EigenvalueDecomposition	
matrix/Matrix__LUPDecomposition	
matrix/Vector	
matrix/Vector__ZeroVectorError	
minitest/MiniTest__Assertions	
minitest/MiniTest__Unit	
minitest/MiniTest__Unit__TestCase	
monitor/ConditionVariable	
monitor/Monitor	
monitor/MonitorMixin	
net/Net__HTTPAccepted	
net/Net__HTTPAlreadyReported	
net/Net__HTTPBadGateway	
net/Net__HTTPBadRequest	
net/Net__HTTPBadResponse	
net/Net__HTTPClientError	
net/Net__HTTPConflict	
net/Net__HTTPContinue	
net/Net__HTTPCreated	
net/Net__HTTPEarlyHints	
net/Net__HTTPError	
net/Net__HTTPExceptions	
net/Net__HTTPExpectationFailed	
net/Net__HTTPFailedDependency	
net/Net__HTTPFatalError	
net/Net__HTTPForbidden	
net/Net__HTTPFound	
net/Net__HTTPGenericRequest	
net/Net__HTTPGone	
net/Net__HTTPHeaderSyntaxError	
net/Net__HTTPIMUsed	
net/Net__HTTPInformation	
net/Net__HTTPInsufficientStorage	
net/Net__HTTPInternalServerError	
net/Net__HTTPLengthRequired	
net/Net__HTTPLocked	
net/Net__HTTPLoopDetected	
net/Net__HTTPMethodNotAllowed	
net/Net__HTTPMisdirectedRequest	
net/Net__HTTPMovedPermanently	
net/Net__HTTPMultiStatus	
net/Net__HTTPMultipleChoices	
net/Net__HTTPNetworkAuthenticationRequired	
net/Net__HTTPNoContent	
net/Net__HTTPNonAuthoritativeInformation	
net/Net__HTTPNotAcceptable	
net/Net__HTTPNotFound	
net/Net__HTTPNotImplemented	
net/Net__HTTPNotModified	
net/Net__HTTPOK	
net/Net__HTTPPartialContent	
net/Net__HTTPPaymentRequired	
net/Net__HTTPPermanentRedirect	
net/Net__HTTPPreconditionFailed	
net/Net__HTTPPreconditionRequired	
net/Net__HTTPProcessing	
net/Net__HTTPProxyAuthenticationRequired	
net/Net__HTTPRedirection	
net/Net__HTTPRequest	
net/Net__HTTPRequestHeaderFieldsTooLarge	
net/Net__HTTPResetContent	
net/Net__HTTPResponse	
net/Net__HTTPRetriableError	
net/Net__HTTPSeeOther	
net/Net__HTTPServerError	
net/Net__HTTPServerException	
net/Net__HTTPServiceUnavailable	
net/Net__HTTPSuccess	
net/Net__HTTPSwitchProtocol	
net/Net__HTTPTemporaryRedirect	
net/Net__HTTPTooManyRequests	
net/Net__HTTPUnauthorized	
net/Net__HTTPUnavailableForLegalReasons	
net/Net__HTTPUnknownResponse	
net/Net__HTTPUnprocessableEntity	
net/Net__HTTPUnsupportedMediaType	
net/Net__HTTPUpgradeRequired	
net/Net__HTTPUseProxy	
net/Net__HTTPVariantAlsoNegotiates	
net/Net__HTTPVersionNotSupported	
net/Net__HTTP__Copy	
net/Net__HTTP__Delete	
net/Net__HTTP__Get	
net/Net__HTTP__Head	
net/Net__HTTP__Lock	
net/Net__HTTP__Mkcol	
net/Net__HTTP__Move	
net/Net__HTTP__Options	
net/Net__HTTP__Patch	
net/Net__HTTP__Post	
net/Net__HTTP__Propfind	
net/Net__HTTP__Proppatch	
net/Net__HTTP__Put	
net/Net__HTTP__Trace	
net/Net__HTTP__Unlock	
net/http/Net__HTTP	
net/http/Net__HTTPHeader	
net/pop/Net__APOP	
net/pop/Net__POP3	
net/pop/Net__POPAuthenticationError	
net/pop/Net__POPBadResponse	
net/pop/Net__POPError	
net/pop/Net__POPMail	
net/protocol/Net__OpenTimeout	
net/protocol/Net__ProtoAuthError	
net/protocol/Net__ProtoCommandError	
net/protocol/Net__ProtoFatalError	
net/protocol/Net__ProtoRetriableError	
net/protocol/Net__ProtoServerError	
net/protocol/Net__ProtoSyntaxError	
net/protocol/Net__ProtoUnknownError	
net/protocol/Net__ProtocolError	
net/protocol/Net__WriteTimeout	
net/smtp/Net__SMTP	
net/smtp/Net__SMTPAuthenticationError	
net/smtp/Net__SMTPError	
net/smtp/Net__SMTPFatalError	
net/smtp/Net__SMTPServerBusy	
net/smtp/Net__SMTPSyntaxError	
net/smtp/Net__SMTPUnknownError	
net/smtp/Net__SMTPUnsupportedCommand	
net/smtp/Net__SMTP__Response	
open-uri/Kernel	
open-uri/OpenURI	
open-uri/OpenURI__HTTPError	
open-uri/OpenURI__Meta	
open-uri/OpenURI__OpenRead	
open-uri/URI	
open-uri/URI__FTP	
open-uri/URI__HTTP	
openssl/ASN1	
openssl/ASN1__ASN1Data	
openssl/ASN1__ObjectId	
openssl/ASN1__Primitive	
openssl/Cipher	
openssl/Digest	
openssl/Digest__Digest	
openssl/Engine	
openssl/HMAC	
openssl/Integer	
openssl/Netscape__SPKI	
openssl/OCSP	
openssl/OpenSSL__ASN1__Constructive	
openssl/OpenSSL__ASN1__Sequence	
openssl/OpenSSL__ASN1__Set	
openssl/OpenSSL__BN	
openssl/OpenSSL__BNError	
openssl/OpenSSL__Buffering	
openssl/OpenSSL__Config	
openssl/OpenSSL__ConfigError	
openssl/OpenSSL__PKCS7	
openssl/OpenSSL__PKCS7__PKCS7	
openssl/OpenSSL__PKCS7__PKCS7Error	
openssl/OpenSSL__PKCS7__RecipientInfo	
openssl/OpenSSL__PKCS7__SignerInfo	
openssl/OpenSSL__SSL__SSLSocket	
openssl/OpenSSL__SSL__SocketForwarder	
openssl/PKCS12	
openssl/PKCS5	
openssl/PKey__DH	
openssl/PKey__DSA	
openssl/PKey__EC	
openssl/PKey__PKey	
openssl/PKey__RSA	
openssl/Random	
openssl/SSL	
openssl/SSL__SSLContext	
openssl/SSL__SSLServer	
openssl/SSL__Session	
openssl/X509	
openssl/X509__Attribute	
openssl/X509__CRL	
openssl/X509__Certificate	
openssl/X509__Extension	
openssl/X509__ExtensionFactory	
openssl/X509__Name	
openssl/X509__Request	
openssl/X509__Revoked	
openssl/X509__Store	
openssl/X509__StoreContext	
optparse/Arguable	
optparse/OptionParser	
optparse/OptionParser__Switch	
optparse/optparse-tut	(no front matter)
prime/Integer	
prime/Prime	
prime/Prime__EratosthenesGenerator	
prime/Prime__Generator23	
prime/Prime__PseudoPrimeGenerator	
prime/Prime__TrialDivisionGenerator	
prism/Comment	
prism/LexResult	
prism/Location	
prism/MagicComment	
prism/Node	
prism/ParseError	
prism/ParseLexResult	
prism/ParseResult	
prism/ParseWarning	
prism/Result	
prism/Source	
prism/Token	
psych/Psych__Handler	
psych/Psych__Nodes	
psych/Psych__Nodes__Alias	
psych/Psych__Nodes__Document	
psych/Psych__Nodes__Mapping	
psych/Psych__Nodes__Node	
psych/Psych__Nodes__Scalar	
psych/Psych__Nodes__Sequence	
psych/Psych__Nodes__Stream	
psych/Psych__Parser	
psych/Psych__ScalarScanner	
psych/Psych__Stream	
psych/Psych__TreeBuilder	
psych/Psych__Visitors	
psych/core_ext	
psych/dump_options	(no front matter)
ractor/ClosedError	
ractor/Error	
ractor/IsolationError	
ractor/MovedError	
ractor/MovedObject	
ractor/Port	
ractor/RemoteError	
ractor/UnsafeError	
rake/FileUtils	
rake/Kernel	
rake/Module	
rake/Rake	
rake/RakeFileUtils	
rake/Rake__Application	
rake/Rake__Cloneable	
rake/Rake__DefaultLoader	
rake/Rake__EarlyTime	
rake/Rake__FileCreationTask	
rake/Rake__FileList	
rake/Rake__FileTask	
rake/Rake__InvocationChain	
rake/Rake__MultiTask	
rake/Rake__NameSpace	
rake/Rake__Task	
rake/Rake__TaskArguments	
rake/Rake__TaskManager	
rake/String	
rake/glossary	(no front matter)
rdoc/RDoc	
rdoc/RDoc__Alias	
rdoc/RDoc__AnonClass	
rdoc/RDoc__AnyMethod	
rdoc/RDoc__Attr	
rdoc/RDoc__ClassModule	
rdoc/RDoc__CodeObject	
rdoc/RDoc__Constant	
rdoc/RDoc__Context	
rdoc/RDoc__Context__Section	
rdoc/RDoc__Error	
rdoc/RDoc__GhostMethod	
rdoc/RDoc__Include	
rdoc/RDoc__KNOWN_CLASSES	
rdoc/RDoc__MetaMethod	
rdoc/RDoc__NormalClass	
rdoc/RDoc__NormalModule	
rdoc/RDoc__RDoc	
rdoc/RDoc__Require	
rdoc/RDoc__SingleClass	
rdoc/RDoc__Stats	
rdoc/RDoc__TopLevel	
rdoc/RDoc__constants	(no front matter)
rdoc/markup/simple_markup	(no front matter)
rdoc/parsers/parse_c	
rdoc/parsers/parse_f95	
rdoc/parsers/parse_rb	
rdoc/parsers/parse_simple	
rdoc/parsers/parserfactory	
rdoc/tokenstream	(no front matter)
readline/Readline	
readline/Readline__HISTORY	
reline/Reline__Face	
reline/Reline__HISTORY	
rexml/REXML__Attributes	
rexml/REXML__Declaration	
rexml/REXML__DocType	
rexml/REXML__Element	
rexml/REXML__ElementDecl	
rexml/REXML__Elements	
rexml/REXML__Entity	
rexml/REXML__EntityConst	
rexml/REXML__ExternalEntity	
rexml/REXML__IOSource	
rexml/REXML__NotationDecl	
rexml/REXML__Source	
rexml/REXML__SourceFactory	
rexml/attlistdecl	
rexml/attribute	
rexml/cdata	
rexml/child	
rexml/comment	
rexml/context	(no front matter)
rexml/dtd/attlistdecl	(no front matter)
rexml/dtd/dtd	(no front matter)
rexml/dtd/elementdecl	(no front matter)
rexml/dtd/entitydecl	(no front matter)
rexml/dtd/notationdecl	(no front matter)
rexml/encoding	
rexml/formatters/default	
rexml/formatters/pretty	
rexml/formatters/transitive	
rexml/functions	
rexml/instruction	
rexml/light/node	(no front matter)
rexml/namespace	
rexml/node	
rexml/output	
rexml/parent	
rexml/parseexception	
rexml/parsers/baseparser	
rexml/parsers/lightparser	(no front matter)
rexml/parsers/pullparser/REXML__Parsers__PullEvent	
rexml/parsers/pullparser/REXML__Parsers__PullParser	
rexml/parsers/treeparser	
rexml/parsers/xpathparser	
rexml/rexml	
rexml/security	
rexml/text	
rexml/undefinednamespaceexception	
rexml/validation/relaxng	(no front matter)
rexml/validation/validation	(no front matter)
rexml/validation/validationexception	(no front matter)
rexml/xmldecl	
rexml/xmltokens	
rexml/xpath	
rinda/Rinda__DRbObjectTemplate	
rinda/Rinda__InvalidHashTupleKey	
rinda/Rinda__RequestCanceledError	
rinda/Rinda__RequestExpiredError	
rinda/Rinda__RindaError	
rinda/Rinda__SimpleRenewer	
rinda/Rinda__Template	
rinda/Rinda__Tuple	
rinda/Rinda__TupleEntry	
rinda/Rinda__TupleSpace	
rinda/Rinda__TupleSpaceProxy	
rss/2.0	
rss/Parser	
rss/RSS__BaseTrackBackModel	
rss/RSS__DublinCoreModel	
rss/RSS__ImageFaviconModel	
rss/RSS__ImageFaviconModel__ImageFavicon	
rss/RSS__ImageItemModel	
rss/RSS__ImageItemModel__ImageItem	
rss/RSS__ImageModelUtils	
rss/RSS__RDF	
rss/RSS__RDF__Channel	
rss/RSS__RDF__Channel__Image	
rss/RSS__RDF__Channel__ImageFavicon	
rss/RSS__RDF__Channel__Items	
rss/RSS__RDF__Channel__Textinput	
rss/RSS__RDF__Image	
rss/RSS__RDF__Item	
rss/RSS__RDF__Textinput	
rss/RSS__Rss	
rss/RSS__Rss__Channel	
rss/RSS__Rss__Channel__Cloud	
rss/RSS__Rss__Channel__Image	
rss/RSS__Rss__Channel__Item	
rss/RSS__Rss__Channel__Item__Category	
rss/RSS__Rss__Channel__Item__Enclosure	
rss/RSS__Rss__Channel__Item__Source	
rss/RSS__Rss__Channel__TextInput	
rss/RSS__Rss__SkipDays	
rss/RSS__Rss__SkipHours	
rss/RSS__TaxonomyTopicModel	
rss/RSS__TaxonomyTopicModel__TaxonomyTopic	
rss/RSS__TaxonomyTopicsModel	
rss/RSS__TaxonomyTopicsModel__TaxonomyTopics	
rss/RSS__TrackBackModel10	
rss/RSS__TrackBackModel10__TrackBackAbout	
rss/RSS__TrackBackModel10__TrackBackPing	
rss/RSS__TrackBackModel20	
rss/RSS__TrackBackModel20__TrackBackAbout	
rss/RSS__TrackBackModel20__TrackBackPing	
rss/Tutorial	(no front matter)
rss/XMLStyleSheet	
rss/content	
rss/dublincore	
rss/maker/Channel	
rss/maker/Cloud	(no front matter)
rss/maker/DublinCore	(no front matter)
rss/maker/Image	
rss/maker/Maker	
rss/maker/RSS__Maker__Base	
rss/maker/RSS__Maker__ChannelBase__CategoriesBase	
rss/maker/RSS__Maker__ChannelBase__CategoriesBase__CategoryBase	
rss/maker/RSS__Maker__ChannelBase__SkipHoursBase	
rss/maker/RSS__Maker__ChannelBase__SkipHoursBase__HourBase	
rss/maker/RSS__Maker__ItemsBase	
rss/maker/RSS__Maker__ItemsBase__ItemBase	
rss/maker/RSS__Maker__ItemsBase__ItemBase__CategoriesBase	
rss/maker/RSS__Maker__ItemsBase__ItemBase__EnclosureBase	
rss/maker/RSS__Maker__ItemsBase__ItemBase__GuidBase	
rss/maker/RSS__Maker__ItemsBase__ItemBase__SourceBase	
rss/maker/RSS__Maker__RSS09__Channel__Categories	
rss/maker/RSS__Maker__RSS09__Channel__Categories__Category	
rss/maker/RSS__Maker__RSS09__Channel__SkipHours	
rss/maker/RSS__Maker__RSS09__Channel__SkipHours__Hour	
rss/maker/RSS__Maker__RSS09__Items	
rss/maker/RSS__Maker__RSS09__Items__Item	
rss/maker/RSS__Maker__RSS09__Items__Item__Categories	
rss/maker/RSS__Maker__RSS09__Items__Item__Enclosure	
rss/maker/RSS__Maker__RSS09__Items__Item__Guid	
rss/maker/RSS__Maker__RSS09__Items__Item__Source	
rss/maker/RSS__Maker__RSS10__Channel__Categories	
rss/maker/RSS__Maker__RSS10__Channel__Categories__Category	
rss/maker/RSS__Maker__RSS10__Items	
rss/maker/RSS__Maker__RSS10__Items__Item	
rss/maker/RSS__Maker__RSS20__Channel__Categories	
rss/maker/RSS__Maker__RSS20__Channel__Categories__Category	
rss/maker/RSS__Maker__RSS20__Channel__SkipHours	
rss/maker/RSS__Maker__RSS20__Channel__SkipHours__Hour	
rss/maker/RSS__Maker__RSS20__Items	
rss/maker/RSS__Maker__RSS20__Items__Item	
rss/maker/RSS__Maker__RSS20__Items__Item__Categories	
rss/maker/RSS__Maker__RSS20__Items__Item__Enclosure	
rss/maker/RSS__Maker__RSS20__Items__Item__Guid	
rss/maker/RSS__Maker__RSS20__Items__Item__Source	
rss/maker/SkipDays	
rss/maker/Textinput	
rss/maker/XMLStyleSheet	
rss/syndication	
rubygems/commands/common_options	(no front matter)
rubygems/commands/local_remote_options	(no front matter)
rubygems/installer/Gem__Installer	
rubygems/installer/Gem__Installer__ExtensionBuildError	
rubygems/package/tar_reader/Gem__Package__TarReader	
rubygems/package/tar_reader/Gem__Package__TarReader__UnexpectedEOF	
rubygems/remote_fetcher/Gem__RemoteFetcher	
rubygems/remote_fetcher/Gem__RemoteFetcher__FetchError	
rubygems/user_interaction/Gem__ConsoleUI	
rubygems/user_interaction/Gem__DefaultUserInteraction	
rubygems/user_interaction/Gem__SilentUI	
rubygems/user_interaction/Gem__StreamUI	
rubygems/user_interaction/Gem__StreamUI__SilentProgressReporter	
rubygems/user_interaction/Gem__StreamUI__SimpleProgressReporter	
rubygems/user_interaction/Gem__StreamUI__VerboseProgressReporter	
rubygems/user_interaction/Gem__UserInteraction	
rubygems/version/Gem__Version	
scanf/Scanf__FormatSpecifier	
scanf/Scanf__FormatString	
set/Enumerable	
set/Set	
set/SortedSet	
shell/builtincommands	(no front matter)
shell/error/Shell__Error	
shell/error/Shell__Error__CantApplyMethod	
shell/error/Shell__Error__CantDefine	
shell/error/Shell__Error__CommandNotFound	
shell/error/Shell__Error__DirStackEmpty	
socket/Addrinfo	
socket/BasicSocket	
socket/IPSocket	
socket/SOCKSSocket	
socket/Socket	
socket/SocketError	
socket/Socket__AncillaryData	
socket/Socket__Constants	
socket/Socket__Ifaddr	
socket/Socket__Option	
socket/Socket__UDPSource	
socket/TCPServer	
socket/TCPSocket	
socket/UDPSocket	
socket/UNIXServer	
socket/UNIXSocket	
socket/constants	(no front matter)
sync/Sync	
sync/Sync_m	
sync/Sync_m__Err	
sync/Sync_m__LockModeFailer	
sync/Sync_m__UnknownLocker	
syslog/Syslog	
syslog/Syslog__Constants	
thread/ConditionVariable	
thread/Mutex	
thread/Queue	
thread/SizedQueue	
thwait/ThreadsWait	
thwait/ThreadsWait__ErrNoFinishedThread	
thwait/ThreadsWait__ErrNoWaitingThread	
timeout/Kernel	
timeout/Timeout	
uri/FTP	
uri/Generic	
uri/HTTP	
uri/LDAP	
uri/LDAPS	
uri/MailTo	
uri/URI	
win32/registry/Win32__Registry	
win32/registry/Win32__Registry__API	
win32/registry/Win32__Registry__Constants	
win32/registry/Win32__Registry__Error	
win32/registry/Win32__Registry__PredefinedKey	
win32ole/WIN32OLE	
win32ole/WIN32OLE_EVENT	
win32ole/WIN32OLE_METHOD	
win32ole/WIN32OLE_PARAM	
win32ole/WIN32OLE_RECORD	
win32ole/WIN32OLE_TYPE	
win32ole/WIN32OLE_TYPELIB	
win32ole/WIN32OLE_VARIABLE	
win32ole/WIN32OLE_VARIANT	
yaml/basenode	
yaml/constants	(no front matter)
yaml/error	(no front matter)
yaml/rubytypes	
yaml/stream	(no front matter)
yaml/stringio	(no front matter)
yaml/tag	(no front matter)
yaml/yamlnode	
yaml/ypath	(no front matter)
zlib/Deflate	
zlib/Error	
zlib/GzipFile	
zlib/GzipFile__Error	
zlib/GzipReader	
zlib/GzipWriter	
zlib/Inflate	
zlib/ZStream	
zlib/Zlib	
