English	ok
abbrev	ok
base64	ok
benchmark	ok
bigdecimal	ok
bigdecimal/jacobian	ok
bigdecimal/ludcmp	ok
bigdecimal/math	ok
bigdecimal/newton	ok
bigdecimal/util	ok
bundler	ok
cgi	ok
cgi/cookie	ok
cgi/core	ok
cgi/html	ok
cgi/session	ok
cgi/session/pstore	ok
cgi/util	ok
continuation	ok
coverage	ok
csv	ok
date	ok
dbm	loaderr
delegate	ok
did_you_mean	ok
digest	ok
digest/bubblebabble	ok
digest/md5	ok
digest/rmd160	ok
digest/sha1	ok
digest/sha2	ok
drb	ok
drb/acl	ok
drb/extserv	ok
drb/extservm	ok
drb/gw	ok
drb/observer	ok
drb/ssl	ok
drb/timeridconv	ok
drb/unix	ok
erb	ok
etc	ok
expect	ok
fcntl	ok
fiber	ok
fiddle	loaderr
fiddle/import	loaderr
fiddle/types	ok
fileutils	ok
find	ok
forwardable	ok
gdbm	ok
getoptlong	ok
io/console	ok
io/console/size	ok
io/nonblock	ok
io/wait	ok
ipaddr	ok
irb	ok
irb/cmd/chws	ok
irb/cmd/help	ok
irb/cmd/load	ok
irb/cmd/nop	ok
irb/cmd/pushws	ok
irb/cmd/subirb	err:NoMethodError
irb/color	ok
irb/completion	ok
irb/context	ok
irb/easter-egg	ok
irb/ext/change-ws	ok
irb/ext/history	err:NameError
irb/ext/loader	ok
irb/ext/multi-irb	err:NoMethodError
irb/ext/save-history	ok
irb/ext/tracer	err:NameError
irb/ext/use-loader	err:NoMethodError
irb/ext/workspaces	ok
irb/extend-command	err:NameError
irb/frame	ok
irb/help	ok
irb/init	ok
irb/input-method	ok
irb/inspector	ok
irb/locale	ok
irb/magic-file	ok
irb/notifier	ok
irb/output-method	ok
irb/ruby-lex	ok
irb/src_encoding	ok
irb/version	ok
irb/workspace	ok
irb/ws-for-case-2	err:NameError
irb/xmp	ok
json	ok
json/add/bigdecimal	ok
json/add/complex	ok
json/add/core	ok
json/add/date	ok
json/add/date_time	ok
json/add/exception	ok
json/add/ostruct	ok
json/add/range	ok
json/add/rational	ok
json/add/regexp	ok
json/add/struct	ok
json/add/symbol	ok
json/add/time	ok
kconv	ok
logger	ok
matrix	ok
minitest/autorun	ok
minitest/mock	ok
minitest/spec	ok
minitest/unit	ok
mkmf	ok
monitor	ok
mutex_m	ok
net/ftp	ok
net/http	ok
net/https	ok
net/imap	ok
net/pop	ok
net/protocol	ok
net/smtp	ok
nkf	ok
objspace	ok
observer	ok
open-uri	ok
open3	ok
openssl	ok
optparse	ok
optparse/date	ok
optparse/shellwords	ok
optparse/time	ok
optparse/uri	ok
ostruct	ok
pathname	ok
power_assert	ok
pp	ok
prettyprint	ok
prime	ok
pstore	ok
psych	ok
pty	ok
racc/parser	ok
rake	ok
rake/clean	ok
rake/loaders/makefile	err:NameError
rake/packagetask	ok
rake/rake_test_loader	ok
rake/tasklib	ok
rake/testtask	ok
rbconfig	ok
rbconfig/sizeof	ok
rbs	ok
rdoc	ok
rdoc/alias	err:NameError
rdoc/anon_class	err:NameError
rdoc/any_method	err:NameError
rdoc/attr	err:NameError
rdoc/class_module	err:NameError
rdoc/code_object	err:NameError
rdoc/code_objects	ok
rdoc/constant	err:NameError
rdoc/context	err:NameError
rdoc/generator	err:NameError
rdoc/generator/darkfish	err:NameError
rdoc/generator/json_index	err:NameError
rdoc/generator/markup	err:NameError
rdoc/generator/ri	err:NameError
rdoc/ghost_method	err:NameError
rdoc/include	err:NameError
rdoc/known_classes	ok
rdoc/markdown	err:NameError
rdoc/markdown/entities	err:NameError
rdoc/markup	err:NameError
rdoc/markup/formatter	err:NameError
rdoc/markup/to_ansi	err:NameError
rdoc/markup/to_bs	err:NameError
rdoc/markup/to_html	err:NameError
rdoc/markup/to_html_crossref	err:NameError
rdoc/markup/to_rdoc	err:NameError
rdoc/meta_method	err:NameError
rdoc/normal_class	err:NameError
rdoc/normal_module	err:NameError
rdoc/options	err:NameError
rdoc/parser	err:NameError
rdoc/parser/c	err:NameError
rdoc/parser/changelog	err:NameError
rdoc/parser/markdown	err:NameError
rdoc/parser/rd	err:NameError
rdoc/parser/ruby	err:NameError
rdoc/parser/ruby_tools	err:NameError
rdoc/parser/simple	err:NameError
rdoc/parser/text	err:NameError
rdoc/rdoc.lib	missing
rdoc/require	err:NameError
rdoc/single_class	err:NameError
rdoc/stats	err:NameError
rdoc/text	err:NameError
rdoc/token_stream	err:NameError
rdoc/top_level	err:NameError
readline	ok
reline	ok
resolv	ok
resolv-replace	ok
rexml	ok
rexml/document	ok
rexml/parsers/pullparser	ok
rexml/parsers/sax2parser	ok
rexml/parsers/streamparser	ok
rexml/parsers/ultralightparser	ok
rexml/sax2listener	ok
rexml/streamlistener	ok
rinda/rinda	ok
rinda/tuplespace	ok
ripper	ok
ripper/filter	ok
ripper/lexer	ok
ripper/sexp	ok
rss	ok
rubygems	ok
rubygems/command	ok
rubygems/command_manager	ok
rubygems/commands/build_command	ok
rubygems/commands/cert_command	ok
rubygems/commands/check_command	ok
rubygems/commands/cleanup_command	ok
rubygems/commands/contents_command	ok
rubygems/commands/dependency_command	ok
rubygems/commands/environment_command	ok
rubygems/commands/fetch_command	ok
rubygems/commands/generate_index_command	ok
rubygems/commands/help_command	ok
rubygems/commands/install_command	ok
rubygems/commands/list_command	ok
rubygems/commands/lock_command	ok
rubygems/commands/mirror_command	ok
rubygems/commands/outdated_command	ok
rubygems/commands/pristine_command	ok
rubygems/commands/query_command	ok
rubygems/commands/rdoc_command	ok
rubygems/commands/search_command	ok
rubygems/commands/server_command	ok
rubygems/commands/sources_command	ok
rubygems/commands/specification_command	ok
rubygems/commands/stale_command	ok
rubygems/commands/uninstall_command	ok
rubygems/commands/unpack_command	ok
rubygems/commands/update_command	ok
rubygems/commands/which_command	ok
rubygems/config_file	ok
rubygems/defaults	ok
rubygems/dependency	ok
rubygems/dependency_installer	ok
rubygems/dependency_list	ok
rubygems/exceptions	ok
rubygems/ext	ok
rubygems/ext/builder	err:NameError
rubygems/ext/configure_builder	err:NameError
rubygems/ext/ext_conf_builder	err:NameError
rubygems/ext/rake_builder	err:NameError
rubygems/gem_runner	ok
rubygems/indexer	ok
rubygems/install_update_options	ok
rubygems/installer	ok
rubygems/local_remote_options	ok
rubygems/package	ok
rubygems/package/tar_header	err:NameError
rubygems/package/tar_reader	err:NameError
rubygems/package/tar_reader/entry	err:NameError
rubygems/package/tar_writer	err:NameError
rubygems/platform	ok
rubygems/remote_fetcher	ok
rubygems/requirement	ok
rubygems/security	ok
rubygems/server	ok
rubygems/spec_fetcher	ok
rubygems/specification	ok
rubygems/uninstaller	ok
rubygems/user_interaction	ok
rubygems/validator	ok
rubygems/version	ok
rubygems/version_option	ok
securerandom	ok
set	ok
shellwords	ok
singleton	ok
socket	ok
stringio	ok
strscan	ok
syslog	ok
syslog/logger	ok
tempfile	ok
test/unit	ok
thread	ok
time	ok
timeout	ok
tmpdir	ok
tracer	ok
tsort	ok
typeprof	ok
un	ok
uri	ok
weakref	ok
win32/registry	missing
win32/resolv	missing
win32ole	missing
yaml	ok
yaml/dbm	loaderr
yaml/store	ok
zlib	ok
